t_start_ms,i,o,h,l,c,v,n
1760835055000,RB2501,2999.84,3008.86,2992.41,3005.58,14868,298
1760835055000,HC2501,2999.79,2999.94,2988.96,2998.53,15681,298
t_start_ms,i,o,h,l,c,v,n
1760857945000,RB2501,3000.04,3001.18,2997.57,3001.18,1482,28
1760857945000,HC2501,3000.19,3000.43,2994.84,2996,1475,28
1760857950000,RB2501,3000.73,3003.96,2991.5,3001.63,15884,320
1760857950000,HC2501,2995.09,3000.4,2987.15,2989.52,16325,320
1760857955000,RB2501,3002.29,3010.11,2998.89,3006.87,16134,319
1760857955000,HC2501,2988.91,2990.64,2978.77,2981.28,15921,319
t_start_ms,i,o,h,l,c,v,n
1760857975000,RB2501,2999.74,3010.35,2996.58,3006.46,7473,149
1760857975000,HC2501,3000.98,3000.98,2991.78,2993.64,7752,149
1760857980000,RB2501,3006.39,3010.11,3000.69,3000.84,16224,316
1760857980000,HC2501,2993.85,3013.35,2990.36,3007.39,15718,316
1760857985000,RB2501,3000.96,3020.41,2997.95,3018.09,16124,321
1760857985000,HC2501,3008.28,3014.05,2997.22,3011.02,16304,321
1760857990000,RB2501,3018.28,3024.75,3011.87,3024.08,16554,320
1760857990000,HC2501,3011,3024.19,3006.1,3007.02,16451,320
1760857995000,RB2501,3024.5,3032.58,3021.11,3032.56,15536,316
1760857995000,HC2501,3006.72,3011.43,2987.84,2989.01,15818,316
1760858000000,RB2501,3032.7,3048.32,3030.77,3047.32,16821,319
1760858000000,HC2501,2989.87,2990.75,2969.51,2970.29,15950,319
1760858005000,RB2501,3047.64,3057.15,3041.36,3043.39,15886,318
1760858005000,HC2501,2969.91,2975.11,2953.01,2955.57,16421,318
1760858010000,RB2501,3043.93,3043.93,3027.1,3029.1,16008,319
1760858010000,HC2501,2956.23,2965.86,2953.86,2959.72,15943,319
1760858015000,RB2501,3029.99,3034.53,3013.21,3024.35,16315,316
1760858015000,HC2501,2959.9,2962.38,2940.56,2944.99,16246,316
1760858020000,RB2501,3023.78,3039.48,3021.48,3033.68,16059,319
1760858020000,HC2501,2945.8,2946.48,2929.54,2931.51,15479,319
1760858025000,RB2501,3032.71,3042.28,3025.33,3028.01,15598,316
1760858025000,HC2501,2932.36,2941.54,2930.76,2941.54,16408,316
1760858030000,RB2501,3028.14,3033.62,3021.66,3033.49,15895,315
1760858030000,HC2501,2940.59,2944.9,2929.56,2939.54,16181,315
1760858035000,RB2501,3033.98,3040.98,3017.15,3021.95,16083,317
1760858035000,HC2501,2939.88,2940.33,2928.32,2933.24,15987,317
1760858040000,RB2501,3020.98,3026.96,3016.94,3026.04,15875,316
1760858040000,HC2501,2934.05,2943.47,2926.09,2942.52,15922,316
1760858045000,RB2501,3025.31,3051.22,3024.01,3045.51,16426,315
1760858045000,HC2501,2943.18,2944.69,2932.79,2934.43,16066,315
1760858050000,RB2501,3046.3,3058.32,3044.18,3055.09,15972,319
1760858050000,HC2501,2935.2,2949.34,2932.07,2942.59,15918,319
1760858055000,RB2501,3054.27,3057.33,3042.2,3051.47,15697,316
1760858055000,HC2501,2943.15,2950.46,2938.17,2947.44,16488,316
1760858060000,RB2501,3050.59,3064.96,3049.04,3064.34,16045,318
1760858060000,HC2501,2946.64,2952.74,2935.2,2945.52,16560,318
1760858065000,RB2501,3063.95,3073.17,3051.59,3055.32,15978,317
1760858065000,HC2501,2945.02,2945.92,2924.2,2931.89,16187,317
1760858070000,RB2501,3055.48,3067.25,3053.78,3062.88,15993,311
1760858070000,HC2501,2931.43,2935.96,2928.8,2933.44,15833,311
1760858075000,RB2501,3063.46,3065.67,3051.51,3057.57,16678,316
1760858075000,HC2501,2932.59,2953.15,2932.54,2937.45,15496,316
1760858080000,RB2501,3058.06,3061.5,3053.52,3058.52,16929,318
1760858080000,HC2501,2936.72,2942.27,2917.28,2917.67,16128,318
1760858085000,RB2501,3057.64,3073.76,3053.34,3072,16022,316
1760858085000,HC2501,2918.01,2922.63,2909.07,2921.59,16873,316
1760858090000,RB2501,3071.96,3101.78,3070.45,3092.07,15826,319
1760858090000,HC2501,2920.87,2924.08,2901.43,2902.44,15924,319
1760858095000,RB2501,3091.51,3112.35,3088.7,3104.69,15708,315
1760858095000,HC2501,2902.28,2911.75,2897.64,2898.45,16506,315
1760858100000,RB2501,3103.79,3103.98,3081.75,3084.1,16665,316
1760858100000,HC2501,2897.56,2917.79,2894.41,2916.7,16121,316
1760858105000,RB2501,3084.77,3098.78,3080.4,3086.87,15873,314
1760858105000,HC2501,2916.74,2921.38,2913.19,2916.94,15988,314
1760858110000,RB2501,3086.72,3091.02,3080.89,3082.12,16221,316
1760858110000,HC2501,2917.92,2933.79,2914.43,2933.79,15967,316
1760858115000,RB2501,3081.92,3085.93,3070.99,3074.35,15831,318
1760858115000,HC2501,2933.29,2941.44,2927.03,2938.35,16059,318
1760858120000,RB2501,3073.58,3083.53,3069.13,3074.05,16744,318
1760858120000,HC2501,2938.09,2946.92,2935.95,2946.92,16211,318
1760858125000,RB2501,3074.28,3078.96,3067.87,3072.82,15645,319
1760858125000,HC2501,2947.49,2953.28,2941.27,2947.54,15957,319
1760858130000,RB2501,3073.45,3085.25,3064.86,3083.82,16176,316
1760858130000,HC2501,2947.45,2948.73,2936.9,2944.44,16170,316
1760858135000,RB2501,3084.16,3087.78,3077.59,3081.4,15853,315
1760858135000,HC2501,2945.01,2961.57,2944.09,2959.09,16054,315
1760858140000,RB2501,3081.07,3095.03,3079.17,3090.88,16214,318
1760858140000,HC2501,2960.04,2967.88,2958.09,2960.08,15589,318
1760858145000,RB2501,3091.3,3095.86,3077.54,3079.43,16383,318
1760858145000,HC2501,2960.91,2973.11,2958.16,2965.01,16145,318
1760858150000,RB2501,3078.54,3081.7,3062.84,3074.25,15752,316
1760858150000,HC2501,2964.57,2981.64,2963.12,2978.05,15331,316
1760858155000,RB2501,3073.34,3080.15,3071.68,3076.43,16672,319
1760858155000,HC2501,2978.35,2978.99,2956.34,2956.94,16718,319
1760858160000,RB2501,3076.26,3083.88,3070.31,3071.07,15797,314
1760858160000,HC2501,2956.2,2964.22,2953.39,2962.69,15934,314
1760858165000,RB2501,3071.5,3074.42,3044.34,3053.8,16370,320
1760858165000,HC2501,2963.65,2972.51,2953.71,2972.51,15849,320
1760858170000,RB2501,3054.15,3063.36,3050.73,3056.17,15477,315
1760858170000,HC2501,2972.82,2981.89,2971.43,2977.46,15398,315
1760858175000,RB2501,3056.8,3062.79,3050.64,3058.11,15582,314
1760858175000,HC2501,2978.29,2988.84,2975.86,2982.53,15945,314
1760858180000,RB2501,3058.62,3063.59,3053.46,3063.59,16081,315
1760858180000,HC2501,2982.1,2987.82,2969.63,2975.68,15552,315
1760858185000,RB2501,3063.69,3066.72,3044.71,3047.16,16072,315
1760858185000,HC2501,2975.8,2984.93,2971.11,2984.69,16141,315
1760858190000,RB2501,3047.47,3061.34,3046.81,3060.37,15776,314
1760858190000,HC2501,2985.54,2986.52,2976.28,2981.12,15725,314
1760858195000,RB2501,3061.19,3063.49,3049.29,3049.88,16232,319
1760858195000,HC2501,2980.71,2988.93,2973.17,2986.52,16480,319
1760858200000,RB2501,3049.46,3058.04,3045.37,3049.25,16468,320
1760858200000,HC2501,2986.52,2991.61,2981.67,2987.85,16581,320
1760858205000,RB2501,3048.49,3052.63,3035.43,3044.21,16122,315
1760858205000,HC2501,2988.26,2989.22,2977.66,2978.02,15821,315
1760858210000,RB2501,3043.21,3055.12,3039.77,3040.12,15740,318
1760858210000,HC2501,2977.99,2984.46,2971.04,2978.6,16938,318
1760858215000,RB2501,3039.98,3041.36,3028.78,3032.7,15574,314
1760858215000,HC2501,2979.05,2979.05,2966.9,2967.77,16326,314
1760858220000,RB2501,3032.28,3039.97,3028.63,3033.28,16286,317
1760858220000,HC2501,2967.01,2980.26,2965.71,2971.71,15778,317
1760858225000,RB2501,3033.05,3042,3023.47,3026.27,15879,316
1760858225000,HC2501,2971.61,2973.39,2959.35,2967.06,15718,316
1760858230000,RB2501,3027.25,3027.26,3016.7,3021.61,16574,320
1760858230000,HC2501,2967.59,2969.57,2954.63,2963.52,16442,320
1760858235000,RB2501,3022.38,3033.46,3009.11,3011.6,15622,316
1760858235000,HC2501,2963.42,2973.07,2961.5,2963.36,15969,316
1760858240000,RB2501,3012.08,3017.85,3008.22,3008.5,15458,318
1760858240000,HC2501,2963.26,2966.44,2954.53,2954.53,15964,318
1760858245000,RB2501,3007.64,3007.64,2994.71,2995.61,15719,312
1760858245000,HC2501,2954.37,2964.2,2950.8,2961.12,15668,312
1760858250000,RB2501,2995.01,3000.83,2980.46,2981.96,15505,316
1760858250000,HC2501,2961.83,2964.32,2949.89,2951.43,16394,316
1760858255000,RB2501,2981.25,2982.92,2972.54,2978.09,16322,317
1760858255000,HC2501,2951.93,2959.4,2947.09,2947.09,16174,317
1760858260000,RB2501,2977.68,2978.75,2951.77,2955.06,16107,315
1760858260000,HC2501,2946.93,2956.51,2936.86,2942.78,15736,315
1760858265000,RB2501,2954.31,2966.29,2953.6,2965.34,15578,317
1760858265000,HC2501,2943.54,2951.41,2941.91,2945.29,16313,317
1760858270000,RB2501,2965.79,2987.01,2963.82,2981.77,16256,314
1760858270000,HC2501,2945.18,2949.49,2936.54,2936.54,16182,314
1760858275000,RB2501,2982.66,2995.5,2981.74,2992.34,15468,314
1760858275000,HC2501,2937.13,2943.35,2924.62,2924.62,15989,314
1760858280000,RB2501,2991.9,2994.09,2975.63,2977.18,16051,314
1760858280000,HC2501,2925.57,2930.97,2909.61,2912,15948,314
1760858285000,RB2501,2976.95,2979.59,2967.34,2967.52,15595,315
1760858285000,HC2501,2911.17,2929.59,2909.64,2928.97,15435,315
1760858290000,RB2501,2967.77,2977.29,2959.22,2961.81,16352,314
1760858290000,HC2501,2929.33,2938.7,2927.89,2934.5,16198,314
1760858295000,RB2501,2960.91,2970.22,2949.73,2955.9,16533,317
1760858295000,HC2501,2933.93,2946.37,2926.87,2927.1,15780,317
1760858300000,RB2501,2955.83,2987.7,2955.14,2987.7,16158,319
1760858300000,HC2501,2927.84,2939.33,2924.41,2933.9,16491,319
1760858305000,RB2501,2988.1,2992.77,2978.06,2985.41,16544,315
1760858305000,HC2501,2933.44,2945.42,2932.83,2938.98,16602,315
1760858310000,RB2501,2984.42,2984.76,2968.8,2971.61,15780,317
1760858310000,HC2501,2938.13,2941.63,2917.83,2923.02,16015,317
1760858315000,RB2501,2970.62,2986.77,2969.36,2981.26,16514,318
1760858315000,HC2501,2922.66,2925.52,2912.46,2916.39,15978,318
1760858320000,RB2501,2981.05,2992.45,2978.65,2988.77,15699,314
1760858320000,HC2501,2916.46,2923.72,2910.39,2917.92,15921,314
1760858325000,RB2501,2989.36,2989.36,2975.86,2977.37,16532,313
1760858325000,HC2501,2918.55,2938.03,2918.24,2921.14,15818,313
1760858330000,RB2501,2976.4,2977.49,2967.05,2973.85,15736,313
1760858330000,HC2501,2921.36,2936.46,2920.04,2931.19,16319,313
1760858335000,RB2501,2974.52,2992.92,2969.98,2992.25,16514,319
1760858335000,HC2501,2931.61,2931.61,2908.36,2917.04,16776,319
1760858340000,RB2501,2991.63,2994.93,2982.47,2983.43,15963,315
1760858340000,HC2501,2917.25,2926.64,2912.15,2921.53,16325,315
1760858345000,RB2501,2983.28,2996.97,2981.92,2996.97,16160,311
1760858345000,HC2501,2921.49,2925.82,2910.71,2919.81,16151,311
1760858350000,RB2501,2997.9,3002.8,2993.83,2997.35,15977,315
1760858350000,HC2501,2919.28,2942.44,2915.02,2939.82,15944,315
1760858355000,RB2501,2997.01,3001.18,2981.19,2999.48,16166,315
1760858355000,HC2501,2940.04,2950.26,2931.24,2931.24,15830,315
1760858360000,RB2501,2999.48,3006.66,2989.82,2990.02,16001,314
1760858360000,HC2501,2931.17,2944.7,2929.86,2934.36,16613,314
1760858365000,RB2501,2990.58,2991.72,2974.84,2981.1,16129,317
1760858365000,HC2501,2933.66,2946.09,2932.19,2937.76,16024,317
1760858370000,RB2501,2981.44,2999.61,2981.44,2985.61,16371,317
1760858370000,HC2501,2937.63,2940.57,2925.57,2932.59,16337,317
1760858375000,RB2501,2985.79,2991.37,2979.67,2986.97,15968,310
1760858375000,HC2501,2933.37,2937.78,2927.08,2931.46,15510,310
1760858380000,RB2501,2986.07,2995.52,2978.1,2986.56,15902,311
1760858380000,HC2501,2930.84,2933.77,2919.36,2932.08,16238,311
1760858385000,RB2501,2987.38,3003.27,2987.38,2995.3,16318,318
1760858385000,HC2501,2931.63,2949.4,2930.22,2947.95,15568,318
1760858390000,RB2501,2995.13,3003.37,2988.13,3000.37,16302,320
1760858390000,HC2501,2947.47,2953.42,2938.5,2945.95,16388,320
1760858395000,RB2501,3000.76,3013.5,2995.84,3012.75,15795,314
1760858395000,HC2501,2946.75,2951.86,2941.81,2941.81,15938,314
1760858400000,RB2501,3013.7,3029.07,3013.4,3027.21,16153,314
1760858400000,HC2501,2942.1,2950.7,2936.5,2936.7,16298,314
1760858405000,RB2501,3027.57,3034.62,3024.19,3034.62,15323,312
1760858405000,HC2501,2937.19,2956.54,2937.19,2943.26,15216,312
1760858410000,RB2501,3035.45,3036.76,3019.35,3026.53,16893,318
1760858410000,HC2501,2944.14,2944.14,2927.87,2937.2,15632,318
1760858415000,RB2501,3027.15,3031.23,3021.66,3027,16670,312
1760858415000,HC2501,2937.39,2951.02,2936.06,2939.12,15470,312
1760858420000,RB2501,3026.2,3034.89,3022.6,3032.62,16213,316
1760858420000,HC2501,2939.2,2957.17,2938.95,2951.2,16261,316
1760858425000,RB2501,3032.09,3049.2,3030.85,3039.02,16516,321
1760858425000,HC2501,2950.69,2957.02,2939.64,2955.63,16379,321
1760858430000,RB2501,3039.06,3041.01,3019.76,3022.93,15856,316
1760858430000,HC2501,2956.03,2960.28,2950.87,2950.91,16159,316
1760858435000,RB2501,3023.82,3024.41,3005.29,3005.84,15891,318
1760858435000,HC2501,2949.95,2964.1,2948.36,2964.1,15664,318
1760858440000,RB2501,3005.84,3022.22,3004.35,3020.97,15745,318
1760858440000,HC2501,2964.03,2972.52,2959.77,2963.36,15421,318
1760858445000,RB2501,3021.65,3028.03,3016.45,3027.8,16170,315
1760858445000,HC2501,2963.7,2963.7,2951.02,2958.78,15653,315
1760858450000,RB2501,3028.79,3050.53,3022.37,3046.14,16072,314
1760858450000,HC2501,2959.24,2963.58,2946.61,2953.29,15778,314
1760858455000,RB2501,3045.59,3047.22,3026.16,3034.61,16364,315
1760858455000,HC2501,2954.21,2955.87,2948.52,2954.47,16204,315
1760858460000,RB2501,3033.75,3041.58,3031.12,3039.48,16680,317
1760858460000,HC2501,2954.94,2962.16,2950.34,2952.83,16143,317
1760858465000,RB2501,3039.06,3053.52,3037.38,3053.52,15751,317
1760858465000,HC2501,2952.51,2952.89,2939.35,2940.2,16247,317
1760858470000,RB2501,3053.64,3054.32,3040.01,3043.6,16616,319
1760858470000,HC2501,2939.4,2941.33,2933.41,2935.32,17129,319
1760858475000,RB2501,3043.94,3055.36,3043.82,3047.73,15982,316
1760858475000,HC2501,2934.45,2939.05,2925.73,2933.33,16301,316
1760858480000,RB2501,3047.33,3062.54,3044.33,3062.53,15559,316
1760858480000,HC2501,2932.56,2938.17,2922.96,2928.58,15666,316
1760858485000,RB2501,3062.87,3081.76,3061.45,3080.55,15735,311
1760858485000,HC2501,2929.4,2939,2922.24,2927.89,16068,311
1760858490000,RB2501,3080.51,3080.86,3065.55,3072.63,16083,318
1760858490000,HC2501,2927.76,2937.57,2922.46,2923.07,15660,318
1760858495000,RB2501,3072.11,3089.89,3070.2,3089.79,15855,317
1760858495000,HC2501,2923.61,2926.24,2907.75,2911.4,16476,317
1760858500000,RB2501,3089.2,3093.39,3079.4,3080.48,16064,316
1760858500000,HC2501,2912.17,2915.69,2898.94,2905.11,16488,316
1760858505000,RB2501,3080.02,3088.27,3075.53,3080.03,16455,319
1760858505000,HC2501,2904.93,2911.85,2897.71,2907.28,16325,319
1760858510000,RB2501,3079.45,3079.45,3059.55,3064.41,16629,320
1760858510000,HC2501,2906.65,2916.92,2901.74,2906.76,16212,320
1760858515000,RB2501,3064.07,3076.15,3061.95,3065.44,16198,314
1760858515000,HC2501,2906.67,2915.53,2904.31,2913.27,16068,314
1760858520000,RB2501,3064.63,3070.92,3049.24,3068.22,15988,312
1760858520000,HC2501,2913.3,2922.18,2901.83,2922.05,15809,312
1760858525000,RB2501,3068.61,3080.88,3066.67,3080.88,16157,319
1760858525000,HC2501,2922.89,2928.15,2918.66,2923.33,16704,319
1760858530000,RB2501,3080.54,3086.89,3077.09,3080.71,15775,318
1760858530000,HC2501,2922.71,2924.87,2911.86,2913.38,16543,318
1760858535000,RB2501,3081.49,3097.17,3080.74,3093.8,16498,314
1760858535000,HC2501,2913.79,2914.13,2898.58,2910.58,16025,314
1760858540000,RB2501,3093.03,3104.71,3089.62,3094.29,16383,316
1760858540000,HC2501,2910.03,2912.12,2892.38,2894.25,16436,316
1760858545000,RB2501,3093.9,3093.9,3077.98,3080.21,16454,320
1760858545000,HC2501,2894.49,2905.4,2889.82,2904.69,16687,320
1760858550000,RB2501,3080.9,3089.44,3072.48,3084.51,15054,308
1760858550000,HC2501,2905.35,2909.05,2898.62,2902.07,15871,308
1760858555000,RB2501,3084.25,3085.43,3069.99,3071.67,16427,316
1760858555000,HC2501,2902.51,2910.58,2900.6,2906.56,15979,316
1760858560000,RB2501,3070.97,3087.88,3070.07,3086.84,15467,310
1760858560000,HC2501,2907.51,2908.98,2890.39,2894.27,15366,310
1760858565000,RB2501,3087.07,3087.64,3075.31,3079.91,16501,318
1760858565000,HC2501,2895.2,2895.51,2879.73,2886.48,16260,318
1760858570000,RB2501,3078.94,3078.94,3052.86,3053.7,15820,316
1760858570000,HC2501,2886.36,2899.52,2882.3,2895.92,16271,316
1760858575000,RB2501,3053.7,3055.42,3042.38,3047.14,15904,318
1760858575000,HC2501,2895.85,2901.84,2886.48,2890.05,16924,318
1760858580000,RB2501,3047.7,3047.7,3033.78,3038.04,16306,318
1760858580000,HC2501,2890.11,2906.22,2884.57,2904.65,16126,318
1760858585000,RB2501,3038.5,3046.98,3037.15,3042.98,15614,316
1760858585000,HC2501,2904.94,2911.26,2896.7,2899.29,16056,316
1760858590000,RB2501,3043.3,3049.38,3037.22,3044.89,15732,316
1760858590000,HC2501,2899.79,2913.11,2898.63,2911.22,16474,316
1760858595000,RB2501,3045.64,3049.62,3039.48,3047.52,15916,314
1760858595000,HC2501,2910.71,2929.51,2910.43,2925.72,15842,314
1760858600000,RB2501,3048.31,3061.81,3045.66,3051.19,16010,317
1760858600000,HC2501,2925.2,2937.14,2923.79,2933.47,16064,317
1760858605000,RB2501,3051.14,3051.14,3028.28,3029.4,16302,316
1760858605000,HC2501,2933.7,2937.48,2923.84,2929.55,15905,316
1760858610000,RB2501,3029.28,3048.55,3029.28,3037.14,15719,314
1760858610000,HC2501,2928.78,2929.02,2916.57,2920.02,16163,314
1760858615000,RB2501,3036.72,3059.77,3036.64,3057.22,15715,313
1760858615000,HC2501,2919.89,2925.93,2916.67,2919.71,15985,313
1760858620000,RB2501,3056.85,3061.5,3046.97,3049.97,15869,315
1760858620000,HC2501,2920.7,2930.13,2908.61,2918.59,16212,315
1760858625000,RB2501,3050.93,3051.43,3038.53,3042.82,16349,313
1760858625000,HC2501,2917.61,2925.82,2909.44,2914.15,15856,313
1760858630000,RB2501,3042.06,3046.19,3035.44,3043.25,16341,315
1760858630000,HC2501,2913.77,2917.63,2902.92,2912.69,15895,315
1760858635000,RB2501,3044.18,3062.15,3040.98,3061.03,16802,318
1760858635000,HC2501,2912.92,2914.34,2892.81,2897.38,16281,318
1760858640000,RB2501,3060.1,3072.39,3057.55,3071.03,15359,312
1760858640000,HC2501,2897.96,2900.67,2889.69,2889.69,15154,312
1760858645000,RB2501,3071.29,3079.21,3066.33,3068.45,16099,314
1760858645000,HC2501,2890.64,2898.52,2885.59,2888.44,16097,314
1760858650000,RB2501,3067.47,3084.68,3066.92,3080.18,16203,313
1760858650000,HC2501,2889.3,2895.55,2880.04,2894.28,16301,313
1760858655000,RB2501,3079.86,3083.53,3069.51,3072.51,16214,315
1760858655000,HC2501,2894.82,2908.46,2891.66,2907.28,16088,315
1760858660000,RB2501,3072.17,3072.95,3060.33,3062.12,16354,316
1760858660000,HC2501,2908.2,2918.25,2908.2,2911.19,15927,316
1760858665000,RB2501,3062.74,3070.99,3060.77,3067.44,15692,316
1760858665000,HC2501,2910.44,2920.43,2904.89,2913.19,15892,316
1760858670000,RB2501,3066.71,3073.23,3055.91,3062.49,15882,312
1760858670000,HC2501,2913.63,2916.18,2904.52,2912.52,16330,312
1760858675000,RB2501,3061.74,3070.89,3058.33,3065.38,16054,316
1760858675000,HC2501,2912.22,2917.21,2908.24,2914.67,16031,316
1760858680000,RB2501,3066.08,3067.97,3055.24,3055.36,16828,316
1760858680000,HC2501,2914.99,2916.51,2904.41,2916.21,15760,316
1760858685000,RB2501,3055.23,3057.36,3023.38,3023.93,16789,320
1760858685000,HC2501,2917.07,2925.35,2915.25,2918.46,15836,320
1760858690000,RB2501,3023.79,3039.17,3020.91,3036.97,16292,312
1760858690000,HC2501,2917.71,2923.07,2912.21,2912.66,15663,312
1760858695000,RB2501,3037.37,3046.47,3027.18,3028.96,16868,315
1760858695000,HC2501,2913.27,2920.65,2911.47,2913.42,15596,315
1760858700000,RB2501,3029.85,3039.5,3025.37,3037.52,16464,319
1760858700000,HC2501,2913.37,2926.24,2911.31,2921.92,16193,319
1760858705000,RB2501,3037.34,3046.87,3030.05,3042.78,15891,317
1760858705000,HC2501,2922.4,2942.79,2922.4,2935.35,16127,317
1760858710000,RB2501,3042.58,3043.47,3024.21,3024.21,16504,314
1760858710000,HC2501,2934.7,2939.05,2916.13,2916.13,16243,314
1760858715000,RB2501,3023.59,3044.63,3020.54,3043,15527,315
1760858715000,HC2501,2916.64,2937.85,2913.44,2931.95,16320,315
1760858720000,RB2501,3043.37,3047.04,3027.75,3031.71,16257,321
1760858720000,HC2501,2931.07,2934.04,2915.42,2916.44,16168,321
1760858725000,RB2501,3031.42,3042.26,3028.06,3037.14,15698,313
1760858725000,HC2501,2916.13,2935.01,2913.05,2932.5,16040,313
1760858730000,RB2501,3036.73,3037.44,3023.25,3035.1,16642,317
1760858730000,HC2501,2932.01,2945.82,2932.01,2936.59,15964,317
1760858735000,RB2501,3035.95,3039.78,3029.52,3033.5,15903,313
1760858735000,HC2501,2937.05,2946.48,2935.32,2941.89,15359,313
1760858740000,RB2501,3033.96,3049.33,3032.1,3041.99,15792,315
1760858740000,HC2501,2941.16,2942.91,2930.93,2935.48,16055,315
1760858745000,RB2501,3041.88,3058.38,3039.79,3050.12,16428,317
1760858745000,HC2501,2934.92,2941.52,2929.68,2931.79,16282,317
1760858750000,RB2501,3050.35,3051.77,3038.53,3046.42,15881,314
1760858750000,HC2501,2931.95,2944.86,2927.56,2935.06,16402,314
1760858755000,RB2501,3045.68,3047.9,3027.79,3029.17,16529,320
1760858755000,HC2501,2935.37,2960.83,2934.63,2958.83,16563,320
1760858760000,RB2501,3030.13,3042.3,3024.62,3039.46,15964,314
1760858760000,HC2501,2958.36,2959,2943.06,2950.74,16211,314
1760858765000,RB2501,3039.94,3048.94,3039.2,3041.92,15349,317
1760858765000,HC2501,2951.41,2952.4,2930.08,2938.39,16037,317
1760858770000,RB2501,3042.29,3053.32,3041.1,3049.21,16089,318
1760858770000,HC2501,2938.36,2946.92,2937.15,2944.92,16873,318
1760858775000,RB2501,3050.03,3062.56,3047.82,3058.09,16025,315
1760858775000,HC2501,2945.26,2969.09,2944.07,2958.31,15906,315
1760858780000,RB2501,3058.88,3059.79,3047.59,3050.12,16292,317
1760858780000,HC2501,2958.29,2969.79,2950.95,2958.99,16797,317
1760858785000,RB2501,3049.25,3060.11,3046.36,3050.62,16071,315
1760858785000,HC2501,2959.62,2962.02,2949.99,2952.3,15735,315
1760858790000,RB2501,3050.65,3052.53,3040.92,3044.51,16167,320
1760858790000,HC2501,2952.16,2954.25,2938.91,2940.53,16090,320
1760858795000,RB2501,3045.31,3055.06,3042.73,3052.5,16021,314
1760858795000,HC2501,2940.98,2943.59,2925.59,2929.69,16212,314
1760858800000,RB2501,3052.73,3068.82,3049.7,3066.25,15687,313
1760858800000,HC2501,2929.87,2934.56,2923.56,2930.1,16497,313
1760858805000,RB2501,3066.69,3073.68,3062.53,3067.08,16247,318
1760858805000,HC2501,2930.36,2934.98,2908.25,2908.25,16323,318
1760858810000,RB2501,3066.21,3092.62,3061.36,3087.44,16755,320
1760858810000,HC2501,2908.53,2911.38,2895.72,2900.2,15453,320
1760858815000,RB2501,3088.02,3104.92,3086.77,3097.04,16820,319
1760858815000,HC2501,2899.73,2913.38,2899.15,2909.13,16949,319
1760858820000,RB2501,3096.45,3105.5,3091.11,3105.45,15985,317
1760858820000,HC2501,2908.68,2914.64,2903.95,2907.67,15820,317
1760858825000,RB2501,3104.97,3117.04,3104.97,3112.04,15960,318
1760858825000,HC2501,2907.3,2909.93,2892.21,2894.19,16089,318
1760858830000,RB2501,3111.86,3113.09,3098.76,3106.11,16148,320
1760858830000,HC2501,2893.45,2894.35,2872.53,2873.85,15997,320
1760858835000,RB2501,3105.68,3110.68,3093.4,3109.72,15873,314
1760858835000,HC2501,2874.08,2882.03,2868.13,2875.24,15949,314
1760858840000,RB2501,3110.41,3125.31,3101.73,3113.57,16259,316
1760858840000,HC2501,2875.33,2876.41,2857.68,2858.6,15298,316
1760858845000,RB2501,3113.15,3132.24,3111.52,3131.6,17378,316
1760858845000,HC2501,2858.29,2868.02,2853.74,2858.25,16005,316
1760858850000,RB2501,3131.49,3132.85,3119.6,3125.72,16474,321
1760858850000,HC2501,2857.87,2864.48,2850.97,2862.18,16179,321
1760858855000,RB2501,3125.58,3132.18,3117.36,3128.84,15864,314
1760858855000,HC2501,2861.99,2870.13,2847.52,2847.52,16149,314
1760858860000,RB2501,3129.23,3129.23,3112.9,3120.45,16373,316
1760858860000,HC2501,2847.05,2850.75,2841.02,2846.31,16302,316
1760858865000,RB2501,3120.89,3124.51,3108.66,3112.36,16510,313
1760858865000,HC2501,2846.3,2852.87,2838.03,2839.88,16187,313
1760858870000,RB2501,3111.96,3122.02,3103.04,3110.59,16407,320
1760858870000,HC2501,2839.55,2842.1,2830.42,2842.08,16198,320
1760858875000,RB2501,3109.62,3125.67,3109.06,3123.81,16482,317
1760858875000,HC2501,2841.2,2858.2,2841.2,2855.68,16559,317
1760858880000,RB2501,3124.6,3130.36,3116.16,3125.82,15500,319
1760858880000,HC2501,2856.56,2856.56,2838.74,2842.52,15473,319
1760858885000,RB2501,3126.4,3136.28,3121.34,3136.28,16498,318
1760858885000,HC2501,2841.92,2843.3,2828.87,2836.87,15384,318
1760858890000,RB2501,3136.21,3136.61,3122.35,3127.27,16645,318
1760858890000,HC2501,2836.73,2847.52,2834.99,2839.81,16303,318
1760858895000,RB2501,3127.35,3140.62,3120.97,3120.97,16036,319
1760858895000,HC2501,2839.63,2842.64,2832.62,2837.47,16655,319
1760858900000,RB2501,3121.14,3124.43,3111.45,3114.9,16285,314
1760858900000,HC2501,2836.57,2847.13,2833.4,2836.26,15764,314
1760858905000,RB2501,3115.44,3124.07,3113.64,3119.74,15866,313
1760858905000,HC2501,2836.32,2838.53,2816.43,2816.74,15997,313
1760858910000,RB2501,3118.89,3119.67,3090.88,3092.95,17159,320
1760858910000,HC2501,2816.74,2832.03,2816.26,2830.07,15521,320
1760858915000,RB2501,3092.58,3101.37,3087.15,3096.93,15964,319
1760858915000,HC2501,2829.21,2838.44,2823.87,2831.33,16654,319
1760858920000,RB2501,3097.8,3099.19,3090.06,3096.48,17329,316
1760858920000,HC2501,2830.98,2832.49,2805.17,2809,16187,316
1760858925000,RB2501,3095.9,3101.95,3091.15,3100.07,15651,315
1760858925000,HC2501,2808.63,2825.65,2807.35,2819.55,16466,315
1760858930000,RB2501,3100.22,3114,3097.53,3111.29,16478,318
1760858930000,HC2501,2819.13,2826.73,2812.77,2814.81,16430,318
1760858935000,RB2501,3111.73,3119.68,3097.81,3102.58,16011,315
1760858935000,HC2501,2815.01,2833.1,2810.72,2828.06,16386,315
1760858940000,RB2501,3102.67,3114.29,3098.87,3108.06,16012,314
1760858940000,HC2501,2827.35,2839.67,2818.16,2831.58,15993,314
1760858945000,RB2501,3107.78,3112.37,3100.08,3103.91,16125,311
1760858945000,HC2501,2832.25,2832.71,2820.68,2827.07,16213,311
1760858950000,RB2501,3104.12,3116.11,3101.09,3104.66,16379,314
1760858950000,HC2501,2826.55,2827.48,2810.29,2819.17,16455,314
1760858955000,RB2501,3105.47,3111.15,3099.18,3100.8,16569,319
1760858955000,HC2501,2818.89,2828.76,2815.49,2825.3,16215,319
1760858960000,RB2501,3100.65,3107.63,3091.64,3095.89,15732,313
1760858960000,HC2501,2825.59,2852.59,2820.51,2852.39,15860,313
1760858965000,RB2501,3095.34,3096.12,3067.53,3067.53,16324,316
1760858965000,HC2501,2851.69,2857.81,2844.15,2855.75,16047,316
1760858970000,RB2501,3068.3,3075.88,3061.77,3071.61,16851,317
1760858970000,HC2501,2856.13,2866.18,2853.83,2856.39,16914,317
1760858975000,RB2501,3070.74,3073.84,3059.94,3063.02,15888,313
1760858975000,HC2501,2855.97,2860.31,2847.65,2847.9,16174,313
1760858980000,RB2501,3062.77,3062.77,3048.17,3054.36,16028,317
1760858980000,HC2501,2846.93,2861.12,2843.27,2853.43,16398,317
1760858985000,RB2501,3055.01,3067.12,3050.97,3053.68,16110,315
1760858985000,HC2501,2853.12,2868.63,2851.13,2859.29,16539,315
1760858990000,RB2501,3054.13,3057.67,3040.88,3057.32,16499,319
1760858990000,HC2501,2860.24,2860.5,2842.49,2854.04,15680,319
1760858995000,RB2501,3056.61,3067.34,3048.06,3064.59,15716,320
1760858995000,HC2501,2854.7,2862.85,2847.69,2849.37,15977,320
1760859000000,RB2501,3064.61,3071.12,3050.46,3050.46,15674,312
1760859000000,HC2501,2849.81,2849.93,2830.8,2838.17,15571,312
1760859005000,RB2501,3049.99,3054.35,3040.4,3041.91,15686,313
1760859005000,HC2501,2837.72,2842.43,2828.68,2842.13,15842,313
1760859010000,RB2501,3042.61,3042.61,3025.53,3029.05,15625,307
1760859010000,HC2501,2842.18,2854.08,2842.18,2844.53,15715,307
1760859015000,RB2501,3029.78,3038.46,3027.08,3035.48,15914,316
1760859015000,HC2501,2844.44,2847.4,2829.61,2829.61,16340,316
1760859020000,RB2501,3034.84,3045.61,3033.13,3045.61,16051,311
1760859020000,HC2501,2830.16,2838.39,2818.49,2832.2,15372,311
1760859025000,RB2501,3046.27,3060.94,3039.04,3060.13,16128,317
1760859025000,HC2501,2831.36,2836,2820.29,2826.17,15345,317
1760859030000,RB2501,3060.06,3074.8,3056.03,3070.75,17051,317
1760859030000,HC2501,2825.67,2840.48,2822.23,2830.9,16053,317
1760859035000,RB2501,3070.36,3085.44,3067.49,3070.89,16227,318
1760859035000,HC2501,2829.98,2832.98,2814.19,2819.27,16398,318
1760859040000,RB2501,3070.11,3075.44,3063.04,3064.06,16445,315
1760859040000,HC2501,2818.38,2837.74,2818.23,2837.18,17009,315
1760859045000,RB2501,3064.02,3065.16,3049.1,3054.76,16070,315
1760859045000,HC2501,2837.37,2837.37,2818.32,2818.32,16469,315
1760859050000,RB2501,3055.24,3069.8,3055.24,3064.01,16167,316
1760859050000,HC2501,2817.69,2830.8,2807.21,2807.21,15973,316
1760859055000,RB2501,3064.53,3087.8,3064.53,3087.8,15591,317
1760859055000,HC2501,2807.31,2811.2,2789.22,2797.21,16728,317
1760859060000,RB2501,3086.98,3086.98,3066.13,3068.75,17238,323
1760859060000,HC2501,2797.11,2813.08,2791.67,2803.77,16179,323
1760859065000,RB2501,3068.39,3072.97,3060.62,3069.15,16238,318
1760859065000,HC2501,2803.18,2804.2,2791.46,2795.36,16036,318
1760859070000,RB2501,3070.03,3078.95,3063.86,3078.31,15817,312
1760859070000,HC2501,2796.11,2801.4,2788.28,2795.79,15736,312
1760859075000,RB2501,3078.91,3087.02,3075.98,3079.53,16441,318
1760859075000,HC2501,2796.19,2801.25,2791.45,2795.04,15920,318
1760859080000,RB2501,3079.05,3091.88,3076.84,3088.1,15858,320
1760859080000,HC2501,2794.38,2812.64,2790.04,2808.58,16316,320
1760859085000,RB2501,3088.08,3089.85,3077.79,3080.52,15316,312
1760859085000,HC2501,2807.96,2810.35,2791.17,2791.17,15727,312
1760859090000,RB2501,3080.14,3081.18,3059.4,3061.46,15601,313
1760859090000,HC2501,2791.71,2800.21,2787.35,2798.41,15793,313
1760859095000,RB2501,3061.68,3079.23,3060.98,3073.16,16110,313
1760859095000,HC2501,2799.08,2800.28,2787.41,2790.73,16318,313
1760859100000,RB2501,3072.98,3078.1,3067.14,3069.66,15673,310
1760859100000,HC2501,2790.32,2791.23,2778.02,2786.09,15196,310
1760859105000,RB2501,3069.95,3072.08,3052.1,3056.77,15821,319
1760859105000,HC2501,2786.53,2791.93,2780.31,2791.41,16230,319
1760859110000,RB2501,3055.95,3087.46,3055.95,3084.47,15640,317
1760859110000,HC2501,2791.49,2792.47,2770.08,2783.61,16107,317
1760859115000,RB2501,3085.25,3105.17,3085.25,3100.68,16368,319
1760859115000,HC2501,2784,2789.07,2774.62,2777.09,16150,319
1760859120000,RB2501,3100.21,3105.9,3095.5,3102.27,16377,315
1760859120000,HC2501,2776.72,2781.17,2769.47,2778.84,16373,315
1760859125000,RB2501,3101.3,3109.34,3097.11,3100.54,16802,318
1760859125000,HC2501,2779.09,2790.65,2776.96,2782.28,16007,318
1760859130000,RB2501,3099.58,3110.34,3093.84,3097.72,15748,316
1760859130000,HC2501,2781.64,2797.21,2781.09,2789.42,16480,316
1760859135000,RB2501,3098.63,3116.29,3093.59,3112.21,15772,309
1760859135000,HC2501,2789.84,2789.84,2777.85,2789.27,15610,309
1760859140000,RB2501,3112.83,3117.11,3100.14,3100.8,16577,318
1760859140000,HC2501,2790.08,2794.96,2775.31,2780.49,16469,318
1760859145000,RB2501,3101.65,3103.67,3086.3,3095.17,16506,317
1760859145000,HC2501,2780.91,2795.06,2778.2,2788.35,15469,317
1760859150000,RB2501,3095.09,3102.37,3083.19,3101.8,16560,319
1760859150000,HC2501,2787.69,2811.57,2786.43,2811.37,16822,319
1760859155000,RB2501,3102.71,3116.56,3100.46,3101.99,16222,313
1760859155000,HC2501,2810.72,2821.46,2801.65,2816.38,15777,313
1760859160000,RB2501,3102.06,3113.39,3101.17,3104.65,16261,313
1760859160000,HC2501,2816.36,2831.41,2814.4,2829.74,16734,313
1760859165000,RB2501,3104.8,3124.25,3096.59,3122.94,15485,313
1760859165000,HC2501,2829.34,2844.39,2829.08,2835.9,15784,313
1760859170000,RB2501,3123.33,3125.68,3116.64,3122.05,16610,314
1760859170000,HC2501,2835.28,2844.82,2828.58,2843.63,16301,314
1760859175000,RB2501,3121.72,3139.17,3116.99,3139.17,16732,318
1760859175000,HC2501,2844.45,2853.21,2843.12,2844.37,16310,318
1760859180000,RB2501,3138.41,3139.63,3124.27,3136.1,16105,312
1760859180000,HC2501,2843.5,2851.15,2839.34,2844,15951,312
1760859185000,RB2501,3135.92,3136.13,3114.47,3123.37,15913,319
1760859185000,HC2501,2844.93,2846.57,2835.14,2839.12,16117,319
1760859190000,RB2501,3122.43,3133.66,3118.33,3133.36,15285,318
1760859190000,HC2501,2839.53,2843.88,2828.29,2830.73,16617,318
1760859195000,RB2501,3134.07,3160.07,3134.07,3159.07,16459,314
1760859195000,HC2501,2830.95,2853.46,2828.85,2853.46,16089,314
1760859200000,RB2501,3159.75,3169.07,3154.02,3165.63,15722,315
1760859200000,HC2501,2853.05,2853.05,2838.78,2842.56,15885,315
1760859205000,RB2501,3164.87,3180.26,3160.94,3180.26,15701,315
1760859205000,HC2501,2841.89,2842.02,2830.7,2832.08,16218,315
1760859210000,RB2501,3179.36,3180.97,3166.13,3168.55,16379,317
1760859210000,HC2501,2831.8,2835.56,2825.6,2834.87,16296,317
1760859215000,RB2501,3168.81,3172.16,3151.36,3151.36,16436,317
1760859215000,HC2501,2834.85,2837.72,2817.22,2822.69,16224,317
1760859220000,RB2501,3150.96,3155.02,3140.83,3154.39,16541,316
1760859220000,HC2501,2823.44,2832.77,2819.3,2828.5,16109,316
1760859225000,RB2501,3153.62,3160.56,3146.36,3156.99,16905,316
1760859225000,HC2501,2829.32,2829.97,2813.37,2823.03,16272,316
1760859230000,RB2501,3157.57,3159.72,3146.89,3151.75,16076,314
1760859230000,HC2501,2822.81,2826.26,2816.46,2817.04,16391,314
1760859235000,RB2501,3151.64,3158.1,3135.59,3136.48,15658,315
1760859235000,HC2501,2817.31,2827.94,2813.15,2813.46,16184,315
1760859240000,RB2501,3135.94,3149.34,3131.01,3147.4,16827,319
1760859240000,HC2501,2812.89,2823.18,2810.77,2821.24,16182,319
1760859245000,RB2501,3146.75,3146.75,3133.77,3142.07,15545,315
1760859245000,HC2501,2822.17,2834.26,2821.07,2826.9,15916,315
1760859250000,RB2501,3142.49,3153.31,3137.47,3144.21,16456,310
1760859250000,HC2501,2826.66,2831.68,2821.27,2831.05,16013,310
1760859255000,RB2501,3143.83,3152.63,3139.33,3144.5,16358,320
1760859255000,HC2501,2831.78,2833.48,2822.89,2829.26,15447,320
1760859260000,RB2501,3143.53,3145.3,3124.12,3124.12,16298,315
1760859260000,HC2501,2830.06,2834.2,2818.43,2822.69,16289,315
1760859265000,RB2501,3123.5,3138.34,3117.54,3118.55,16209,313
1760859265000,HC2501,2823.5,2840.08,2821.76,2824.03,15828,313
1760859270000,RB2501,3118.37,3121.26,3101.37,3104.57,15795,311
1760859270000,HC2501,2823.44,2856.97,2823.44,2848.99,16144,311
1760859275000,RB2501,3104.05,3118.66,3103.25,3115.62,16323,316
1760859275000,HC2501,2848.92,2868.29,2848.27,2850.34,16347,316
1760859280000,RB2501,3114.67,3121.02,3108.66,3112.54,16415,314
1760859280000,HC2501,2850,2853.16,2837.21,2837.92,16475,314
1760859285000,RB2501,3113.05,3119.58,3107.29,3115.95,16391,318
1760859285000,HC2501,2837.57,2852.75,2835.84,2852.31,15889,318
1760859290000,RB2501,3115.93,3120.23,3101.12,3105.98,15979,319
1760859290000,HC2501,2851.47,2855.16,2841.13,2849.34,16001,319
1760859295000,RB2501,3106.46,3111.2,3093.17,3093.17,16361,317
1760859295000,HC2501,2849.24,2856.1,2844.67,2845.78,16405,317
1760859300000,RB2501,3094.06,3094.15,3079.04,3079.84,15959,317
1760859300000,HC2501,2846.18,2847.68,2830.97,2832.43,15976,317
1760859305000,RB2501,3079.3,3091.29,3074.07,3088.6,15674,316
1760859305000,HC2501,2832.24,2836.35,2821.01,2822.31,16066,316
1760859310000,RB2501,3089.43,3089.74,3077.89,3088.42,15802,315
1760859310000,HC2501,2822.89,2843.87,2820.18,2843.07,16729,315
1760859315000,RB2501,3088.37,3088.42,3073.43,3075.21,16299,314
1760859315000,HC2501,2844.05,2855.83,2843.84,2845.94,15676,314
1760859320000,RB2501,3075.77,3081.25,3066.84,3080.51,16063,318
1760859320000,HC2501,2846.82,2852.92,2827.62,2829.88,16823,318
1760859325000,RB2501,3081.26,3093.27,3077.93,3090.59,15790,310
1760859325000,HC2501,2829.93,2829.93,2813.75,2820.15,15454,310
1760859330000,RB2501,3090.33,3100.19,3083.74,3094.99,16510,316
1760859330000,HC2501,2819.22,2820.44,2808.63,2815.85,16396,316
1760859335000,RB2501,3094.68,3095.62,3078.22,3093.33,16732,314
1760859335000,HC2501,2816.51,2817.03,2806.52,2813.08,16549,314
1760859340000,RB2501,3092.92,3104.32,3091.9,3093.34,16346,317
1760859340000,HC2501,2812.16,2823.13,2803.98,2810.81,15727,317
1760859345000,RB2501,3092.62,3107.21,3090.86,3105.49,15845,315
1760859345000,HC2501,2811.25,2817.11,2805.46,2817.11,15901,315
1760859350000,RB2501,3105.9,3112.81,3102.86,3110.22,15959,317
1760859350000,HC2501,2817.19,2834.13,2815.28,2823.13,16315,317
1760859355000,RB2501,3109.71,3121.11,3109.71,3120.24,15643,317
1760859355000,HC2501,2822.96,2827.3,2810.35,2811.89,16355,317
1760859360000,RB2501,3119.7,3126.06,3116.47,3117.98,16337,319
1760859360000,HC2501,2812.04,2819.26,2799.81,2799.81,15925,319
1760859365000,RB2501,3117.26,3118.97,3103.44,3107.58,15819,316
1760859365000,HC2501,2800.57,2819.56,2795.36,2795.38,15953,316
1760859370000,RB2501,3107.02,3116.7,3104.72,3112.15,16286,318
1760859370000,HC2501,2794.75,2806.86,2792.58,2796.46,16039,318
1760859375000,RB2501,3111.71,3116.07,3102.52,3111.4,16799,320
1760859375000,HC2501,2797.1,2799.4,2788.06,2798.43,16060,320
1760859380000,RB2501,3110.69,3121.05,3105.4,3119.65,15939,316
1760859380000,HC2501,2799.02,2819.9,2795.99,2807.78,16507,316
1760859385000,RB2501,3119.24,3123.29,3101.38,3108.14,16335,315
1760859385000,HC2501,2807.88,2814.9,2791.94,2795.34,15765,315
1760859390000,RB2501,3108.6,3121.24,3108.18,3118.96,16208,316
1760859390000,HC2501,2795.71,2796.03,2779.58,2780.18,16567,316
1760859395000,RB2501,3119.36,3125.95,3109.72,3109.72,16185,320
1760859395000,HC2501,2781.07,2781.09,2771.12,2777.14,16594,320
1760859400000,RB2501,3109.93,3127.99,3109.93,3126.57,16052,312
1760859400000,HC2501,2778.02,2783.3,2772.86,2780.44,16034,312
1760859405000,RB2501,3125.63,3137.56,3124.99,3130.19,16228,315
1760859405000,HC2501,2781.15,2796.38,2774.68,2791.31,15938,315
1760859410000,RB2501,3129.95,3140.62,3124.32,3137.45,16022,317
1760859410000,HC2501,2791.8,2803.02,2789.5,2795.94,15935,317
1760859415000,RB2501,3136.77,3139.52,3124.43,3132.61,16801,318
1760859415000,HC2501,2796.06,2799.13,2787.01,2787.01,16673,318
1760859420000,RB2501,3132.05,3133.12,3119.26,3120.43,16666,320
1760859420000,HC2501,2787.45,2789.28,2776.1,2783.49,16286,320
1760859425000,RB2501,3119.59,3135.65,3119.59,3132.03,15955,317
1760859425000,HC2501,2783.24,2798.83,2780.91,2795.13,16324,317
1760859430000,RB2501,3132.52,3134.03,3118.53,3123.31,15978,313
1760859430000,HC2501,2795.13,2800.71,2789.25,2796.13,16013,313
1760859435000,RB2501,3123.74,3129.58,3115.28,3129.58,16132,319
1760859435000,HC2501,2795.53,2803.81,2787.33,2803.03,16219,319
1760859440000,RB2501,3128.59,3133.12,3118.29,3122.65,16135,317
1760859440000,HC2501,2802.33,2808.98,2798.11,2801.12,17036,317
1760859445000,RB2501,3121.72,3123.47,3110.61,3118.92,16719,316
1760859445000,HC2501,2801.88,2802.3,2789.19,2793.27,15538,316
1760859450000,RB2501,3119.24,3119.85,3105.72,3111.77,16290,316
1760859450000,HC2501,2792.53,2798.33,2787.52,2793.75,16908,316
1760859455000,RB2501,3110.87,3117.85,3098.62,3116.9,16463,316
1760859455000,HC2501,2794.72,2804.6,2790.52,2802.43,15848,316
1760859460000,RB2501,3116.47,3119.84,3104.51,3106.21,15931,319
1760859460000,HC2501,2801.81,2806.38,2790.27,2801.22,15643,319
1760859465000,RB2501,3106.83,3111.02,3097.55,3108.9,15942,310
1760859465000,HC2501,2801.22,2808.45,2792.98,2807.63,15778,310
1760859470000,RB2501,3109.18,3117.65,3106.99,3113.77,16915,316
1760859470000,HC2501,2806.86,2819.2,2806.86,2819.2,15672,316
1760859475000,RB2501,3114.67,3116.52,3103.01,3107.16,15917,318
1760859475000,HC2501,2820.02,2825.23,2811.01,2811.46,15839,318
1760859480000,RB2501,3106.24,3110.3,3095.88,3101.11,15780,313
1760859480000,HC2501,2811.27,2826.3,2809.03,2822.02,15807,313
1760859485000,RB2501,3101.58,3110.61,3096.4,3106.82,16473,313
1760859485000,HC2501,2822.6,2831.22,2821.43,2830.63,16535,313
1760859490000,RB2501,3105.82,3105.87,3092.5,3099.49,15500,313
1760859490000,HC2501,2829.74,2833.1,2814.44,2830.17,16777,313
1760859495000,RB2501,3100.01,3115.76,3097.49,3115.76,16639,312
1760859495000,HC2501,2830.7,2834.24,2817.32,2819.04,16278,312
1760859500000,RB2501,3114.89,3116.59,3101.78,3106.72,16178,316
1760859500000,HC2501,2818.76,2820.21,2807.36,2813.52,16107,316
1760859505000,RB2501,3107.35,3120.68,3106.64,3116.03,16157,316
1760859505000,HC2501,2812.62,2814.65,2797.92,2799.64,16571,316
1760859510000,RB2501,3116.87,3129.56,3113.12,3127.99,16028,315
1760859510000,HC2501,2800.23,2810.99,2793.02,2809.5,15362,315
1760859515000,RB2501,3127.63,3136.6,3126.1,3133.88,15870,317
1760859515000,HC2501,2809.59,2814.68,2800.73,2807.2,16162,317
1760859520000,RB2501,3133.08,3152.23,3127.42,3150.37,16639,317
1760859520000,HC2501,2807.43,2817.03,2804.12,2812.32,16134,317
1760859525000,RB2501,3150.26,3166.34,3142.98,3164.8,15953,318
1760859525000,HC2501,2811.73,2816.93,2805.64,2809.43,15987,318
1760859530000,RB2501,3164.03,3182.28,3163.59,3171.73,15858,320
1760859530000,HC2501,2809.08,2829.01,2807.04,2828.74,16548,320
1760859535000,RB2501,3172.49,3197.59,3172.49,3197.59,16291,317
1760859535000,HC2501,2828.08,2830.72,2821.09,2823.94,16519,317
1760859540000,RB2501,3197.31,3209.3,3195.97,3197.76,16332,311
1760859540000,HC2501,2823.19,2830.54,2815.31,2817.88,15007,311
1760859545000,RB2501,3197.46,3213.27,3194.71,3211.52,15751,313
1760859545000,HC2501,2817.63,2821.19,2808.39,2817.7,15853,313
1760859550000,RB2501,3212.45,3220.15,3202.25,3207.32,16031,315
1760859550000,HC2501,2818.3,2823.7,2810.19,2811.55,16214,315
1760859555000,RB2501,3206.46,3209.55,3200.05,3208.19,15929,310
1760859555000,HC2501,2811.79,2821.15,2806.31,2821.09,16058,310
1760859560000,RB2501,3208.57,3216.64,3192.14,3192.31,16440,312
1760859560000,HC2501,2820.5,2832.37,2814.21,2827.39,15548,312
1760859565000,RB2501,3192.46,3207.33,3191.13,3200.31,15611,317
1760859565000,HC2501,2828.15,2838.85,2823.72,2824.49,16100,317
1760859570000,RB2501,3200.96,3211.11,3197.89,3205.78,15822,313
1760859570000,HC2501,2825.43,2841.82,2821.61,2837.31,15956,313
1760859575000,RB2501,3205.75,3221.36,3202.54,3219.96,15457,312
1760859575000,HC2501,2837.32,2842.3,2826.89,2828.44,15480,312
1760859580000,RB2501,3219.49,3234.04,3217.88,3224.46,16276,316
1760859580000,HC2501,2828.62,2833.66,2822.61,2824.12,16401,316
1760859585000,RB2501,3224.11,3227.56,3215.04,3220.68,15986,317
1760859585000,HC2501,2824.14,2824.14,2806.63,2811.28,16367,317
1760859590000,RB2501,3219.68,3242.23,3218.95,3234.79,15596,317
1760859590000,HC2501,2811.15,2826.28,2807.38,2819.41,16319,317
1760859595000,RB2501,3234.93,3242.91,3230.95,3235.4,15776,315
1760859595000,HC2501,2819.87,2822.8,2801.3,2803.05,15937,315
1760859600000,RB2501,3235.91,3237.77,3218.58,3235.48,16530,318
1760859600000,HC2501,2803.11,2815.83,2801.65,2814,16118,318
1760859605000,RB2501,3234.74,3245.11,3231.98,3240.16,15234,315
1760859605000,HC2501,2814.81,2823.33,2805.02,2822.58,15877,315
1760859610000,RB2501,3240.68,3267.1,3234.08,3257.05,16358,320
1760859610000,HC2501,2821.73,2827.84,2814.22,2815.06,16818,320
1760859615000,RB2501,3257.31,3274.22,3254.94,3264.95,16180,316
1760859615000,HC2501,2815.26,2820.78,2811.75,2817.38,16700,316
1760859620000,RB2501,3265.51,3283.9,3264.02,3274.77,16225,312
1760859620000,HC2501,2817.73,2831.02,2817.73,2831.02,15494,312
1760859625000,RB2501,3275.7,3275.7,3261.4,3262.76,15644,317
1760859625000,HC2501,2830.96,2839.61,2828.71,2831.97,15970,317
1760859630000,RB2501,3262.19,3273.1,3257.69,3272.39,16319,316
1760859630000,HC2501,2832.33,2835.84,2825.62,2828.67,15768,316
1760859635000,RB2501,3271.7,3272.86,3256.71,3261.26,15945,318
1760859635000,HC2501,2828.01,2849.83,2824.4,2835.93,15526,318
1760859640000,RB2501,3261.73,3277.25,3260.96,3268.08,15918,319
1760859640000,HC2501,2835.82,2853.25,2832.65,2849.28,16099,319
1760859645000,RB2501,3268.59,3274.54,3265.59,3273.6,15894,317
1760859645000,HC2501,2848.32,2850.82,2823.06,2824.07,16136,317
1760859650000,RB2501,3274.17,3297.08,3269.35,3295.83,16074,318
1760859650000,HC2501,2823.46,2831.11,2816.95,2830.2,16222,318
1760859655000,RB2501,3294.91,3310.46,3292.86,3308.61,16030,316
1760859655000,HC2501,2830.13,2847.46,2827.1,2843.92,16599,316
1760859660000,RB2501,3307.73,3316.53,3305.83,3315.47,16670,317
1760859660000,HC2501,2843.64,2854.77,2838.64,2851.49,16110,317
1760859665000,RB2501,3316.39,3330.87,3316.39,3328.23,15359,310
1760859665000,HC2501,2850.91,2854.33,2842.8,2850.46,15750,310
1760859670000,RB2501,3327.88,3331.85,3313.31,3321.36,16343,315
1760859670000,HC2501,2850.19,2866.08,2849.04,2855.59,16084,315
1760859675000,RB2501,3321.36,3331.94,3317.24,3329.83,15854,317
1760859675000,HC2501,2856.31,2858.94,2843.67,2851.71,16175,317
1760859680000,RB2501,3329.23,3336.23,3326.58,3332.39,15437,313
1760859680000,HC2501,2852.21,2855.28,2846.35,2847.69,15180,313
1760859685000,RB2501,3332.41,3343.19,3327.3,3340.99,15850,313
1760859685000,HC2501,2847.38,2871.07,2843.25,2868.93,15971,313
1760859690000,RB2501,3341.2,3342.16,3318.23,3318.23,16177,314
1760859690000,HC2501,2869.8,2873.25,2864.55,2870.88,16514,314
1760859695000,RB2501,3319.07,3342.55,3317.58,3338.16,15410,317
1760859695000,HC2501,2871.69,2888.1,2871.69,2882.02,16214,317
1760859700000,RB2501,3337.46,3337.46,3318.85,3318.86,16235,319
1760859700000,HC2501,2881.93,2894.2,2879.57,2891.82,16373,319
1760859705000,RB2501,3318.09,3330.15,3314.81,3320.55,15998,316
1760859705000,HC2501,2891.79,2903.26,2884.53,2896.62,16466,316
1760859710000,RB2501,3319.65,3321.72,3289.53,3290.33,16245,313
1760859710000,HC2501,2896.58,2900.61,2887.57,2891.02,15669,313
1760859715000,RB2501,3290.43,3305.24,3289.84,3300.39,16906,315
1760859715000,HC2501,2891.98,2898.18,2885.81,2889.61,15204,315
1760859720000,RB2501,3299.46,3305.46,3284.8,3285.87,15877,319
1760859720000,HC2501,2890.35,2906.35,2890.35,2898.84,16551,319
1760859725000,RB2501,3286.82,3301.52,3280.64,3301.52,16351,312
1760859725000,HC2501,2899.46,2911.51,2896.16,2898.56,16299,312
1760859730000,RB2501,3302.27,3320.79,3302.03,3313.39,16143,317
1760859730000,HC2501,2899.02,2906.16,2895.22,2897.1,15738,317
1760859735000,RB2501,3312.5,3319.83,3304.97,3315,16046,316
1760859735000,HC2501,2896.2,2898.83,2878.04,2878.75,15606,316
1760859740000,RB2501,3315.36,3325.34,3309.15,3323.6,15780,315
1760859740000,HC2501,2878.55,2893.31,2878.55,2892.76,15675,315
1760859745000,RB2501,3323.83,3327.91,3317.05,3318.54,16360,314
1760859745000,HC2501,2892.66,2899.17,2876.34,2876.45,16500,314
1760859750000,RB2501,3319.18,3322.45,3309.27,3321.23,16144,317
1760859750000,HC2501,2876.8,2879.1,2868.23,2868.23,16221,317
1760859755000,RB2501,3320.41,3324.9,3309,3323.59,16014,313
1760859755000,HC2501,2868.77,2878.74,2862.24,2868.02,15878,313
1760859760000,RB2501,3324.04,3342.8,3323.44,3339.04,16155,316
1760859760000,HC2501,2868.68,2874.38,2863.26,2869.62,16484,316
1760859765000,RB2501,3339.83,3355.85,3338.56,3353.98,14931,313
1760859765000,HC2501,2869,2869,2858.98,2865.87,15703,313
1760859770000,RB2501,3353.88,3362.75,3348.75,3361.01,15970,315
1760859770000,HC2501,2866.78,2883.14,2865.41,2874.97,15830,315
1760859775000,RB2501,3360.51,3369.01,3355.19,3363.22,15131,317
1760859775000,HC2501,2875.44,2877.67,2862.66,2868.27,15629,317
1760859780000,RB2501,3363.89,3370.29,3339.46,3339.46,15837,312
1760859780000,HC2501,2867.76,2884.72,2867.76,2874.75,15498,312
1760859785000,RB2501,3339.18,3343.81,3326.72,3338.56,16104,313
1760859785000,HC2501,2875.12,2886.65,2874.64,2886.01,16397,313
1760859790000,RB2501,3339.13,3351.56,3334.58,3346.05,16041,316
1760859790000,HC2501,2885.89,2902.02,2885.89,2899.85,16591,316
1760859795000,RB2501,3346.33,3347.28,3323.7,3336.88,16373,313
1760859795000,HC2501,2900.31,2919.29,2898.57,2913.87,15632,313
1760859800000,RB2501,3336.18,3339.66,3328.58,3339.02,15956,316
1760859800000,HC2501,2912.96,2918.69,2903.53,2905.88,16011,316
1760859805000,RB2501,3338.8,3365.27,3337.83,3364.2,16206,314
1760859805000,HC2501,2906.46,2916.8,2906.26,2911.28,15658,314
1760859810000,RB2501,3365.05,3365.05,3350.29,3359.58,15747,320
1760859810000,HC2501,2910.82,2910.82,2899.91,2901.7,15974,320
1760859815000,RB2501,3359.63,3367.24,3354.11,3354.46,15945,308
1760859815000,HC2501,2902.22,2906.09,2894.39,2905.47,15578,308
1760859820000,RB2501,3354.7,3365.89,3349.28,3363.64,16185,316
1760859820000,HC2501,2905.85,2907.89,2894.97,2897.17,16173,316
1760859825000,RB2501,3364.18,3368.09,3355.7,3355.7,15567,315
1760859825000,HC2501,2897.47,2903.15,2891.26,2903.15,16079,315
1760859830000,RB2501,3355.28,3357.03,3348.94,3352.78,16413,318
1760859830000,HC2501,2903.39,2904.57,2879.23,2879.23,15691,318
1760859835000,RB2501,3353.06,3363.58,3346.84,3359.26,16056,317
1760859835000,HC2501,2878.5,2885.86,2874.92,2877.32,15937,317
1760859840000,RB2501,3358.5,3376.1,3354.47,3368.4,16258,313
1760859840000,HC2501,2876.41,2876.41,2858.39,2872.85,16055,313
1760859845000,RB2501,3368.74,3380.83,3365.56,3367.42,16104,316
1760859845000,HC2501,2873,2884.9,2867.11,2884.37,15602,316
1760859850000,RB2501,3368.39,3371.71,3356.97,3366.6,16020,316
1760859850000,HC2501,2883.99,2893.33,2881.22,2889.19,15894,316
1760859855000,RB2501,3366.96,3369.3,3358.88,3359.86,16309,318
1760859855000,HC2501,2889.43,2892.19,2880.19,2891.07,16332,318
1760859860000,RB2501,3359.1,3375.81,3359.1,3371.92,15542,312
1760859860000,HC2501,2890.41,2890.54,2878.5,2878.76,16074,312
1760859865000,RB2501,3372.56,3373.57,3358.73,3360.81,15327,311
1760859865000,HC2501,2877.91,2896.52,2877.47,2896.19,15732,311
1760859870000,RB2501,3360.22,3368.52,3357.2,3365.72,16234,316
1760859870000,HC2501,2897.11,2902.58,2892.43,2896.55,15566,316
1760859875000,RB2501,3366.02,3377.45,3362.73,3377.45,15796,314
1760859875000,HC2501,2896.41,2897,2887.12,2888.09,16394,314
1760859880000,RB2501,3377.44,3388.68,3375.98,3387.35,15886,312
1760859880000,HC2501,2888.87,2891.38,2875.61,2877.04,16034,312
1760859885000,RB2501,3386.82,3394,3382.17,3391.26,16208,316
1760859885000,HC2501,2877.72,2885.64,2875.3,2878.6,16412,316
1760859890000,RB2501,3391.95,3395.88,3377.35,3378.17,16582,316
1760859890000,HC2501,2878.43,2896.52,2872.56,2895.63,16502,316
1760859895000,RB2501,3378.08,3380.94,3369.61,3376.08,15518,316
1760859895000,HC2501,2896.29,2897.46,2884.04,2896.68,16004,316
1760859900000,RB2501,3375.32,3387.46,3375.32,3377.04,16097,318
1760859900000,HC2501,2895.75,2908.86,2895.75,2905.43,16588,318
1760859905000,RB2501,3376.5,3390.19,3375.93,3383.56,15718,315
1760859905000,HC2501,2905.04,2906,2895.24,2903.59,15500,315
1760859910000,RB2501,3384.37,3396.32,3379.52,3394.33,15975,318
1760859910000,HC2501,2902.75,2916.83,2900.79,2915.02,16483,318
1760859915000,RB2501,3395.14,3398.81,3372.92,3373.57,16306,315
1760859915000,HC2501,2914.32,2925.56,2913.72,2921.72,16052,315
1760859920000,RB2501,3374.4,3375.21,3361.92,3368.91,16877,319
1760859920000,HC2501,2921.22,2937.72,2920.61,2928.16,16081,319
1760859925000,RB2501,3368.36,3388.71,3366.18,3383.25,16848,311
1760859925000,HC2501,2927.48,2937.64,2919.82,2935.51,15849,311
1760859930000,RB2501,3383.41,3389.12,3365.31,3367.88,16545,317
1760859930000,HC2501,2935.81,2944.7,2929.08,2930.08,16026,317
1760859935000,RB2501,3366.98,3372.19,3359.23,3362.74,16033,313
1760859935000,HC2501,2929.46,2946.38,2929.14,2937.63,16027,313
1760859940000,RB2501,3363.54,3369.27,3353.38,3353.38,16523,313
1760859940000,HC2501,2937.87,2953.78,2935.82,2949.92,15318,313
1760859945000,RB2501,3352.98,3368.08,3348.73,3353.09,15572,311
1760859945000,HC2501,2950.48,2959.49,2943.48,2957.04,16420,311
1760859950000,RB2501,3352.64,3354.47,3329.62,3330.46,15375,313
1760859950000,HC2501,2956.83,2956.83,2936.32,2937.29,15770,313
1760859955000,RB2501,3331.35,3332.37,3314.71,3314.71,16735,317
1760859955000,HC2501,2938.18,2938.18,2909.69,2915.52,16407,317
1760859960000,RB2501,3314.6,3316.41,3292.57,3295.34,16179,319
1760859960000,HC2501,2914.97,2928.13,2913.38,2920.69,15647,319
1760859965000,RB2501,3294.99,3301.54,3288.92,3294.45,16466,316
1760859965000,HC2501,2921.13,2931.79,2920.45,2926.53,15901,316
1760859970000,RB2501,3293.98,3296.42,3285.7,3292.41,16196,318
1760859970000,HC2501,2925.8,2931.1,2922.18,2930.58,16303,318
1760859975000,RB2501,3292.37,3297.27,3279.74,3286.16,16254,314
1760859975000,HC2501,2930.56,2937.1,2920.96,2921.73,16338,314
1760859980000,RB2501,3285.21,3295.82,3281.71,3284.76,16438,314
1760859980000,HC2501,2922.5,2926.82,2905.7,2909.61,15839,314
1760859985000,RB2501,3284.33,3293.48,3281.1,3292.5,15706,319
1760859985000,HC2501,2909.42,2911.96,2900.98,2903.25,16138,319
1760859990000,RB2501,3293.33,3299.48,3286.78,3292,16014,310
1760859990000,HC2501,2903.21,2921.35,2902.48,2917.63,15706,310
1760859995000,RB2501,3292.55,3296.15,3282.42,3284.83,16373,314
1760859995000,HC2501,2918.34,2927.43,2917.75,2924.34,15983,314
1760860000000,RB2501,3284.09,3285.23,3266.58,3268.53,15909,316
1760860000000,HC2501,2923.55,2928.91,2913.76,2918.66,15875,316
1760860005000,RB2501,3268.57,3273.36,3261.23,3267.27,16305,314
1760860005000,HC2501,2918.42,2919.68,2904.3,2910.94,15430,314
1760860010000,RB2501,3266.57,3269.73,3258.69,3267.59,16144,317
1760860010000,HC2501,2910.33,2923.77,2897.94,2920,15863,317
1760860015000,RB2501,3267.79,3276.81,3266.11,3272.48,16239,318
1760860015000,HC2501,2919.04,2936.17,2917.37,2932.54,16122,318
1760860020000,RB2501,3273.37,3291.78,3271.04,3286.75,15922,316
1760860020000,HC2501,2932.34,2939.28,2923.48,2924.24,15920,316
1760860025000,RB2501,3285.84,3294.11,3282.72,3292.46,16782,317
1760860025000,HC2501,2923.79,2950.13,2923.79,2949.72,16595,317
1760860030000,RB2501,3291.53,3307.01,3288.8,3301.7,15885,317
1760860030000,HC2501,2949.36,2963.37,2947.76,2952.05,16256,317
1760860035000,RB2501,3301.94,3303.78,3292.05,3299.05,16270,314
1760860035000,HC2501,2952.06,2952.85,2934.79,2942.72,16082,314
1760860040000,RB2501,3299.16,3301.65,3286.91,3288.16,15985,314
1760860040000,HC2501,2942.64,2948.14,2939.53,2943.77,15683,314
1760860045000,RB2501,3288.18,3288.98,3271.32,3273.93,16249,316
1760860045000,HC2501,2943.78,2953.34,2939.34,2943.8,15958,316
1760860050000,RB2501,3274.3,3286.27,3272.23,3283.8,16037,314
1760860050000,HC2501,2944.33,2956.14,2940.56,2949.45,15755,314
1760860055000,RB2501,3284.69,3296.52,3279.21,3295.68,16053,317
1760860055000,HC2501,2949.08,2951.67,2937.15,2946.34,16356,317
1760860060000,RB2501,3295.44,3297.24,3285.27,3287.01,16249,318
1760860060000,HC2501,2946.25,2954.22,2935.67,2940.08,16177,318
1760860065000,RB2501,3286.79,3291,3280.34,3281.54,16045,317
1760860065000,HC2501,2939.79,2940.51,2921.28,2924.09,16318,317
1760860070000,RB2501,3281.44,3281.44,3259.45,3265.71,16145,315
1760860070000,HC2501,2923.32,2932.88,2915.84,2928.68,16200,315
1760860075000,RB2501,3265.09,3271.15,3255.68,3260.44,16646,319
1760860075000,HC2501,2929.21,2942.37,2928.26,2934.4,16294,319
1760860080000,RB2501,3260.25,3268.69,3245.21,3245.21,16895,323
1760860080000,HC2501,2935.19,2955.6,2929.85,2954.64,16118,323
1760860085000,RB2501,3245.46,3263.8,3243.87,3260.37,15356,311
1760860085000,HC2501,2953.87,2954.94,2944,2953.28,15560,311
1760860090000,RB2501,3261.12,3267.62,3259.1,3260.23,15910,318
1760860090000,HC2501,2953.46,2963.33,2949.12,2962.69,15669,318
1760860095000,RB2501,3260.07,3289.12,3260.05,3282.31,16485,317
1760860095000,HC2501,2962.9,2968.51,2957.21,2957.55,15804,317
1760860100000,RB2501,3282.95,3284.6,3262.49,3262.64,16589,318
1760860100000,HC2501,2958.12,2975.22,2958.12,2972.2,16401,318
1760860105000,RB2501,3262.14,3265.43,3251.14,3252.96,16392,313
1760860105000,HC2501,2971.85,2982.53,2971.08,2978.47,15787,313
1760860110000,RB2501,3252.12,3255.05,3244.53,3248.44,16507,314
1760860110000,HC2501,2977.47,2983.84,2968.17,2983.84,15500,314
1760860115000,RB2501,3247.96,3251.59,3242.54,3248.76,16225,318
1760860115000,HC2501,2984.75,2985.4,2964.67,2969.29,16290,318
1760860120000,RB2501,3249.28,3264.5,3242.73,3259.83,15775,316
1760860120000,HC2501,2968.58,2971.92,2956.02,2961.02,17110,316
1760860125000,RB2501,3260.52,3266.69,3254.57,3254.65,15984,318
1760860125000,HC2501,2961.11,2966.56,2942.59,2942.59,16067,318
1760860130000,RB2501,3255.14,3278.03,3252.05,3276.9,15730,315
1760860130000,HC2501,2942.08,2950.5,2936.45,2943.13,16554,315
1760860135000,RB2501,3276.58,3281.15,3271.69,3276.74,16158,318
1760860135000,HC2501,2943.43,2943.93,2927.2,2939.05,16420,318
1760860140000,RB2501,3276.44,3284.05,3274.51,3277.66,16002,315
1760860140000,HC2501,2939.75,2939.75,2912.37,2915.87,15890,315
1760860145000,RB2501,3277.41,3279.53,3265.85,3270.78,16247,317
1760860145000,HC2501,2916.82,2919.32,2905.19,2918.7,16753,317
1760860150000,RB2501,3269.99,3279.3,3264.4,3277,16661,317
1760860150000,HC2501,2918.2,2920.5,2887.9,2887.9,16403,317
1760860155000,RB2501,3276.63,3285.77,3271.87,3276.27,16434,318
1760860155000,HC2501,2888.76,2891.92,2882.2,2884.73,15660,318
1760860160000,RB2501,3277.07,3280.06,3269.69,3273.95,15990,313
1760860160000,HC2501,2884.59,2895.17,2881.48,2892.52,16629,313
1760860165000,RB2501,3274,3291.56,3273.21,3288.23,16048,322
1760860165000,HC2501,2892.79,2897.14,2884.14,2887.07,16952,322
1760860170000,RB2501,3287.8,3306.55,3287.31,3305.93,16407,317
1760860170000,HC2501,2886.65,2905.07,2885.46,2895.88,15352,317
1760860175000,RB2501,3306.15,3329.29,3306.15,3329.29,16394,318
1760860175000,HC2501,2895.54,2904.75,2889.28,2902.7,16753,318
1760860180000,RB2501,3328.95,3343.9,3320.91,3336.9,16357,317
1760860180000,HC2501,2903.49,2917.65,2903.27,2914.4,15762,317
1760860185000,RB2501,3337.37,3351.01,3335.57,3351.01,16181,318
1760860185000,HC2501,2914.67,2921.23,2911.96,2916.02,15855,318
1760860190000,RB2501,3350.27,3356.51,3341.71,3356.51,15940,315
1760860190000,HC2501,2916.79,2920.85,2904.79,2905.79,16399,315
1760860195000,RB2501,3356.55,3364.81,3352.52,3356.87,15864,316
1760860195000,HC2501,2905.92,2908.02,2893.26,2898,15853,316
1760860200000,RB2501,3357.82,3359.16,3346.33,3346.33,16178,318
1760860200000,HC2501,2897.88,2897.88,2881.02,2883.51,16848,318
1760860205000,RB2501,3347.06,3362.2,3345.24,3348.38,16133,316
1760860205000,HC2501,2883.4,2884.86,2861.56,2864.85,15905,316
1760860210000,RB2501,3349.21,3367.5,3347.4,3367.17,15521,316
1760860210000,HC2501,2864.86,2873.21,2858,2873.21,15458,316
1760860215000,RB2501,3367.16,3382.46,3364.88,3380.64,15619,319
1760860215000,HC2501,2873.56,2887.19,2869.5,2886.79,15762,319
1760860220000,RB2501,3379.68,3388.17,3374.41,3377.78,15201,317
1760860220000,HC2501,2885.91,2897.89,2884.5,2886.19,16521,317
1760860225000,RB2501,3377.56,3379.73,3368.12,3373.33,15548,317
1760860225000,HC2501,2886.81,2887.27,2871.16,2882.4,16134,317
1760860230000,RB2501,3374.31,3394.07,3373.77,3391.38,15529,311
1760860230000,HC2501,2882.28,2885.14,2856.53,2858.92,15427,311
1760860235000,RB2501,3390.67,3399.73,3388.39,3397.65,16204,312
1760860235000,HC2501,2859.7,2866.37,2852.65,2865.77,15997,312
1760860240000,RB2501,3397.15,3409.5,3393.62,3399.46,17112,320
1760860240000,HC2501,2866.42,2876.78,2864.46,2869.29,16262,320
1760860245000,RB2501,3398.64,3415.61,3398.64,3403.42,16631,317
1760860245000,HC2501,2868.82,2884.29,2865.36,2879.43,16398,317
1760860250000,RB2501,3402.83,3405.2,3384.66,3391.25,16263,320
1760860250000,HC2501,2880.32,2895.47,2874.3,2892.91,16895,320
1760860255000,RB2501,3390.8,3391.7,3378.51,3383.58,17147,319
1760860255000,HC2501,2892.55,2894.43,2882.37,2891.92,16709,319
1760860260000,RB2501,3383.58,3385.41,3377.78,3385.41,16878,321
1760860260000,HC2501,2892.63,2896.32,2879.97,2881.07,16474,321
1760860265000,RB2501,3386.24,3389.96,3381.38,3386.54,16158,312
1760860265000,HC2501,2881.45,2882.38,2859.02,2861.4,15815,312
1760860270000,RB2501,3387.5,3392.28,3378.95,3387.99,15640,314
1760860270000,HC2501,2861.63,2861.91,2828.9,2828.9,15670,314
1760860275000,RB2501,3387.72,3397.29,3383.51,3396.26,16106,315
1760860275000,HC2501,2829.36,2837.12,2825.84,2831.65,16321,315
1760860280000,RB2501,3395.88,3411.86,3391.44,3397.42,16532,316
1760860280000,HC2501,2831.35,2831.72,2820.54,2831.72,15770,316
1760860285000,RB2501,3397.14,3397.55,3378.91,3383.63,15558,317
1760860285000,HC2501,2832.06,2835.09,2808.45,2815.41,16568,317
1760860290000,RB2501,3382.98,3395.81,3382,3394.64,15725,318
1760860290000,HC2501,2815.58,2832.84,2814.32,2827.57,16256,318
1760860295000,RB2501,3395.35,3402.54,3374.34,3378.59,15958,315
1760860295000,HC2501,2828.22,2828.44,2809.01,2811.73,15783,315
1760860300000,RB2501,3379.19,3393.65,3375.11,3386.68,16510,318
1760860300000,HC2501,2811.05,2816.5,2807.6,2815.41,16247,318
1760860305000,RB2501,3386.25,3407.89,3385.73,3398.27,16272,313
1760860305000,HC2501,2814.82,2816.04,2806.83,2814.83,15409,313
1760860310000,RB2501,3398.89,3401.84,3387.71,3399.31,15621,318
1760860310000,HC2501,2815.76,2830.83,2814.72,2830.83,16621,318
1760860315000,RB2501,3399.31,3418.15,3399.06,3404.46,15929,320
1760860315000,HC2501,2830.6,2835.4,2822.65,2834.55,15962,320
1760860320000,RB2501,3405.39,3411.57,3392.49,3399.67,15776,314
1760860320000,HC2501,2835.16,2842.94,2835.16,2842.67,15863,314
1760860325000,RB2501,3399.37,3402.99,3375.3,3380.2,16353,317
1760860325000,HC2501,2842.23,2844.42,2826.07,2839.32,15849,317
1760860330000,RB2501,3379.26,3382.71,3365.14,3366.59,15570,318
1760860330000,HC2501,2839.65,2844.03,2833.82,2834.14,16735,318
1760860335000,RB2501,3367.49,3368.25,3352.26,3354.89,16733,321
1760860335000,HC2501,2834.04,2835.54,2825.62,2827.38,16772,321
1760860340000,RB2501,3354.26,3361.9,3348.36,3355.49,15968,316
1760860340000,HC2501,2828.31,2840.92,2823.52,2840.92,16017,316
1760860345000,RB2501,3355.51,3355.51,3341.23,3346.48,16084,317
1760860345000,HC2501,2839.92,2849.36,2837.49,2848.83,16449,317
1760860350000,RB2501,3347.4,3377.14,3344.57,3373.33,15743,317
1760860350000,HC2501,2849.38,2865.19,2847.05,2864.27,16282,317
1760860355000,RB2501,3373.38,3385.02,3361.83,3363.15,16418,317
1760860355000,HC2501,2863.58,2872.52,2862.06,2864.23,16469,317
1760860360000,RB2501,3362.39,3364.55,3349.71,3353.84,16514,316
1760860360000,HC2501,2863.94,2877.83,2860.01,2876.74,16619,316
1760860365000,RB2501,3354.06,3372.01,3351.83,3367.57,15890,315
1760860365000,HC2501,2876.2,2885.15,2874.61,2879.05,15743,315
1760860370000,RB2501,3367.02,3371.16,3363.65,3370.79,16709,319
1760860370000,HC2501,2879.7,2886,2876.4,2876.65,15887,319
1760860375000,RB2501,3370.21,3375.59,3365.47,3372.52,16387,316
1760860375000,HC2501,2876.76,2877.97,2863.1,2863.1,16197,316
1760860380000,RB2501,3372.8,3380.09,3369.59,3377.01,16822,316
1760860380000,HC2501,2863.13,2867.58,2852.78,2861.24,16296,316
1760860385000,RB2501,3377.37,3377.5,3351.72,3365.59,15679,313
1760860385000,HC2501,2862.1,2873.91,2861.42,2865.35,15585,313
1760860390000,RB2501,3364.61,3376.53,3362.48,3373.22,15807,316
1760860390000,HC2501,2864.96,2868.94,2859.99,2862.49,16222,316
1760860395000,RB2501,3372.63,3373.47,3356.52,3361.07,16326,316
1760860395000,HC2501,2862.88,2878.44,2860.92,2874.63,16496,316
1760860400000,RB2501,3361.84,3380.28,3361.81,3376.78,16187,316
1760860400000,HC2501,2873.86,2875.75,2857.48,2860.63,15823,316
1760860405000,RB2501,3376.74,3376.95,3358.17,3362.47,16359,316
1760860405000,HC2501,2860.93,2865.59,2854.42,2863.78,17326,316
1760860410000,RB2501,3362.68,3369.98,3358.06,3365.09,15958,316
1760860410000,HC2501,2863.91,2883.53,2854.25,2882.4,16378,316
1760860415000,RB2501,3365.75,3372.16,3361.21,3370.22,16113,313
1760860415000,HC2501,2882.1,2902.43,2880.73,2897.51,16221,313
1760860420000,RB2501,3370.71,3379.01,3362.27,3377.93,16014,313
1760860420000,HC2501,2897.5,2901.19,2891.02,2893.75,15482,313
1760860425000,RB2501,3377.66,3384.66,3374.31,3378.86,16429,319
1760860425000,HC2501,2893.97,2898.69,2886.73,2896.14,16340,319
1760860430000,RB2501,3379.37,3398.6,3374.78,3396.26,15474,314
1760860430000,HC2501,2896.29,2920.43,2896.29,2920.24,15926,314
1760860435000,RB2501,3396.18,3405.98,3388.64,3403.23,16631,320
1760860435000,HC2501,2921.05,2932.77,2909.8,2913.88,16622,320
1760860440000,RB2501,3403.08,3410.61,3396.97,3397.44,15517,318
1760860440000,HC2501,2913.54,2922.08,2907.76,2910.16,15988,318
1760860445000,RB2501,3397.26,3406.73,3394.25,3405.74,15701,316
1760860445000,HC2501,2909.82,2909.82,2884.96,2884.96,16084,316
1760860450000,RB2501,3405.48,3422.09,3403.52,3415.04,15890,313
1760860450000,HC2501,2885.87,2890.6,2878.96,2886.65,16184,313
1760860455000,RB2501,3414.6,3425.88,3414.6,3416.92,15399,308
1760860455000,HC2501,2885.97,2888.29,2879.09,2881.36,16232,308
1760860460000,RB2501,3417.67,3421.04,3405.58,3405.58,16547,319
1760860460000,HC2501,2882.29,2882.86,2866.34,2875.03,15563,319
1760860465000,RB2501,3405.75,3430.45,3405.75,3424.75,16224,311
1760860465000,HC2501,2875.95,2875.95,2861.09,2861.64,16440,311
1760860470000,RB2501,3424.11,3437.16,3423.29,3433.46,16245,315
1760860470000,HC2501,2861.29,2863.12,2850.64,2859.36,15902,315
1760860475000,RB2501,3433.51,3438.69,3423.17,3423.17,15179,313
1760860475000,HC2501,2858.38,2876.68,2854.91,2875.81,15669,313
1760860480000,RB2501,3423.74,3430.01,3414.98,3418.24,16375,315
1760860480000,HC2501,2875.17,2885.66,2874.77,2883.64,15935,315
1760860485000,RB2501,3418.5,3427.36,3414.36,3420.74,16606,316
1760860485000,HC2501,2884.59,2897.93,2883,2896.02,16116,316
1760860490000,RB2501,3421.71,3431.88,3413.86,3414.59,15947,316
1760860490000,HC2501,2895.99,2910.31,2894.78,2908.2,16533,316
1760860495000,RB2501,3414.14,3432.65,3412.43,3427.23,15165,316
1760860495000,HC2501,2908.08,2911.21,2898.81,2902.34,15664,316
1760860500000,RB2501,3428.03,3430.36,3422.48,3427.03,16156,318
1760860500000,HC2501,2902.99,2917.91,2901.79,2914.87,16297,318
1760860505000,RB2501,3427.38,3448.92,3426.18,3437.8,16216,315
1760860505000,HC2501,2914.1,2924.04,2908.21,2920.85,15996,315
1760860510000,RB2501,3436.95,3440.09,3425.18,3438.84,16243,315
1760860510000,HC2501,2920.74,2921.19,2908.47,2914.36,15893,315
1760860515000,RB2501,3438.79,3441.33,3427.83,3428.64,16082,313
1760860515000,HC2501,2914.86,2922.92,2911.69,2921.34,15831,313
1760860520000,RB2501,3429.25,3429.32,3411.09,3414.59,15692,317
1760860520000,HC2501,2921.61,2929.39,2917.14,2927.36,16355,317
1760860525000,RB2501,3414.67,3437.46,3414.67,3437.46,15747,315
1760860525000,HC2501,2927.85,2936.94,2926.48,2936.73,15982,315
1760860530000,RB2501,3438.19,3438.19,3428.4,3433.49,16080,318
1760860530000,HC2501,2937.32,2942.53,2927.84,2942.52,15982,318
1760860535000,RB2501,3434.07,3436.37,3418.67,3423.52,16247,317
1760860535000,HC2501,2941.8,2945.18,2928.91,2939.39,16320,317
1760860540000,RB2501,3422.93,3424.07,3413.87,3420.81,16171,310
1760860540000,HC2501,2940.16,2945.47,2931.9,2937.98,15805,310
1760860545000,RB2501,3421.11,3431.4,3415.93,3428.88,15572,311
1760860545000,HC2501,2937.5,2946.39,2933.01,2944.69,15153,311
1760860550000,RB2501,3428.67,3433.94,3423.19,3427.02,16277,320
1760860550000,HC2501,2944.38,2950.84,2942.3,2946.64,16432,320
1760860555000,RB2501,3427.88,3433.83,3405.9,3408.97,16024,315
1760860555000,HC2501,2945.78,2948.7,2939.67,2945.78,16489,315
1760860560000,RB2501,3409.59,3413.1,3401.17,3402.15,16495,317
1760860560000,HC2501,2946.21,2962.47,2945.55,2952.32,16425,317
1760860565000,RB2501,3402.8,3411.37,3401.42,3408.92,16040,313
1760860565000,HC2501,2952,2961.8,2947.81,2956.05,16147,313
1760860570000,RB2501,3409.16,3409.81,3397.19,3398.04,16184,315
1760860570000,HC2501,2956.56,2963.95,2954.52,2963.22,16194,315
1760860575000,RB2501,3397.08,3397.62,3380.36,3387.78,15917,317
1760860575000,HC2501,2963.82,2971.79,2962.08,2963.52,15878,317
1760860580000,RB2501,3387.54,3396.42,3382.55,3387.87,16088,317
1760860580000,HC2501,2962.92,2968.5,2954.57,2959.59,16488,317
1760860585000,RB2501,3388.27,3395.38,3384.98,3389.13,16467,315
1760860585000,HC2501,2959.04,2959.49,2943.11,2945.5,16794,315
1760860590000,RB2501,3388.67,3397.03,3387.8,3389.9,15989,318
1760860590000,HC2501,2944.81,2948.29,2928.55,2933.99,16033,318
1760860595000,RB2501,3389.1,3398.23,3385.66,3396.29,16173,314
1760860595000,HC2501,2934.4,2934.4,2919.89,2921.12,16289,314
1760860600000,RB2501,3396.39,3397.15,3372.37,3383.14,16076,317
1760860600000,HC2501,2921.31,2931.58,2916.71,2922.43,15759,317
1760860605000,RB2501,3382.97,3401.19,3379.11,3394.94,16136,319
1760860605000,HC2501,2922.72,2931.35,2918.84,2921.25,16348,319
1760860610000,RB2501,3394.05,3400.83,3382.52,3383.67,16545,318
1760860610000,HC2501,2921.47,2925.83,2911.4,2911.4,15966,318
1760860615000,RB2501,3383.03,3391.53,3375.13,3381.09,16159,319
1760860615000,HC2501,2911.88,2915.5,2899.35,2901.93,15861,319
1760860620000,RB2501,3380.66,3381.79,3366.39,3372.38,15718,317
1760860620000,HC2501,2902.34,2913.44,2900.83,2912.11,15734,317
1760860625000,RB2501,3373.31,3378.45,3365.63,3367.04,15963,315
1760860625000,HC2501,2912.45,2925.01,2911.83,2918.67,16122,315
1760860630000,RB2501,3367.79,3373.61,3363.17,3369.29,15653,313
1760860630000,HC2501,2918.25,2925.69,2916.87,2925.69,15764,313
1760860635000,RB2501,3368.69,3368.69,3352.22,3358.8,15726,316
1760860635000,HC2501,2926.66,2927.28,2908.36,2908.65,15922,316
1760860640000,RB2501,3359.18,3366.43,3345.39,3348.1,16116,320
1760860640000,HC2501,2908.98,2916.3,2906.24,2909.78,15815,320
1760860645000,RB2501,3347.93,3354.63,3340.95,3348.67,16495,319
1760860645000,HC2501,2910.4,2920.58,2908.82,2910.49,16055,319
1760860650000,RB2501,3347.82,3364.66,3344.12,3363.5,16487,318
1760860650000,HC2501,2909.5,2910.33,2884.34,2886.8,16443,318
1760860655000,RB2501,3362.56,3372.93,3355.68,3358.3,16333,317
1760860655000,HC2501,2886.11,2903.79,2883.57,2903.01,15814,317
1760860660000,RB2501,3359.24,3359.24,3348.84,3350.02,15682,314
1760860660000,HC2501,2902.76,2911.09,2899.77,2904.36,15298,314
1760860665000,RB2501,3349.8,3354.41,3345.64,3347.89,16084,315
1760860665000,HC2501,2903.52,2914.37,2899.68,2910.82,16709,315
1760860670000,RB2501,3348.65,3362.6,3345.6,3359.41,15644,315
1760860670000,HC2501,2910.89,2914.43,2900.02,2900.03,16220,315
1760860675000,RB2501,3359.66,3367.48,3355.9,3364.87,16414,319
1760860675000,HC2501,2900.51,2910.15,2888.07,2888.33,16248,319
1760860680000,RB2501,3364.5,3364.5,3345.88,3346.66,16800,319
1760860680000,HC2501,2888.89,2916.69,2888.6,2916.28,16644,319
1760860685000,RB2501,3346.54,3365.53,3341.48,3364.92,16181,314
1760860685000,HC2501,2916.43,2920.65,2905.84,2920.16,16355,314
1760860690000,RB2501,3364.51,3381.79,3355.71,3381.34,16402,313
1760860690000,HC2501,2919.78,2925.65,2907.56,2914.64,16051,313
1760860695000,RB2501,3381.95,3386.74,3378.3,3385.41,15401,317
1760860695000,HC2501,2914.32,2926.08,2908.1,2921.97,16083,317
1760860700000,RB2501,3385.22,3385.95,3376.09,3380.08,15534,310
1760860700000,HC2501,2921.23,2921.23,2898.39,2899.44,15772,310
1760860705000,RB2501,3380.55,3382.82,3356.02,3357.04,16296,316
1760860705000,HC2501,2899.67,2916.56,2897.77,2915.8,16301,316
1760860710000,RB2501,3357.28,3372.21,3354.54,3364.35,16425,318
1760860710000,HC2501,2916.46,2931.52,2916.11,2926.63,15631,318
1760860715000,RB2501,3364.11,3369.08,3354.35,3361.93,15615,314
1760860715000,HC2501,2927.16,2942.52,2927.16,2939.88,16044,314
1760860720000,RB2501,3362.06,3362.42,3354.03,3359.83,15689,317
1760860720000,HC2501,2939.81,2946.24,2937.05,2944.71,15685,317
1760860725000,RB2501,3360.28,3364.74,3355.31,3356.42,16279,317
1760860725000,HC2501,2944.24,2960.21,2942.5,2958.77,15529,317
1760860730000,RB2501,3356.72,3364.83,3355.7,3360.09,15559,314
1760860730000,HC2501,2958.48,2967.22,2952.09,2965.7,16593,314
1760860735000,RB2501,3360.36,3366.45,3354.62,3363.48,15597,314
1760860735000,HC2501,2965.17,2966.72,2940.49,2944.55,16137,314
1760860740000,RB2501,3363.64,3375.56,3361.99,3370.67,15914,319
1760860740000,HC2501,2945.35,2948.01,2936.75,2940.07,16044,319
1760860745000,RB2501,3371.51,3377.37,3363,3371.37,15998,318
1760860745000,HC2501,2940.6,2958.38,2938.22,2954.3,16472,318
1760860750000,RB2501,3370.55,3381.2,3364.17,3375.35,16590,316
1760860750000,HC2501,2954.84,2964.79,2943.74,2962.27,16047,316
1760860755000,RB2501,3375.1,3378.5,3368.28,3370.92,16411,317
1760860755000,HC2501,2961t_start_ms,i,o,h,l,c,v,n
1760867245000,RB2501,3000.69,3005.49,3000.67,3004.18,2257,40
1760867245000,HC2501,3000.26,3006.59,3000.26,3006.2,2324,40
1760867250000,RB2501,3005.05,3013.94,2999.86,3011.51,16585,322
1760867250000,HC2501,3007.01,3021.62,3006.47,3020.86,16687,322
1760867255000,RB2501,3012.06,3022.33,3010.46,3015.7,17005,323
1760867255000,HC2501,3021.8,3035.63,3021.8,3030.93,16471,323
1760867260000,RB2501,3016.51,3022.98,3010.92,3022.98,16623,323
1760867260000,HC2501,3029.98,3030.62,3001.25,3001.25,16377,323
1760867265000,RB2501,3023.92,3027.6,3014.06,3019.38,16096,323
1760867265000,HC2501,3000.83,3004.93,2994.5,3001.25,16463,323
1760867270000,RB2501,3019.55,3028.22,3014.88,3024.42,16855,323
1760867270000,HC2501,3001.82,3009.47,2997.34,3005.56,15963,323
1760867275000,RB2501,3025.15,3025.81,3014.26,3023.46,16385,323
1760867275000,HC2501,3006.28,3027.4,3004.53,3026.07,16479,323
1760867280000,RB2501,3024.37,3024.5,3001.67,3006.88,16732,323
1760867280000,HC2501,3025.73,3028.44,3011.81,3019.45,16019,323
1760867285000,RB2501,3006.17,3025.78,3006.17,3014.14,16408,322
1760867285000,HC2501,3018.85,3023.78,3010.18,3021.99,16230,322
1760867290000,RB2501,3014.74,3018.43,3004.31,3009.65,16318,323
1760867290000,HC2501,3021.14,3023.1,3012.98,3015.84,15798,323
1760867295000,RB2501,3009.06,3013.53,2998.86,3002.13,17084,323
1760867295000,HC2501,3016.45,3040.9,3012.91,3036.56,16185,323
1760867300000,RB2501,3002.6,3002.6,2984.41,2988.44,16498,322
1760867300000,HC2501,3036.6,3041.81,3026.35,3033.54,16396,322
1760867305000,RB2501,2989.01,2996.44,2984.16,2994.33,16411,322
1760867305000,HC2501,3032.57,3042.13,3026.18,3030.38,16610,322
1760867310000,RB2501,2994.98,2996.07,2978.04,2985.32,16417,323
1760867310000,HC2501,3030.23,3033.59,3024.83,3026.93,16734,323
1760867315000,RB2501,2984.67,2993.91,2982.86,2985.48,16204,322
1760867315000,HC2501,3026.36,3039.72,3022.72,3039.66,16821,322
1760867320000,RB2501,2984.49,2984.49,2962.32,2963.85,16073,322
1760867320000,HC2501,3038.79,3055.34,3036.59,3053.31,15981,322
1760867325000,RB2501,2962.95,2964.34,2953.55,2953.58,16851,323
1760867325000,HC2501,3052.35,3058.93,3040.35,3040.35,16492,323
1760867330000,RB2501,2952.86,2953.32,2934.87,2942.23,16260,324
1760867330000,HC2501,3040.44,3049.57,3035.34,3043.31,16340,324
1760867335000,RB2501,2941.29,2951.9,2940.36,2949.25,16594,322
1760867335000,HC2501,3043.01,3043.01,3024.35,3024.35,16558,322
1760867340000,RB2501,2949.29,2955.72,2935.97,2941.75,15660,322
1760867340000,HC2501,3024.46,3035.95,3021.9,3035.31,16065,322
1760867345000,RB2501,2941.24,2945.96,2924.81,2927.98,16065,323
1760867345000,HC2501,3034.38,3037.6,3023.59,3032.14,16171,323
1760867350000,RB2501,2927.11,2952.88,2927.11,2944.82,16735,322
1760867350000,HC2501,3032.08,3035.9,3024.98,3028.05,16324,322
1760867355000,RB2501,2944.03,2951.75,2939.73,2947.83,16526,322
1760867355000,HC2501,3028.35,3035.17,3025.13,3032.53,16366,322
1760867360000,RB2501,2948.46,2956.73,2945.69,2954.18,16145,323
1760867360000,HC2501,3033.46,3047.17,3033.28,3042.82,16174,323
1760867365000,RB2501,2954.14,2978.55,2952.99,2960.71,16566,323
1760867365000,HC2501,3043.71,3046.7,3022.11,3024.76,16127,323
1760867370000,RB2501,2960.01,2960.01,2949.14,2951.19,16043,322
1760867370000,HC2501,3024.18,3027.76,3014.78,3023.09,15609,322
1760867375000,RB2501,2951.16,2960.78,2947.52,2948.56,16543,322
1760867375000,HC2501,3023.01,3029.53,3017.74,3028.26,16075,322
1760867380000,RB2501,2947.69,2955.86,2942.69,2951.05,17422,323
1760867380000,HC2501,3028.2,3036.15,3024.06,3029.27,16223,323
1760867385000,RB2501,2951.71,2955.12,2939.08,2952.36,16310,322
1760867385000,HC2501,3028.84,3033.6,3018.95,3025.41,16569,322
1760867390000,RB2501,2952.73,2964.22,2951.85,2963.86,16611,324
1760867390000,HC2501,3025.91,3025.91,3012.35,3015.33,16900,324
1760867395000,RB2501,2964.33,2977.62,2964.25,2977.25,16305,321
1760867395000,HC2501,3015.15,3036.01,3015.15,3033.75,16913,321
1760867400000,RB2501,2977.08,2990.01,2975.41,2986.37,16953,323
1760867400000,HC2501,3033.72,3039.87,3027.79,3037.74,15953,323
1760867405000,RB2501,2987,2995.55,2985.79,2991.96,16602,323
1760867405000,HC2501,3037.32,3057.9,3035.22,3055.11,15742,323
1760867410000,RB2501,2991.77,3017.97,2986.75,3017.59,16730,323
1760867410000,HC2501,3056.08,3059.58,3047.45,3055.16,16101,323
1760867415000,RB2501,3016.88,3030.7,3012.18,3027.49,15922,323
1760867415000,HC2501,3055.19,3066.76,3054.82,3058.79,16304,323
1760867420000,RB2501,3027.45,3027.45,3015.99,3020.72,16179,322
1760867420000,HC2501,3059.78,3066.08,3058.2,3060.88,15852,322
1760867425000,RB2501,3021.29,3022.52,2998.32,3002.68,15940,323
1760867425000,HC2501,3061.64,3072.87,3056.68,3059.74,16389,323
1760867430000,RB2501,3003.26,3018.35,3001.01,3010.9,16511,322
1760867430000,HC2501,3058.9,3067.41,3056.95,3059.53,16173,322
1760867435000,RB2501,3010.07,3020.35,3001.48,3014.17,16644,322
1760867435000,HC2501,3059.77,3067.47,3058.56,3065.11,16212,322
1760867440000,RB2501,3014.4,3021.41,3005.89,3020.02,16650,322
1760867440000,HC2501,3065.81,3071.99,3059.65,3066.71,15973,322
1760867445000,RB2501,3020.74,3025.58,3011.62,3014.59,16335,323
1760867445000,HC2501,3065.87,3065.87,3056.36,3065.25,16364,323
1760867450000,RB2501,3015.03,3027.9,3012.44,3027.69,16620,322
1760867450000,HC2501,3065.25,3070.47,3062.25,3065.75,15763,322
1760867455000,RB2501,3028.22,3034.41,3024.22,3029.04,16059,322
1760867455000,HC2501,3066.75,3068.92,3050.13,3060.24,16272,322
1760867460000,RB2501,3029.34,3033.77,3021.68,3022.4,17014,322
1760867460000,HC2501,3059.55,3067.07,3052.3,3057.99,16552,322
1760867465000,RB2501,3021.84,3038.81,3017.66,3034.86,17011,322
1760867465000,HC2501,3058.24,3067.44,3055.78,3063.5,16946,322
1760867470000,RB2501,3034.33,3034.33,3018.91,3026.79,16446,323
1760867470000,HC2501,3063.27,3076.9,3058.58,3076.33,16808,323
1760867475000,RB2501,3025.93,3040.58,3025.93,3034.55,16116,323
1760867475000,HC2501,3075.39,3077.86,3059.38,3062.79,16501,323
1760867480000,RB2501,3034.99,3034.99,3020.99,3031.2,15951,323
1760867480000,HC2501,3063.47,3067.13,3049.9,3058.27,16733,323
1760867485000,RB2501,3030.6,3033.09,3019.88,3026.5,16648,321
1760867485000,HC2501,3057.72,3077.82,3052.23,3077.82,16461,321
1760867490000,RB2501,3027.4,3033.76,3016.21,3028.58,16165,323
1760867490000,HC2501,3077.94,3102.69,3077.82,3098.86,16967,323
1760867495000,RB2501,3028.04,3040.46,3028.04,3034.79,16019,322
1760867495000,HC2501,3098.58,3100.27,3090.29,3098.48,16624,322
1760867500000,RB2501,3034.33,3047.78,3034.12,3044.95,16120,322
1760867500000,HC2501,3099.22,3111.96,3096.69,3104.13,16493,322
1760867505000,RB2501,3044.68,3044.72,3028.12,3030.2,16610,323
1760867505000,HC2501,3103.28,3104.53,3088.31,3091.29,15952,323
1760867510000,RB2501,3029.46,3043.77,3027.06,3040.97,16824,322
1760867510000,HC2501,3090.52,3096.76,3077.77,3083.32,16212,322
1760867515000,RB2501,3041.59,3054.08,3038.81,3052.28,16737,323
1760867515000,HC2501,3083.63,3085.97,3073.93,3082.7,16051,323
1760867520000,RB2501,3051.41,3051.41,3039.42,3046.03,15875,322
1760867520000,HC2501,3083.04,3097.73,3079.8,3094.67,16326,322
1760867525000,RB2501,3045.7,3056.12,3038.28,3044.95,16186,322
1760867525000,HC2501,3095.28,3106.3,3090.62,3091.07,17086,322
1760867530000,RB2501,3045.54,3050.79,3034.86,3050.5,16646,323
1760867530000,HC2501,3091.5,3103.42,3089.15,3103.42,16602,323
1760867535000,RB2501,3049.76,3057.02,3046.14,3046.5,16005,322
1760867535000,HC2501,3102.69,3102.69,3080.93,3081.78,16842,322
1760867540000,RB2501,3047.17,3050.22,3039.62,3040.32,16651,322
1760867540000,HC2501,3081.67,3086.29,3076.15,3080.11,16802,322
1760867545000,RB2501,3041.08,3056.63,3038.12,3055.64,16510,323
1760867545000,HC2501,3079.23,3091.07,3075.94,3088.91,16869,323
1760867550000,RB2501,3055.48,3057.42,3037.7,3038.21,16439,323
1760867550000,HC2501,3089.17,3115.25,3089.14,3111.96,16607,323
1760867555000,RB2501,3038.39,3039.43,3029.04,3032.38,16749,322
1760867555000,HC2501,3111.75,3129.18,3111.75,3125.64,16435,322
1760867560000,RB2501,3031.97,3032.81,3008.34,3008.77,16381,322
1760867560000,HC2501,3126.17,3128.04,3115.67,3119.08,17027,322
1760867565000,RB2501,3009.62,3027.13,3009.62,3021.85,16165,323
1760867565000,HC2501,3118.96,3133.66,3118.96,3124.11,16224,323
1760867570000,RB2501,3022.64,3033.01,3021.56,3024.07,16039,322
1760867570000,HC2501,3123.35,3123.75,3110.94,3120.54,16446,322
1760867575000,RB2501,3023.85,3027.32,3012.8,3023.18,16687,323
1760867575000,HC2501,3120.13,3131.5,3117.7,3122.3,16716,323
1760867580000,RB2501,3023.76,3025.33,3010.08,3012.2,15434,323
1760867580000,HC2501,3122.03,3129.79,3119.15,3125.78,16562,323
1760867585000,RB2501,3012.83,3033.26,3012.83,3021.05,16264,322
1760867585000,HC2501,3125.59,3127.92,3116.99,3117.46,16632,322
1760867590000,RB2501,3020.3,3040.4,3018.08,3038.27,17480,322
1760867590000,HC2501,3117.25,3121.98,3107.65,3107.88,16105,322
1760867595000,RB2501,3037.43,3043.2,3034.6,3039.73,16665,323
1760867595000,HC2501,3107.91,3108.7,3092.9,3103.5,16577,323
1760867600000,RB2501,3040.02,3059.68,3037.42,3054.91,16527,323
1760867600000,HC2501,3102.69,3114.08,3102.58,3109.74,15927,323
1760867605000,RB2501,3054.62,3066.1,3053.05,3062.23,16352,322
1760867605000,HC2501,3110.43,3124.89,3102.01,3123.4,16552,322
1760867610000,RB2501,3061.63,3074.85,3049.45,3072.25,15933,323
1760867610000,HC2501,3123.59,3139.21,3119.65,3133.26,16662,323
1760867615000,RB2501,3073.03,3083.36,3069.91,3073.65,16023,322
1760867615000,HC2501,3134.08,3141.42,3124.11,3141.09,16046,322
1760867620000,RB2501,3073.93,3080.3,3071,3074.89,16443,322
1760867620000,HC2501,3141.14,3141.49,3131.49,3133.79,16323,322
1760867625000,RB2501,3075.22,3106.59,3075.22,3104.25,16046,323
1760867625000,HC2501,3134.64,3139.06,3125.45,3131.27,16863,323
1760867630000,RB2501,3105.22,3117.26,3103.85,3108.01,15323,322
1760867630000,HC2501,3131.2,3135.91,3122.02,3125.5,15976,322
1760867635000,RB2501,3108.74,3114.6,3103.24,3110.66,17038,322
1760867635000,HC2501,3124.59,3134.27,3119.98,3124.42,16566,322
1760867640000,RB2501,3110.68,3114.77,3098.65,3108.13,16466,322
1760867640000,HC2501,3123.76,3131.51,3120.42,3122.08,16058,322
1760867645000,RB2501,3107.26,3115.36,3103.94,3107.03,16364,323
1760867645000,HC2501,3122.57,3131.93,3117.28,3120.2,16361,323
1760867650000,RB2501,3107.91,3110.77,3096.56,3108.78,16397,322
1760867650000,HC2501,3120.5,3123.91,3105.65,3105.88,16256,322
1760867655000,RB2501,3108.08,3114.05,3100.85,3104.78,16771,323
1760867655000,HC2501,3106.46,3124.15,3103.9,3117.71,17138,323
1760867660000,RB2501,3105.08,3111.1,3100.02,3103.85,16735,323
1760867660000,HC2501,3117.17,3124.87,3111.6,3117.79,16103,323
1760867665000,RB2501,3104.46,3107.45,3092.97,3092.97,16261,323
1760867665000,HC2501,3118.15,3121.83,3100.04,3110.07,16225,323
1760867670000,RB2501,3093.17,3096.44,3076.6,3077.53,16460,322
1760867670000,HC2501,3109.19,3114.88,3100.58,3114.65,16749,322
1760867675000,RB2501,3077.69,3077.69,3067.28,3071.95,15705,322
1760867675000,HC2501,3115.33,3115.98,3102.34,3108.91,16836,322
1760867680000,RB2501,3072.12,3072.23,3061.14,3061.14,16121,322
1760867680000,HC2501,3108.63,3116.75,3102.68,3116.75,16569,322
1760867685000,RB2501,3060.52,3074.41,3059.13,3071.79,16230,323
1760867685000,HC2501,3116.77,3131.17,3115.52,3128.41,16067,323
1760867690000,RB2501,3071.39,3085.48,3071,3078.49,16520,323
1760867690000,HC2501,3128.01,3131.23,3123.42,3126.99,16626,323
1760867695000,RB2501,3077.93,3078.21,3067.23,3068.04,16698,323
1760867695000,HC2501,3127.89,3132.19,3120.4,3123.07,16391,323
1760867700000,RB2501,3068.09,3077.85,3064.82,3071.14,16053,322
1760867700000,HC2501,3123.37,3130.36,3115.52,3125.17,15663,322
1760867705000,RB2501,3071.92,3080.6,3069.9,3071.51,16583,323
1760867705000,HC2501,3124.86,3146.52,3124.46,3142.23,15758,323
1760867710000,RB2501,3071.32,3080.93,3069.68,3077.7,15909,322
1760867710000,HC2501,3141.5,3143.46,3127.83,3127.83,16281,322
1760867715000,RB2501,3077.45,3079.29,3067.64,3077.22,16047,323
1760867715000,HC2501,3127.84,3149.75,3124.11,3147.92,16209,323
1760867720000,RB2501,3077.79,3088.19,3077.79,3084.43,16509,323
1760867720000,HC2501,3146.96,3155.43,3141.7,3141.7,17255,323
1760867725000,RB2501,3083.88,3108.26,3083.41,3103.67,16186,322
1760867725000,HC2501,3142.25,3142.93,3125.81,3129.12,16058,322
1760867730000,RB2501,3102.91,3108.56,3095.16,3097.54,16284,322
1760867730000,HC2501,3128.94,3133.49,3122.52,3123.93,16005,322
1760867735000,RB2501,3096.72,3103.49,3090.13,3092.09,16176,323
1760867735000,HC2501,3124.66,3128.08,3115.51,3117.18,16072,323
1760867740000,RB2501,3091.16,3095.86,3084.89,3088.73,16507,323
1760867740000,HC2501,3117.88,3124.85,3115.04,3117.79,16293,323
1760867745000,RB2501,3089.39,3096.32,3081.16,3081.94,16255,323
1760867745000,HC2501,3118.4,3120.23,3105.86,3115.19,15943,323
1760867750000,RB2501,3082.41,3099.64,3079.84,3093.3,16528,322
1760867750000,HC2501,3114.21,3122.83,3102.81,3120.62,17090,322
1760867755000,RB2501,3092.47,3097.94,3080.07,3081.7,15696,323
1760867755000,HC2501,3120.09,3124.27,3114.25,3118.5,16364,323
1760867760000,RB2501,3081.51,3095.77,3079.67,3093.86,16401,322
1760867760000,HC2501,3119.09,3147.73,3119.09,3146.12,16226,322
1760867765000,RB2501,3094.71,3096.36,3083.96,3084.32,16566,322
1760867765000,HC2501,3145.23,3150.16,3139.29,3145.8,16118,322
1760867770000,RB2501,3084.96,3097.68,3083.84,3096.37,17107,323
1760867770000,HC2501,3144.89,3148.27,3137.95,3142.04,16606,323
1760867775000,RB2501,3096.16,3100.19,3090.92,3096.37,17163,323
1760867775000,HC2501,3142.23,3153.75,3140.33,3148.33,16314,323
1760867780000,RB2501,3096.62,3108.46,3089.89,3107.49,17082,323
1760867780000,HC2501,3148.42,3149.98,3137.19,3142.19,16381,323
1760867785000,RB2501,3108.05,3115.79,3093.49,3096.16,16410,323
1760867785000,HC2501,3142.91,3152.05,3140.58,3147.51,16924,323
1760867790000,RB2501,3095.87,3108.83,3092.44,3100.57,16012,323
1760867790000,HC2501,3147.63,3151.54,3137.88,3137.88,16623,323
1760867795000,RB2501,3100.75,3112.76,3092.82,3111.49,16012,322
1760867795000,HC2501,3137.98,3137.98,3121.71,3121.82,16649,322
1760867800000,RB2501,3112.46,3115.52,3102.34,3108.46,16569,323
1760867800000,HC2501,3121.15,3136.87,3116.08,3133.47,16464,323
1760867805000,RB2501,3109.12,3109.89,3094.15,3094.69,17021,322
1760867805000,HC2501,3133,3142.86,3128.79,3130.61,16469,322
1760867810000,RB2501,3094.46,3099.68,3088.2,3096.07,16778,323
1760867810000,HC2501,3130.28,3139.31,3123.73,3139.31,16458,323
1760867815000,RB2501,3096.2,3111.62,3093.48,3105.51,16766,323
1760867815000,HC2501,3139.8,3142.16,3127.68,3141.26,16665,323
1760867820000,RB2501,3105.13,3117.78,3102.66,3105.18,15724,323
1760867820000,HC2501,3141.69,3157.65,3139.09,3140.03,16519,323
1760867825000,RB2501,3104.64,3104.77,3092.28,3094.3,16003,323
1760867825000,HC2501,3140.26,3145.83,3133.03,3145.05,16651,323
1760867830000,RB2501,3094.83,3100.81,3090.38,3092.74,16326,323
1760867830000,HC2501,3144.77,3151.16,3137.41,3140.57,16476,323
1760867835000,RB2501,3092.97,3098.36,3080.11,3080.11,16233,321
1760867835000,HC2501,3140.58,3150.52,3137.1,3143.28,15742,321
1760867840000,RB2501,3079.63,3086.37,3078,3084.34,16693,323
1760867840000,HC2501,3143.77,3144.9,3129.77,3136.55,16271,323
1760867845000,RB2501,3085.19,3087.43,3069.85,3074.43,16691,322
1760867845000,HC2501,3137.05,3152.57,3137.05,3152.57,16576,322
1760867850000,RB2501,3074.54,3075.07,3060.85,3074.79,16593,323
1760867850000,HC2501,3152.64,3161.01,3149.88,3151.5,16541,323
1760867855000,RB2501,3074.97,3082.88,3067.59,3079.43,16095,323
1760867855000,HC2501,3151.15,3164.88,3151.15,3163.04,16065,323
1760867860000,RB2501,3079.72,3091.34,3079.72,3089.25,16414,323
1760867860000,HC2501,3162.83,3173.44,3161.75,3173.39,16733,323
1760867865000,RB2501,3090.22,3105.31,3088.55,3101.54,17099,323
1760867865000,HC2501,3172.87,3175.89,3159.83,3163.42,16115,323
1760867870000,RB2501,3101.05,3113.12,3095.53,3113.12,16919,323
1760867870000,HC2501,3163.13,3165.56,3147.54,3151.75,16226,323
1760867875000,RB2501,3112.55,3118.28,3103.24,3115.77,16335,323
1760867875000,HC2501,3151.52,3156.27,3145.14,3151.03,16095,323
1760867880000,RB2501,3116.16,3129.01,3110.32,3127.32,15918,323
1760867880000,HC2501,3151.59,3176.51,3151.59,3172.53,16049,323
1760867885000,RB2501,3127.95,3135.99,3122.22,3127.13,16096,323
1760867885000,HC2501,3172.69,3178.99,3167.06,3172.5,16989,323
1760867890000,RB2501,3127.13,3138,3120.52,3136.44,16107,322
1760867890000,HC2501,3172.27,3177.23,3168.44,3172.8,16880,322
1760867895000,RB2501,3136.91,3140.95,3129.56,3138.69,16757,322
1760867895000,HC2501,3173.25,3179.98,3171.02,3174.19,17119,322
1760867900000,RB2501,3137.71,3142.28,3131.35,3141.31,16570,323
1760867900000,HC2501,3174.71,3190.59,3174.71,3189.66,15857,323
1760867905000,RB2501,3142.09,3164.39,3140.88,3148.82,16827,322
1760867905000,HC2501,3190.33,3200.98,3189.53,3189.53,16309,322
1760867910000,RB2501,3148.56,3162.69,3148.46,3155.27,17007,323
1760867910000,HC2501,3188.76,3199.62,3188.01,3197.15,16355,323
1760867915000,RB2501,3156.12,3169.53,3150.49,3160.66,15858,322
1760867915000,HC2501,3197.28,3202.28,3176.67,3176.67,15960,322
1760867920000,RB2501,3160.23,3177.3,3159.03,3160.13,16111,322
1760867920000,HC2501,3177.38,3184.85,3167.38,3171.03,15940,322
1760867925000,RB2501,3159.19,3164.74,3155.73,3158.37,16764,323
1760867925000,HC2501,3171.76,3178.26,3167.44,3173.54,16712,323
1760867930000,RB2501,3159.13,3181.94,3154.86,3181.6,16891,324
1760867930000,HC2501,3172.97,3175.83,3163.21,3163.45,16774,324
1760867935000,RB2501,3182.29,3193.58,3171.82,3175.66,16787,325
1760867935000,HC2501,3162.67,3166.22,3141.35,3147.27,16295,325
1760867940000,RB2501,3175.87,3185.24,3169.04,3184.82,16758,324
1760867940000,HC2501,3147.22,3156.76,3139.76,3144.94,17079,324
1760867945000,RB2501,3185.09,3186.88,3175.54,3186.17,16407,322
1760867945000,HC2501,3144.54,3155.38,3143.01,3144.84,16519,322
1760867950000,RB2501,3185.29,3196.81,3183.34,3190.59,15784,323
1760867950000,HC2501,3145.54,3148.66,3123.4,3123.58,15927,323
1760867955000,RB2501,3190.56,3199.05,3186.92,3197.68,16209,323
1760867955000,HC2501,3124.43,3138.3,3121.46,3126.27,16384,323
1760867960000,RB2501,3197.48,3199.93,3191.81,3199.5,16663,323
1760867960000,HC2501,3126.83,3126.83,3112.07,3112.35,16689,323
1760867965000,RB2501,3200.4,3205.93,3188.41,3193.45,15971,323
1760867965000,HC2501,3112.56,3116.66,3103.68,3111.65,16737,323
1760867970000,RB2501,3192.85,3195.97,3173.94,3178.98,16403,322
1760867970000,HC2501,3112.09,3123.06,3101.07,3104.18,16850,322
1760867975000,RB2501,3179.38,3190.6,3174.43,3182.32,16317,322
1760867975000,HC2501,3103.9,3105.89,3082.61,3083.11,16478,322
1760867980000,RB2501,3181.43,3185.34,3176.94,3182.25,16174,323
1760867980000,HC2501,3083.75,3085.36,3070.37,3071.75,16808,323
1760867985000,RB2501,3182.58,3187.55,3168.13,3169.31,16482,322
1760867985000,HC2501,3072.66,3076.08,3065.19,3075.06,16801,322
1760867990000,RB2501,3169.84,3169.84,3159.06,3165.86,16334,323
1760867990000,HC2501,3074.07,3085.02,3066.11,3070.59,16149,323
1760867995000,RB2501,3164.87,3169.01,3157.57,3160.25,17027,323
1760867995000,HC2501,3069.93,3074.35,3062.94,3063.59,16955,323
1760868000000,RB2501,3160.34,3192.54,3159.03,3192.54,16874,322
1760868000000,HC2501,3064.51,3064.82,3049.51,3055.82,16833,322
1760868005000,RB2501,3192.95,3214.61,3191.54,3208.95,15906,322
1760868005000,HC2501,3055.01,3068.91,3052.63,3065.89,16875,322
1760868010000,RB2501,3208.1,3217.14,3204.32,3212.77,16383,322
1760868010000,HC2501,3066.14,3075.43,3059.92,3070.78,16467,322
1760868015000,RB2501,3213.44,3218.72,3206.8,3214.12,16226,323
1760868015000,HC2501,3071.65,3080.76,3066.13,3077.99,16605,323
1760868020000,RB2501,3214.85,3222.33,3192.39,3196.13,16177,323
1760868020000,HC2501,3078.67,3095.27,3078.08,3086.97,16692,323
1760868025000,RB2501,3196.04,3204.16,3186.58,3198.39,15742,322
1760868025000,HC2501,3087.34,3091.91,3083.32,3087.79,16087,322
1760868030000,RB2501,3199.12,3201.3,3189.55,3194.31,16456,323
1760868030000,HC2501,3087.56,3107.55,3083.93,3103.93,16529,323
1760868035000,RB2501,3195.2,3200.96,3186.08,3200.46,15460,323
1760868035000,HC2501,3104.61,3110.37,3096.98,3102.27,16414,323
1760868040000,RB2501,3199.87,3202.48,3191.27,3195.6,15828,322
1760868040000,HC2501,3101.82,3102.59,3094.63,3094.63,15869,322
1760868045000,RB2501,3195.49,3199,3180.56,3185.2,16734,323
1760868045000,HC2501,3095.15,3115,3091.2,3112.66,16750,323
1760868050000,RB2501,3184.67,3185.91,3167.63,3173.21,16293,324
1760868050000,HC2501,3112.35,3113.16,3097.88,3101.04,16294,324
1760868055000,RB2501,3174.09,3182.53,3168.57,3169.94,16437,322
1760868055000,HC2501,3100.59,3107.36,3098.29,3104.07,16920,322
1760868060000,RB2501,3169.15,3170.28,3155.58,3163.94,15927,323
1760868060000,HC2501,3104.58,3105.23,3087.9,3090.74,16605,323
1760868065000,RB2501,3163.21,3169.08,3158.04,3164.65,16850,323
1760868065000,HC2501,3090.13,3106.59,3083.29,3105.21,17104,323
1760868070000,RB2501,3164.88,3177.84,3164.88,3169.26,15983,323
1760868070000,HC2501,3105.88,3119.84,3100.78,3115.71,16726,323
1760868075000,RB2501,3169.47,3172.74,3151.81,3155.7,16601,323
1760868075000,HC2501,3115.11,3122.19,3106.21,3120.42,16089,323
1760868080000,RB2501,3155.76,3159.87,3148.7,3157.15,16367,321
1760868080000,HC2501,3121.17,3124.23,3108.53,3116.75,16143,321
1760868085000,RB2501,3158.04,3173.88,3153.64,3169.1,16671,323
1760868085000,HC2501,3117.7,3120.58,3110.22,3112.07,16116,323
1760868090000,RB2501,3168.34,3182.79,3165.82,3180.17,16073,322
1760868090000,HC2501,3112.92,3116.69,3108.45,3114.68,16434,322
1760868095000,RB2501,3180.4,3182.33,3166.02,3174.36,16463,323
1760868095000,HC2501,3114.49,3122.95,3110.46,3112.93,15920,323
1760868100000,RB2501,3173.85,3176.87,3164.16,3171.53,17137,323
1760868100000,HC2501,3113.17,3116.67,3098.17,3100.93,17079,323
1760868105000,RB2501,3171.83,3188.74,3170.45,3172.21,16655,323
1760868105000,HC2501,3101.71,3102.32,3090.4,3096.31,16731,323
1760868110000,RB2501,3172.2,3177.29,3153.48,3155.55,15942,323
1760868110000,HC2501,3095.47,3097.24,3079.69,3081.84,16130,323
1760868115000,RB2501,3155.97,3172.66,3153.31,3168.48,16353,323
1760868115000,HC2501,3080.97,3084.63,3066.79,3071.31,17059,323
1760868120000,RB2501,3168.4,3179.01,3161.44,3163.29,16746,323
1760868120000,HC2501,3071.72,3078.96,3060.61,3071.83,16323,323
1760868125000,RB2501,3162.71,3165.22,3151.19,3151.19,16257,322
1760868125000,HC2501,3072.61,3075.17,3057.8,3069.74,16545,322
1760868130000,RB2501,3151.76,3153.71,3141.96,3144.72,15918,323
1760868130000,HC2501,3070.41,3074.34,3061.83,3062.61,15844,323
1760868135000,RB2501,3144.89,3148.66,3130.92,3138.55,16474,323
1760868135000,HC2501,3062.55,3069.32,3056.07,3060.28,15550,323
1760868140000,RB2501,3137.84,3141.31,3123.19,3126.41,15580,322
1760868140000,HC2501,3061.14,3071.29,3058.52,3067.44,16364,322
1760868145000,RB2501,3127.19,3143.58,3121.4,3143.58,16704,324
1760868145000,HC2501,3067.04,3075.95,3062.71,3073.31,16650,324
1760868150000,RB2501,3143.39,3151.46,3139.22,3148.18,16741,322
1760868150000,HC2501,3073.08,3077.46,3067.48,3075.31,16646,322
1760868155000,RB2501,3148.52,3150.74,3140.86,3149.06,16028,322
1760868155000,HC2501,3075.39,3075.39,3051.81,3052.38,16668,322
1760868160000,RB2501,3148.67,3148.67,3129.01,3130.29,16754,323
1760868160000,HC2501,3051.45,3055.81,3044.47,3055.05,16530,323
1760868165000,RB2501,3130.93,3146.88,3130.93,3145.01,16343,323
1760868165000,HC2501,3055.04,3056.64,3033.91,3037.81,15952,323
1760868170000,RB2501,3145.91,3164.78,3145.91,3154.97,16050,322
1760868170000,HC2501,3038.26,3047.31,3029.74,3043.38,16343,322
1760868175000,RB2501,3155.12,3163.91,3151.56,3154.36,16128,323
1760868175000,HC2501,3044.36,3053.33,3036.48,3038.04,16514,323
1760868180000,RB2501,3154.88,3167.05,3151.08,3166.11,16834,322
1760868180000,HC2501,3038.62,3040.37,3026.34,3036.83,16431,322
1760868185000,RB2501,3165.52,3174.23,3165.52,3171.13,17133,323
1760868185000,HC2501,3037.51,3051.11,3033.82,3047.49,16177,323
1760868190000,RB2501,3170.46,3170.99,3147.38,3147.38,16569,322
1760868190000,HC2501,3047.7,3050.56,3029,3034.48,16120,322
1760868195000,RB2501,3146.97,3160.58,3146.04,3157.74,15813,323
1760868195000,HC2501,3034.35,3037.23,3012.95,3021.29,16320,323
1760868200000,RB2501,3157.27,3162.47,3152.46,3153.99,16989,323
1760868200000,HC2501,3020.71,3025.93,3011.49,3018.66,15846,323
1760868205000,RB2501,3154.13,3167.29,3154.13,3156.78,16243,323
1760868205000,HC2501,3018.24,3025.23,3015.57,3020.76,16126,323
1760868210000,RB2501,3157.27,3159.17,3143.88,3144.19,16287,322
1760868210000,HC2501,3021.44,3025.29,3010.73,3010.92,15892,322
1760868215000,RB2501,3144.84,3152.25,3136.11,3142.12,16045,322
1760868215000,HC2501,3010.59,3039.14,3009.62,3037.72,16283,322
1760868220000,RB2501,3143.05,3151.39,3139.31,3143.99,16337,323
1760868220000,HC2501,3037.46,3056.2,3034.43,3056.2,16431,323
1760868225000,RB2501,3143.88,3151.92,3137.14,3149.42,16760,323
1760868225000,HC2501,3055.84,3058.4,3048.93,3052.86,16833,323
1760868230000,RB2501,3148.71,3155.59,3140.47,3154.22,16175,323
1760868230000,HC2501,3051.87,3055.19,3043.81,3047.96,16551,323
1760868235000,RB2501,3153.89,3160.58,3145.99,3146.32,15939,323
1760868235000,HC2501,3048.02,3055.36,3030.34,3033.25,16482,323
1760868240000,RB2501,3146.14,3150.84,3137.25,3147.38,15615,322
1760868240000,HC2501,3033.88,3050.27,3028.47,3049.04,15794,322
1760868245000,RB2501,3147.34,3152.57,3135.39,3138.83,16370,322
1760868245000,HC2501,3049.11,3051.9,3041.22,3041.39,16967,322
1760868250000,RB2501,3138.12,3151.34,3137.19,3147.01,16586,323
1760868250000,HC2501,3041.88,3052.54,3039.13,3043.43,16207,323
1760868255000,RB2501,3146.03,3168.79,3142.21,3168.2,16367,322
1760868255000,HC2501,3044.11,3046.27,3031.46,3039.96,16881,322
1760868260000,RB2501,3168.31,3176.09,3164.38,3164.38,16089,322
1760868260000,HC2501,3039.04,3053.05,3036.18,3047.24,16423,322
1760868265000,RB2501,3164.29,3175.36,3163.63,3175.36,16537,323
1760868265000,HC2501,3047.99,3050.76,3037.55,3039.18,16558,323
1760868270000,RB2501,3175.77,3183.8,3173.93,3177.51,16591,322
1760868270000,HC2501,3038.18,3060.74,3037.78,3060.05,16721,322
1760868275000,RB2501,3178.46,3187.76,3165.41,3183.12,16793,322
1760868275000,HC2501,3059.19,3062.89,3045.42,3050.14,15849,322
1760868280000,RB2501,3183.68,3197.78,3181.82,3194.12,16201,323
1760868280000,HC2501,3050.17,3051.01,3034.33,3034.33,16610,323
1760868285000,RB2501,3194.87,3199.37,3184.98,3190.98,17150,323
1760868285000,HC2501,3035.19,3035.68,3017.69,3021.09,16799,323
1760868290000,RB2501,3191.85,3192,3171.74,3180.85,16112,323
1760868290000,HC2501,3021.95,3025.66,3009.47,3014.05,16740,323
1760868295000,RB2501,3181.17,3188.95,3174.54,3174.72,16277,323
1760868295000,HC2501,3014.69,3041.23,3014.63,3039.79,16769,323
1760868300000,RB2501,3174.93,3180.75,3167.51,3173.73,16532,322
1760868300000,HC2501,3040.12,3040.12,3022,3029.15,16472,322
1760868305000,RB2501,3174.41,3185.37,3171.63,3177.97,16372,322
1760868305000,HC2501,3029.61,3033.7,3019.33,3022.35,15975,322
1760868310000,RB2501,3177.9,3184.26,3171.03,3180.7,16765,323
1760868310000,HC2501,3022.93,3023.55,3005.46,3017.34,16034,323
1760868315000,RB2501,3181.67,3182.92,3168.51,3180.16,16683,322
1760868315000,HC2501,3016.49,3017.85,3006.19,3010.88,15992,322
1760868320000,RB2501,3179.52,3190.75,3174.34,3189.94,16649,323
1760868320000,HC2501,3010.88,3030.01,3009.52,3024.33,16932,323
1760868325000,RB2501,3189.45,3199.58,3185.27,3191.58,16145,323
1760868325000,HC2501,3023.59,3030.92,3020.22,3028.41,16257,323
1760868330000,RB2501,3192.01,3198.9,3177.03,3178.58,16301,322
1760868330000,HC2501,3027.47,3041.39,3026.64,3038.66,16347,322
1760868335000,RB2501,3179.41,3185.61,3174.79,3184.29,16232,322
1760868335000,HC2501,3039.08,3044.5,3019.39,3022.25,16326,322
1760868340000,RB2501,3184.53,3190.64,3179.2,3180.62,17138,323
1760868340000,HC2501,3021.56,3033.36,3021.27,3028.21,16349,323
1760868345000,RB2501,3179.91,3184.57,3172.81,3176,16784,322
1760868345000,HC2501,3027.31,3048.28,3026.21,3034.16,16363,322
1760868350000,RB2501,3176.2,3180.91,3166.28,3169.62,16399,323
1760868350000,HC2501,3034.05,3036.29,3016.9,3017.62,16681,323
1760868355000,RB2501,3169.22,3175.83,3167.72,3170.05,16393,322
1760868355000,HC2501,3017.88,3027.11,3011.37,3017.09,15869,322
1760868360000,RB2501,3169.38,3180.9,3166.63,3173.83,16437,322
1760868360000,HC2501,3017.2,3025.21,3014.19,3020.34,16519,322
1760868365000,RB2501,3174.5,3178.42,3160.86,3173.87,16077,323
1760868365000,HC2501,3020.23,3025.91,3016.16,3024.33,16227,323
1760868370000,RB2501,3174.08,3195.57,3174.02,3191.38,15749,323
1760868370000,HC2501,3024.73,3027.83,3013.58,3013.6,16663,323
1760868375000,RB2501,3190.79,3195.54,3184.17,3188.6,15944,322
1760868375000,HC2501,3013.38,3023.62,3007.84,3021.24,16110,322
1760868380000,RB2501,3188.92,3204.06,3187.45,3198.05,16720,322
1760868380000,HC2501,3020.49,3046.75,3019.14,3041.27,16707,322
1760868385000,RB2501,3198.16,3203.54,3182.87,3188.83,16869,323
1760868385000,HC2501,3041.63,3042.95,3026.05,3027.04,16259,323
1760868390000,RB2501,3188.82,3201.57,3188.82,3194.13,15963,322
1760868390000,HC2501,3027.29,3036.67,3021.07,3028.09,16512,322
1760868395000,RB2501,3193.94,3199.05,3187.05,3194.83,16676,323
1760868395000,HC2501,3027.2,3036.52,3020.75,3035.93,16285,323
1760868400000,RB2501,3194.35,3205.87,3192.78,3195.02,16931,322
1760868400000,HC2501,3036.68,3043.76,3027.01,3040.24,16797,322
1760868405000,RB2501,3194.88,3203.56,3184.77,3188.71,16193,323
1760868405000,HC2501,3040.65,3054.56,3036.27,3051.07,16912,323
1760868410000,RB2501,3189.48,3200.17,3187.41,3189.8,16521,323
1760868410000,HC2501,3051.97,3061.56,3041.67,3059.14,15974,323
1760868415000,RB2501,3188.88,3193.08,3178.07,3183.3,16931,323
1760868415000,HC2501,3059.31,3063.65,3054.04,3059.72,16551,323
1760868420000,RB2501,3182.66,3194.8,3180.23,3185.46,16059,322
1760868420000,HC2501,3059.97,3061.02,3040.08,3043.89,16323,322
1760868425000,RB2501,3184.81,3204.78,3184.02,3189.64,16484,323
1760868425000,HC2501,3043.07,3060.86,3035.7,3035.7,16565,323
1760868430000,RB2501,3189.56,3191.59,3175.35,3177.32,16501,322
1760868430000,HC2501,3035.32,3035.32,3024.46,3028.49,16188,322
1760868435000,RB2501,3176.63,3191.43,3173.89,3188.47,16890,322
1760868435000,HC2501,3027.92,3039.79,3027.32,3033.15,16034,322
1760868440000,RB2501,3187.69,3188.33,3175.76,3181.08,16565,323
1760868440000,HC2501,3032.4,3037.61,3028.91,3031.49,16809,323
1760868445000,RB2501,3182.05,3186.46,3176.85,3185.66,16775,323
1760868445000,HC2501,3031.51,3033.82,3024.25,3027.68,16229,323
1760868450000,RB2501,3185.86,3189.24,3169.38,3174,16754,322
1760868450000,HC2501,3026.95,3028.25,3012.03,3025.54,16785,322
1760868455000,RB2501,3173.99,3184.41,3169.53,3177.32,16374,322
1760868455000,HC2501,3026.1,3035.64,3022.55,3034.76,16226,322
1760868460000,RB2501,3176.65,3197.6,3169.29,3197.51,16582,323
1760868460000,HC2501,3034.05,3037.09,3027.44,3036.38,16621,323
1760868465000,RB2501,3198.41,3208.48,3191.16,3202.59,16165,322
1760868465000,HC2501,3036.51,3044.17,3026.31,3041.55,16032,322
1760868470000,RB2501,3202.14,3207.59,3194.02,3195.14,16353,323
1760868470000,HC2501,3041.2,3065.86,3040.7,3065.86,16481,323
1760868475000,RB2501,3194.16,3209.35,3188.93,3206.85,16598,323
1760868475000,HC2501,3064.96,3075.48,3056.56,3057.33,16294,323
1760868480000,RB2501,3206.42,3231.14,3202.49,3229.53,16250,322
1760868480000,HC2501,3056.62,3066.54,3046.75,3065.76,15882,322
1760868485000,RB2501,3228.8,3250.61,3227.27,3247.3,16607,321
1760868485000,HC2501,3066.54,3082.01,3065.42,3078.11,16227,321
1760868490000,RB2501,3246.66,3248.78,3236.79,3248.57,15661,323
1760868490000,HC2501,3077.82,3079.8,3067.8,3075.48,16236,323
1760868495000,RB2501,3249.05,3250.96,3240.56,3241.52,16991,323
1760868495000,HC2501,3074.82,3076.93,3057.29,3061.79,16303,323
1760868500000,RB2501,3242.47,3245.75,3219.08,3227.7,16644,322
1760868500000,HC2501,3061.6,3064.26,3047.18,3051.78,15943,322
1760868505000,RB2501,3228.41,3228.41,3214.6,3219.1,15907,323
1760868505000,HC2501,3051.91,3053.96,3040.75,3043.3,16523,323
1760868510000,RB2501,3219.23,3219.96,3205.01,3214.24,17147,323
1760868510000,HC2501,3042.59,3052.15,3034.15,3041.65,16680,323
1760868515000,RB2501,3214.02,3218.43,3200.88,3201.47,16248,323
1760868515000,HC2501,3041.46,3044.45,3033.91,3037.33,16901,323
1760868520000,RB2501,3201.37,3201.37,3180.16,3182.38,16792,322
1760868520000,HC2501,3037.94,3044.12,3030.36,3038.76,16344,322
1760868525000,RB2501,3181.54,3193.19,3181.54,3192.93,16409,323
1760868525000,HC2501,3038.73,3040.35,3030.37,3031.33,16662,323
1760868530000,RB2501,3192.84,3198.13,3185.94,3195.19,15919,323
1760868530000,HC2501,3031.82,3039.66,3022.76,3031.07,15780,323
1760868535000,RB2501,3195.95,3196.72,3173.51,3180.41,16372,322
1760868535000,HC2501,3031.14,3035.75,3022.48,3025.67,16407,322
1760868540000,RB2501,3180.87,3199.74,3180.87,3196.81,16434,323
1760868540000,HC2501,3024.92,3036.11,3024.07,3025.51,16702,323
1760868545000,RB2501,3196.81,3201.73,3188.1,3198.42,16365,323
1760868545000,HC2501,3025.04,3030.79,3013.97,3024.27,15779,323
1760868550000,RB2501,3198.41,3202.98,3190.21,3193.06,16861,323
1760868550000,HC2501,3024.3,3025.16,3015,3017.64,16290,323
1760868555000,RB2501,3193.08,3204.32,3190.63,3200.32,16865,322
1760868555000,HC2501,3016.76,3034.58,3016.76,3028.31,16514,322
1760868560000,RB2501,3199.38,3210.99,3197.92,3206.25,16149,323
1760868560000,HC2501,3027.46,3029.75,3013.22,3021.15,17162,323
1760868565000,RB2501,3206.85,3210.19,3186.38,3189.52,16392,322
1760868565000,HC2501,3020.46,3027.7,3015.77,3023.95,16298,322
1760868570000,RB2501,3190.15,3196.65,3174.72,3176.43,16545,323
1760868570000,HC2501,3024.9,3028.37,3008.8,3010.24,16526,323
1760868575000,RB2501,3176.4,3180.11,3163.32,3171.95,16213,323
1760868575000,HC2501,3009.31,3013.38,2997.88,3003.12,16705,323
1760868580000,RB2501,3172.26,3176.39,3163.38,3164.24,16535,322
1760868580000,HC2501,3002.44,3019.99,2996.4,3014.06,16321,322
1760868585000,RB2501,3163.53,3169.11,3141.79,3144.83,15835,323
1760868585000,HC2501,3013.23,3019.19,3007.5,3010.57,17034,323
1760868590000,RB2501,3144.71,3149.89,3136.49,3145.52,16153,322
1760868590000,HC2501,3011.53,3023.01,3010.43,3020.2,17562,322
1760868595000,RB2501,3145.76,3149.89,3137.78,3146.55,16570,323
1760868595000,HC2501,3020.44,3022.09,3012.01,3013.41,16767,323
1760868600000,RB2501,3145.61,3153.28,3134.79,3149.65,15927,322
1760868600000,HC2501,3013.01,3015.53,2997.68,3008.7,16633,322
1760868605000,RB2501,3150.32,3160.66,3147.66,3156.6,17459,322
1760868605000,HC2501,3008.92,3021.81,3008.72,3018.52,16313,322
1760868610000,RB2501,3157.48,3161.71,3148.66,3159.14,16291,322
1760868610000,HC2501,3018.7,3037.01,3017.36,3032.01,16334,322
1760868615000,RB2501,3158.93,3180.66,3158.67,3178.68,16845,324
1760868615000,HC2501,3032.76,3038.77,3023.23,3037.61,17143,324
1760868620000,RB2501,3179.59,3192.66,3178.51,3192.58,16139,323
1760868620000,HC2501,3036.97,3046.27,3033.53,3037.28,16611,323
1760868625000,RB2501,3192.86,3213.92,3191.89,3213.69,16376,322
1760868625000,HC2501,3036.9,3043.45,3031.4,3031.4,16523,322
1760868630000,RB2501,3213.35,3225.74,3211.77,3223.38,16714,323
1760868630000,HC2501,3031.73,3047.66,3028.63,3039.06,16301,323
1760868635000,RB2501,3223.33,3240.76,3221.14,3239.79,16321,323
1760868635000,HC2501,3038.4,3048.38,3038.4,3048.19,16363,323
1760868640000,RB2501,3240.74,3258.71,3238.07,3254.42,16429,322
1760868640000,HC2501,3048.51,3058.3,3044.46,3052.52,17268,322
1760868645000,RB2501,3255.07,3278.59,3249.89,3278.37,15736,323
1760868645000,HC2501,3053.05,3055.91,3045.9,3048.11,16159,323
1760868650000,RB2501,3277.49,3298.71,3275.65,3293.96,16591,322
1760868650000,HC2501,3047.29,3047.86,3024.13,3026.38,15995,322
1760868655000,RB2501,3294.76,3301.09,3288.69,3289.46,16714,323
1760868655000,HC2501,3025.99,3034.58,3019.21,3034.48,16923,323
1760868660000,RB2501,3290.06,3291.03,3274.18,3274.92,16213,322
1760868660000,HC2501,3034.08,3035.31,3019.84,3026.94,16112,322
1760868665000,RB2501,3275.75,3277.41,3261.16,3270.87,16679,323
1760868665000,HC2501,3026.11,3027.49,3009.39,3012.49,16519,323
1760868670000,RB2501,3270.45,3274.18,3259.83,3271.06,16007,322
1760868670000,HC2501,3012.09,3019.94,3009.15,3019.83,16226,322
1760868675000,RB2501,3271.38,3287.81,3270.49,3286.92,16713,323
1760868675000,HC2501,3020.25,3031.09,3015.37,3015.77,15908,323
1760868680000,RB2501,3287.24,3301.93,3284.61,3296.84,16372,323
1760868680000,HC2501,3015.85,3042.53,3015.01,3035.35,16503,323
1760868685000,RB2501,3295.98,3296.23,3276.77,3281.54,16216,323
1760868685000,HC2501,3035.56,3035.56,3017.42,3021.89,16468,323
1760868690000,RB2501,3281.78,3294.6,3273.89,3290.85,16153,322
1760868690000,HC2501,3022.44,3031.06,3013.03,3015.03,16415,322
1760868695000,RB2501,3289.88,3305.29,3289.75,3301.28,15844,322
1760868695000,HC2501,3014.16,3020.3,3004.81,3020.3,16555,322
1760868700000,RB2501,3302.18,3304.86,3292.34,3292.54,16549,323
1760868700000,HC2501,3020.04,3021.05,2993.98,3001.74,15988,323
1760868705000,RB2501,3292.47,3299.04,3282.79,3298.36,16896,322
1760868705000,HC2501,3002,3005.73,2984.1,2984.52,16388,322
1760868710000,RB2501,3298.07,3303.4,3271.8,3273.79,16325,323
1760868710000,HC2501,2984.96,3004.9,2979.6,3001.53,16219,323
1760868715000,RB2501,3274.12,3274.12,3254.09,3254.8,16654,323
1760868715000,HC2501,3001.5,3003.8,2987.36,2987.36,16378,323
1760868720000,RB2501,3254.31,3258.09,3243.08,3243.08,16650,323
1760868720000,HC2501,2986.62,2996.41,2976.25,2978.63,16001,323
1760868725000,RB2501,3243.28,3264.1,3241.9,3261.89,16076,322
1760868725000,HC2501,2978.66,2995.24,2975.07,2990.83,16771,322
1760868730000,RB2501,3261.3,3261.3,3220.88,3223.17,16200,323
1760868730000,HC2501,2991.09,2995.15,2987.47,2994.06,16253,323
1760868735000,RB2501,3222.55,3233.67,3214.96,3233.01,16857,322
1760868735000,HC2501,2993.54,2995.17,2978.57,2982,16629,322
1760868740000,RB2501,3232.73,3246.59,3230.96,3245.11,15787,322
1760868740000,HC2501,2981.13,2994.56,2976.73,2981.1,16669,322
1760868745000,RB2501,3245.78,3254.29,3241.45,3246.54,16589,324
1760868745000,HC2501,2980.51,2981.81,2959.57,2960.8,16961,324
1760868750000,RB2501,3247.2,3256.2,3242.71,3249.56,16212,322
1760868750000,HC2501,2960.62,2963.81,2954.63,2959.33,16575,322
1760868755000,RB2501,3249.84,3265.69,3247.99,3265.69,16588,322
1760868755000,HC2501,2959.98,2960.05,2941.58,2949.05,17004,322
1760868760000,RB2501,3265.76,3269.11,3257.28,3263.26,16556,322
1760868760000,HC2501,2949.7,2951.98,2938.1,2951.52,16796,322
1760868765000,RB2501,3263.77,3276.39,3256.66,3273.89,16403,323
1760868765000,HC2501,2950.68,2967.02,2949.57,2966.57,15932,323
1760868770000,RB2501,3274.47,3277.36,3267.01,3270.69,16309,323
1760868770000,HC2501,2966.1,2977,2966.1,2971.4,17176,323
1760868775000,RB2501,3271.67,3289.8,3265.05,3289.03,16318,323
1760868775000,HC2501,2972.18,2979.98,2967.32,2975.73,16447,323
1760868780000,RB2501,3288.35,3292.59,3281.83,3284.12,16792,322
1760868780000,HC2501,2975.15,2977.01,2958.09,2966.93,16431,322
1760868785000,RB2501,3283.97,3288.19,3276.87,3284.49,16916,323
1760868785000,HC2501,2966.76,2980.61,2966.3,2980.21,16353,323
1760868790000,RB2501,3283.9,3284.44,3262.07,3262.65,16894,322
1760868790000,HC2501,2980.65,2985.42,2966.21,2967.86,16366,322
1760868795000,RB2501,3263.33,3276.71,3261.69,3276.39,16721,323
1760868795000,HC2501,2968.15,2975.23,2961.94,2964.21,16893,323
1760868800000,RB2501,3277.01,3277.96,3262.25,3263.05,16066,323
1760868800000,HC2501,2964.67,2978.82,2959.29,2969.12,16653,323
1760868805000,RB2501,3262.57,3269.72,3253.99,3254.49,16541,322
1760868805000,HC2501,2969.62,2971.89,2957.52,2965.98,16177,322
1760868810000,RB2501,3254.26,3255.21,3241.19,3252.04,16704,323
1760868810000,HC2501,2965.19,2972.46,2956.13,2963.02,16729,323
1760868815000,RB2501,3252.61,3265.57,3249.46,3249.46,16616,322
1760868815000,HC2501,2962.53,2976.25,2962.53,2972.69,16373,322
1760868820000,RB2501,3248.71,3261.24,3247.13,3252.84,16101,323
1760868820000,HC2501,2973.46,2992.63,2973.28,2984.97,16718,323
1760868825000,RB2501,3252.21,3252.81,3240.27,3245.68,17046,322
1760868825000,HC2501,2984,2986.81,2975.19,2977.1,17099,322
1760868830000,RB2501,3246.49,3256.11,3243.66,3254.05,16287,323
1760868830000,HC2501,2977.77,2983.94,2974.28,2976.62,16391,323
1760868835000,RB2501,3254.86,3280.65,3254.4,3278.23,16096,323
1760868835000,HC2501,2977.52,2980.65,2968.28,2975.82,16819,323
1760868840000,RB2501,3277.93,3301.15,3276.5,3295.06,16573,323
1760868840000,HC2501,2975.33,2977.18,2967.01,2967.01,16325,323
1760868845000,RB2501,3294.35,3298.73,3285.87,3290.48,15714,322
1760868845000,HC2501,2966.35,2980.81,2962.72,2980.09,17185,322
1760868850000,RB2501,3290.21,3290.59,3279.46,3283.12,16457,322
1760868850000,HC2501,2979.58,2981.47,2972.57,2977.07,16187,322
1760868855000,RB2501,3283.93,3302.19,3280.93,3296.72,16640,323
1760868855000,HC2501,2977.2,2995.02,2974.95,2992.06,16335,323
1760868860000,RB2501,3297.36,3319.69,3293.13,3313.25,16262,322
1760868860000,HC2501,2991.39,3004.63,2988.58,3002.21,16183,322
1760868865000,RB2501,3312.84,3317.05,3300.22,3306.19,16393,322
1760868865000,HC2501,3001.26,3009.31,2997.03,3003.54,16028,322
1760868870000,RB2501,3305.56,3313.78,3301.03,3306.02,16219,322
1760868870000,HC2501,3004.09,3004.56,2993.9,2995.43,15725,322
1760868875000,RB2501,3306.05,3306.05,3285.53,3288.73,16313,322
1760868875000,HC2501,2994.84,3002.07,2991.64,2996.42,16637,322
1760868880000,RB2501,3289.04,3305.04,3288.94,3298.84,16145,323
1760868880000,HC2501,2996.7,3020.54,2995.53,3015.18,16697,323
1760868885000,RB2501,3299.32,3321.65,3298.32,3311.89,16858,323
1760868885000,HC2501,3014.46,3035.37,3012.29,3035.37,16948,323
1760868890000,RB2501,3312.44,3315.29,3305.22,3305.22,16478,323
1760868890000,HC2501,3035.67,3038.33,3027.14,3031.14,16131,323
1760868895000,RB2501,3305.93,3312.12,3301.08,3305.41,15876,323
1760868895000,HC2501,3030.16,3033.61,3018.14,3032.6,15945,323
1760868900000,RB2501,3304.8,3304.81,3285.74,3291.93,16355,323
1760868900000,HC2501,3031.87,3040.71,3027.86,3036.92,16498,323
1760868905000,RB2501,3291.96,3304.33,3288.61,3301.63,16135,323
1760868905000,HC2501,3037.54,3038.95,3024.78,3024.78,16174,323
1760868910000,RB2501,3301.44,3311.53,3300.72,3306.61,16646,323
1760868910000,HC2501,3025.63,3037.6,3024.8,3031.72,16827,323
1760868915000,RB2501,3307.41,3308.78,3295.21,3297.06,16309,322
1760868915000,HC2501,3031.8,3041.3,3028.7,3034.38,16395,322
1760868920000,RB2501,3296.24,3306.32,3287.48,3298.51,16779,323
1760868920000,HC2501,3033.6,3034.95,3024.99,3026.73,16598,323
1760868925000,RB2501,3299.25,3299.25,3281.17,3282.28,16274,323
1760868925000,HC2501,3026.09,3026.14,2991.81,2997.48,16250,323
1760868930000,RB2501,3283.04,3287.89,3276.49,3283,16483,322
1760868930000,HC2501,2997.75,2999.05,2983.97,2986.95,16394,322
1760868935000,RB2501,3282.96,3294.73,3280.03,3288.03,16422,322
1760868935000,HC2501,2987.56,2990.51,2974.61,2987.44,16061,322
1760868940000,RB2501,3288.04,3298.83,3283.84,3294.91,15890,322
1760868940000,HC2501,2987.08,2988.12,2972.76,2979.82,16255,322
1760868945000,RB2501,3295.47,3303.05,3293.95,3298.03,16632,323
1760868945000,HC2501,2979.76,2985.61,2973.74,2983.69,16274,323
1760868950000,RB2501,3298.49,3310.85,3297.46,3308.53,16039,323
1760868950000,HC2501,2984.02,2994.36,2982.78,2991.94,17359,323
1760868955000,RB2501,3308.45,3312.94,3303.7,3309.41,16784,323
1760868955000,HC2501,2991.55,3004.25,2991.55,3000.36,16633,323
1760868960000,RB2501,3309.5,3329.21,3307.61,3326.13,16366,322
1760868960000,HC2501,3001.07,3002.01,2990.22,2997,16175,322
1760868965000,RB2501,3325.55,3329.33,3317.1,3328.4,16179,322
1760868965000,HC2501,2997.83,3006.82,2991.36,3000.8,16865,322
1760868970000,RB2501,3327.99,3338.56,3325.6,3333.69,16950,323
1760868970000,HC2501,3000.71,3017.63,2999,3016.91,16339,323
1760868975000,RB2501,3334.62,3344.1,3334.36,3339.04,16732,323
1760868975000,HC2501,3017.67,3023.11,3010.4,3020.06,16451,323
1760868980000,RB2501,3338.86,3341.34,3332.04,3334.89,16629,322
1760868980000,HC2501,3019.91,3021.9,3006.61,3012.57,16212,322
1760868985000,RB2501,3335.55,3346.51,3334.06,3344.43,16126,323
1760868985000,HC2501,3012.62,3017.87,3005.29,3017.87,15958,323
1760868990000,RB2501,3344.73,3352.57,3339.46,3352.57,16481,322
1760868990000,HC2501,3018.78,3021.33,3000.52,3005.43,16716,322
1760868995000,RB2501,3353.05,3363.78,3342.53,3349.2,15960,322
1760868995000,HC2501,3005.44,3016.59,3000.23,3009.66,16334,322
1760869000000,RB2501,3349.91,3356.1,3339.23,3355.52,17002,323
1760869000000,HC2501,3009.28,3018,3001.78,3012.47,16653,323
1760869005000,RB2501,3356.34,3361.04,3342.77,3344.54,16764,323
1760869005000,HC2501,3012.9,3013.44,2998.44,2999.78,16400,323
1760869010000,RB2501,3344.58,3348.78,3334.29,3334.79,16761,324
1760869010000,HC2501,2998.99,3012.01,2994.21,3010.22,16576,324
1760869015000,RB2501,3333.86,3343.55,3332.18,3337.88,17044,323
1760869015000,HC2501,3009.98,3020.2,3002.64,3014.96,16294,323
1760869020000,RB2501,3337.48,3351.18,3337.06,3349.24,16316,322
1760869020000,HC2501,3015.15,3024.47,3012.27,3024.38,16242,322
1760869025000,RB2501,3349.88,3350.23,3336.82,3342.51,16806,323
1760869025000,HC2501,3024.58,3034.51,3021.49,3021.49,16595,323
1760869030000,RB2501,3342.63,3346.99,3333.07,3337.77,15926,323
1760869030000,HC2501,3022.39,3036.09,3021.75,3027.34,16462,323
1760869035000,RB2501,3337.8,3341.32,3327.51,3332.88,16147,322
1760869035000,HC2501,3026.71,3037.05,3023.12,3023.94,15572,322
1760869040000,RB2501,3333.7,3347.28,3331.27,3337.24,16686,323
1760869040000,HC2501,3024.19,3036.41,3018.98,3034.17,15824,323
1760869045000,RB2501,3337.94,3349.51,3337.94,3344.25,16776,323
1760869045000,HC2501,3035.11,3043.07,3031.91,3040.54,16539,323
1760869050000,RB2501,3344.88,3354.34,3340.8,3348.45,16779,323
1760869050000,HC2501,3041.23,3065.51,3040.47,3059.6,16648,323
1760869055000,RB2501,3348.74,3363.22,3346.85,3356.38,16134,322
1760869055000,HC2501,3060.42,3062.57,3045.04,3047.26,16162,322
1760869060000,RB2501,3355.9,3363.2,3350.08,3363.18,16456,323
1760869060000,HC2501,3047.4,3049.82,3037,3041.67,16584,323
1760869065000,RB2501,3362.92,3384.17,3360.83,3379.87,16385,322
1760869065000,HC2501,3041.5,3042.73,3026.28,3028.06,15861,322
1760869070000,RB2501,3380.27,3386.69,3369.3,3379.13,16513,323
1760869070000,HC2501,3027.87,3044.33,3026.23,3035.22,16745,323
1760869075000,RB2501,3378.93,3387.63,3370.92,3373.62,15623,323
1760869075000,HC2501,3034.31,3038.63,3017.68,3023.39,16355,323
1760869080000,RB2501,3373.63,3375.08,3363.46,3364.93,16146,322
1760869080000,HC2501,3023.01,3035.04,3021.5,3032.04,16208,322
1760869085000,RB2501,3365.57,3372.32,3353.11,3357.29,17220,323
1760869085000,HC2501,3032.3,3032.58,3017.22,3023.33,16121,323
1760869090000,RB2501,3358.2,3361.1,3344.47,3355.52,16204,323
1760869090000,HC2501,3023.62,3036.5,3022.98,3029.45,16444,323
1760869095000,RB2501,3354.64,3366.73,3353.76,3364.51,16500,322
1760869095000,HC2501,3029.03,3030.82,3011.83,3011.83,16732,322
1760869100000,RB2501,3364.19,3370.38,3357.13,3360.01,16612,322
1760869100000,HC2501,3011.07,3012.03,2999.1,3006.07,15613,322
1760869105000,RB2501,3360.78,3365.18,3352.09,3359.05,16686,323
1760869105000,HC2501,3006.63,3019.43,3005.18,3012.69,16141,323
1760869110000,RB2501,3358.43,3364.07,3347.86,3349.51,16896,322
1760869110000,HC2501,3012.23,3013.57,2994.83,2996.35,16840,322
1760869115000,RB2501,3350.42,3355.23,3342.07,3354.99,16160,323
1760869115000,HC2501,2995.76,2999.42,2987.69,2998.13,16635,323
1760869120000,RB2501,3355.28,3375.34,3353.47,3374.63,16698,323
1760869120000,HC2501,2999.07,3008.6,2993.65,3003.1,16283,323
1760869125000,RB2501,3375.26,3378.29,3362.67,3369.19,16516,322
1760869125000,HC2501,3003.55,3006.76,2991.81,3004.25,16679,322
1760869130000,RB2501,3369.74,3379.57,3369.74,3377.43,16674,323
1760869130000,HC2501,3003.51,3006.91,2986.83,2988.56,16629,323
1760869135000,RB2501,3377.96,3390.67,3375.15,3382.17,15840,322
1760869135000,HC2501,2988.35,2992.86,2983.12,2991.42,16582,322
1760869140000,RB2501,3381.8,3386.17,3376.13,3377.79,16528,323
1760869140000,HC2501,2991.61,3000.87,2984.84,3000.4,16190,323
1760869145000,RB2501,3378.4,3381.24,3364.55,3367.48,17506,323
1760869145000,HC2501,2999.72,3018.96,2999.42,3011.51,16911,323
1760869150000,RB2501,3368.15,3372.2,3356.75,3364.85,16535,322
1760869150000,HC2501,3011.27,3019.44,3000.87,3017.55,16397,322
1760869155000,RB2501,3363.94,3387.58,3363.87,3386.01,16553,323
1760869155000,HC2501,3016.96,3018.33,2989.22,2996.85,16779,323
1760869160000,RB2501,3386.08,3396.29,3382.07,3384,16473,322
1760869160000,HC2501,2997.61,3006.45,2994.79,3006.23,16626,322
1760869165000,RB2501,3384.36,3404.35,3383.53,3402.95,16386,323
1760869165000,HC2501,3005.26,3005.96,2994.95,3002.09,16759,323
1760869170000,RB2501,3403.69,3410.86,3399.49,3402.4,16042,323
1760869170000,HC2501,3002,3010.57,2997.09,3002.78,16977,323
1760869175000,RB2501,3402.92,3413.58,3390.03,3390.83,16250,322
1760869175000,HC2501,3002.66,3004.85,2993.1,2999.66,16701,322
1760869180000,RB2501,3391.22,3399.51,3388.66,3398.27,16778,322
1760869180000,HC2501,2998.71,3015.23,2992.56,2992.56,16516,322
1760869185000,RB2501,3397.77,3403.84,3389.84,3398.41,16522,323
1760869185000,HC2501,2992.14,3001.37,2988.67,2989.32,15752,323
1760869190000,RB2501,3397.81,3400.63,3392.17,3393.35,16092,322
1760869190000,HC2501,2988.5,2994.44,2978.63,2980.21,15625,322
1760869195000,RB2501,3392.38,3398.12,3383.4,3386.2,16197,322
1760869195000,HC2501,2979.87,2983.11,2971.61,2983.01,15831,322
1760869200000,RB2501,3385.49,3405.63,3384.98,3394.78,16491,324
1760869200000,HC2501,2983.16,2998.38,2981.42,2991.31,16021,324
1760869205000,RB2501,3395.52,3399.62,3384.4,3399.53,16555,322
1760869205000,HC2501,2992.2,2996.18,2977.27,2978.99,16189,322
1760869210000,RB2501,3399.57,3404.37,3391.56,3400.26,16699,324
1760869210000,HC2501,2979.36,2982.78,2967.02,2976.83,16142,324
1760869215000,RB2501,3400.62,3409.59,3397.01,3397.01,16866,322
1760869215000,HC2501,2976.44,2990.73,2974.7,2985.4,16449,322
1760869220000,RB2501,3397.8,3411.46,3393.19,3405.86,16018,323
1760869220000,HC2501,2985.68,2987.08,2967.03,2969.82,15707,323
1760869225000,RB2501,3406.01,3409.13,3399.48,3401.41,16527,322
1760869225000,HC2501,2970.69,2985.61,2970.68,2975.35,16329,322
1760869230000,RB2501,3401.03,3424.33,3399.15,3423.56,15917,324
1760869230000,HC2501,2974.99,2985.67,2974.34,2979.16,16917,324
1760869235000,RB2501,3422.96,3430.92,3417.8,3429.69,16273,322
1760869235000,HC2501,2978.28,2995.18,2977.61,2993.52,16478,322
1760869240000,RB2501,3429.45,3441.33,3427.51,3436.98,16705,323
1760869240000,HC2501,2994.13,3008.96,2992.36,3002.83,16659,323
1760869245000,RB2501,3436,3439.95,3425.62,3426.62,16568,323
1760869245000,HC2501,3003.44,3005.58,2995.63,3002.43,16581,323
1760869250000,RB2501,3426.02,3434.25,3420.2,3420.91,16115,322
1760869250000,HC2501,3003.41,3013.1,2998.8,3003.64,16174,322
1760869255000,RB2501,3421.86,3434.95,3420.44,3429.67,16468,321
1760869255000,HC2501,3003.17,3003.17,2987.51,3002.42,16468,321
1760869260000,RB2501,3429.53,3440.26,3429.05,3435.07,16381,322
1760869260000,HC2501,3001.52,3010.21,2997.32,3002.6,16752,322
1760869265000,RB2501,3435.97,3441.5,3433.74,3439.91,16211,323
1760869265000,HC2501,3002.69,3005.47,2983.82,2983.82,15709,323
1760869270000,RB2501,3439.15,3446.49,3429.72,3437.94,16796,322
1760869270000,HC2501,2984.31,2991.22,2968.49,2971.45,16440,322
1760869275000,RB2501,3437.97,3455.14,3437.77,3449.04,16303,323
1760869275000,HC2501,2970.56,2975.28,2951.3,2961.3,16275,323
1760869280000,RB2501,3449.18,3456.42,3446.87,3453.31,17195,324
1760869280000,HC2501,2961.08,2965.92,2954.19,2960.38,16842,324
1760869285000,RB2501,3453.16,3466.58,3453.16,3462.5,15294,323
1760869285000,HC2501,2960.4,2967.68,2954.57,2963.33,16714,323
1760869290000,RB2501,3461.89,3466.41,3452.74,3454.64,16138,323
1760869290000,HC2501,2962.34,2966.36,2951.9,2958.04,16287,323
1760869295000,RB2501,3454.35,3457.1,3445.3,3452.35,16024,323
1760869295000,HC2501,2957.79,2972.28,2946.05,2966.49,16241,323
1760869300000,RB2501,3451.94,3451.98,3440.29,3441.71,16049,323
1760869300000,HC2501,2966.59,2979.84,2964.97,2973.91,16374,323
1760869305000,RB2501,3442.26,3448.14,3430.12,3430.12,16815,323
1760869305000,HC2501,2974.71,2987.32,2974.19,2981.45,16427,323
1760869310000,RB2501,3429.63,3437.13,3419.81,3435.92,16852,323
1760869310000,HC2501,2980.56,2987.07,2974.34,2986.2,16276,323
1760869315000,RB2501,3435.65,3446.66,3433.49,3442.69,15712,322
1760869315000,HC2501,2985.75,2991.96,2971.44,2975.15,17241,322
1760869320000,RB2501,3443.01,3444.95,3426.61,3432.12,16672,323
1760869320000,HC2501,2975.6,2978.54,2966.16,2970,16403,323
1760869325000,RB2501,3431.64,3448.5,3431.64,3446.55,16450,323
1760869325000,HC2501,2969.8,2996.22,2968.67,2994.23,16180,323
1760869330000,RB2501,3446.28,3450.7,3437.41,3437.9,16707,324
1760869330000,HC2501,2995.08,3000.73,2984.12,2987.84,16742,324
1760869335000,RB2501,3438.09,3438.09,3422.55,3424.96,16611,321
1760869335000,HC2501,2987.31,2989.63,2976.19,2985.28,15891,321
1760869340000,RB2501,3425.85,3427.6,3404.14,3407.56,16502,321
1760869340000,HC2501,2985.69,2992.99,2973.71,2986.32,16125,321
1760869345000,RB2501,3408.11,3422.37,3406.5,3417.19,16559,323
1760869345000,HC2501,2985.37,2986.73,2977.92,2985.67,16652,323
1760869350000,RB2501,3416.8,3421.02,3407.04,3408.77,16773,322
1760869350000,HC2501,2984.92,2988.42,2978.12,2983.55,16117,322
1760869355000,RB2501,3408.51,3409.54,3390.45,3394.48,15953,323
1760869355000,HC2501,2982.78,2991.95,2979.26,2989.94,16681,323
1760869360000,RB2501,3394.66,3394.66,3375.11,3379.59,16407,323
1760869360000,HC2501,2990.39,3010.55,2989.97,3009.76,16190,323
1760869365000,RB2501,3379.71,3400.44,3379.52,3389.87,16452,323
1760869365000,HC2501,3009.23,3016.65,3005.17,3013.25,16354,323
1760869370000,RB2501,3389.31,3391.81,3380,3388.19,16419,323
1760869370000,HC2501,3012.69,3018.38,3006.08,3014.03,16841,323
1760869375000,RB2501,3388.59,3395.04,3383.68,3385.96,16112,323
1760869375000,HC2501,3014.77,3026,3010.87,3022.28,15946,323
1760869380000,RB2501,3386.26,3391.59,3379.47,3382.79,16645,324
1760869380000,HC2501,3022.31,3027.22,3015.59,3025.05,16149,324
1760869385000,RB2501,3382.93,3387.8,3371.88,3386.26,16802,323
1760869385000,HC2501,3025.35,3038.24,3023.05,3027.85,16960,323
1760869390000,RB2501,3386.77,3389.88,3373.13,3379.48,16641,323
1760869390000,HC2501,3028.05,3029.58,3016.31,3018.34,16726,323
1760869395000,RB2501,3379.02,3382.73,3368.53,3373.92,16381,323
1760869395000,HC2501,3018.23,3024.25,3011.29,3020.69,15935,323
1760869400000,RB2501,3374.84,3394.33,3374.27,3383.22,16739,323
1760869400000,HC2501,3021.46,3028.39,3014.99,3017.35,17268,323
1760869405000,RB2501,3383.77,3385.6,3379.05,3384.41,16534,324
1760869405000,HC2501,3017.99,3023.08,3011.33,3016.37,16328,324
1760869410000,RB2501,3383.57,3406.15,3380.61,3406.15,16044,323
1760869410000,HC2501,3016.82,3016.82,3004.59,3011.01,16114,323
1760869415000,RB2501,3406.43,3411.96,3399.01,3399.01,16495,323
1760869415000,HC2501,3010.28,3013.15,2994.35,2994.35,16651,323
1760869420000,RB2501,3399.48,3404.39,3387.49,3392.32,16428,323
1760869420000,HC2501,2994.59,3003.33,2990.53,2993.64,16494,323
1760869425000,RB2501,3392.95,3393.43,3369.63,3369.94,16720,324
1760869425000,HC2501,2994.12,2996.01,2987.67,2992.28,16090,324
1760869430000,RB2501,3369.15,3379.27,3367.96,3373.88,15500,322
1760869430000,HC2501,2992.89,2995.6,2975.98,2979.08,16366,322
1760869435000,RB2501,3374.64,3380.77,3369.81,3374.77,16332,323
1760869435000,HC2501,2979.85,2981.16,2954.6,2954.88,16325,323
1760869440000,RB2501,3375.37,3377.83,3368.98,3371.21,16048,323
1760869440000,HC2501,2954.1,2965.48,2951.09,2963.75,16126,323
1760869445000,RB2501,3371.15,3375.84,3367.32,3369.48,16124,323
1760869445000,HC2501,2963.64,2980.45,2960.86,2976.05,16015,323
1760869450000,RB2501,3369.33,3378.92,3366.75,3376.79,17089,323
1760869450000,HC2501,2975.28,2991.12,2969.74,2986.42,16268,323
1760869455000,RB2501,3377.51,3389.67,3368.9,3376.12,16489,323
1760869455000,HC2501,2986.38,2986.38,2963.28,2964.05,16285,323
1760869460000,RB2501,3375.96,3376.27,3366.58,3367.55,16316,323
1760869460000,HC2501,2964.96,2972.26,2958.1,2967.88,16524,323
1760869465000,RB2501,3368.16,3370.15,3358.04,3364.74,16646,324
1760869465000,HC2501,2968.03,2969.55,2954.36,2962.67,17154,324
1760869470000,RB2501,3365.41,3379.09,3363.57,3378.86,16793,322
1760869470000,HC2501,2963.19,2972.68,2958.51,2972.52,16223,322
1760869475000,RB2501,3379.15,3393.67,3377.91,3384.85,16827,323
1760869475000,HC2501,2971.92,2984.08,2971.13,2976.21,16136,323
1760869480000,RB2501,3384.04,3398.11,3381.9,3393.91,16369,323
1760869480000,HC2501,2976.81,2983.54,2970.14,2977.33,16995,323
1760869485000,RB2501,3393.22,3395.49,3388.3,3391.03,17009,323
1760869485000,HC2501,2978.33,2987.41,2967.98,2969.21,16062,323
1760869490000,RB2501,3391.59,3419.5,3391.59,3411.23,16600,323
1760869490000,HC2501,2969.78,2969.78,2957.4,2960.17,16646,323
1760869495000,RB2501,3411.88,3420,3409.02,3409.02,16557,323
1760869495000,HC2501,2960.31,2967.91,2958.57,2965.5,16519,323
1760869500000,RB2501,3409.11,3432.12,3408.26,3425.94,16143,324
1760869500000,HC2501,2966.23,2983.64,2960.8,2978.63,16223,324
1760869505000,RB2501,3425.55,3434.95,3418.46,3428.63,16944,323
1760869505000,HC2501,2978.36,2998.32,2977,2992.48,16857,323
1760869510000,RB2501,3428.75,3433.5,3419.77,3423.25,16725,323
1760869510000,HC2501,2992.85,2999.69,2987.41,2999.27,16216,323
1760869515000,RB2501,3423.09,3445.69,3422.9,3444.83,16760,323
1760869515000,HC2501,2998.33,3000.38,2987.16,2987.85,16449,323
1760869520000,RB2501,3445.41,3449.93,3429.31,3431.27,16132,323
1760869520000,HC2501,2986.94,2996.31,2986.15,2995.71,16476,323
1760869525000,RB2501,3431.18,3454.11,3431.18,3452.58,16546,324
1760869525000,HC2501,2995.67,3000.82,2988.64,2993.45,17223,324
1760869530000,RB2501,3453.04,3457.38,3442.59,3444.91,16723,323
1760869530000,HC2501,2993.16,3008.14,2991.93,3007.39,16957,323
1760869535000,RB2501,3445.05,3448.57,3433.24,3433.46,16681,323
1760869535000,HC2501,3006.4,3007.17,2968.8,2975.25,16855,323
1760869540000,RB2501,3434.36,3442.52,3429.15,3442.52,16494,323
1760869540000,HC2501,2975.43,2982.96,2967.39,2972.84,16755,323
1760869545000,RB2501,3442.57,3448.73,3437.99,3439.74,15787,323
1760869545000,HC2501,2972.84,2984.47,2969.12,2983.13,16531,323
1760869550000,RB2501,3439.46,3440.05,3423.19,3423.69,16233,323
1760869550000,HC2501,2982.19,2982.79,2973.4,2982.79,16326,323
1760869555000,RB2501,3423.98,3428.31,3411.4,3415.41,17282,324
1760869555000,HC2501,2983.41,2989.03,2969.84,2986.76,15909,324
1760869560000,RB2501,3416,3419.49,3405.66,3405.82,16528,322
1760869560000,HC2501,2987.1,2990.28,2967.9,2969.67,16298,322
1760869565000,RB2501,3406.37,3413.22,3397.99,3404.39,16022,323
1760869565000,HC2501,2970.17,2972.62,2952.87,2953.49,16407,323
1760869570000,RB2501,3404.31,3413,3397.32,3409.24,16962,323
1760869570000,HC2501,2953.76,2953.76,2943.52,2948.67,15946,323
1760869575000,RB2501,3408.54,3410.86,3396.75,3397.44,16642,323
1760869575000,HC2501,2948.56,2954.29,2936.94,2937.24,16677,323
1760869580000,RB2501,3397.11,3397.31,3385.39,3386.42,16100,324
1760869580000,HC2501,2937.39,2945.7,2932.1,2941.37,16581,324
1760869585000,RB2501,3385.45,3389.03,3380.29,3384.42,16564,323
1760869585000,HC2501,2940.53,2954.3,2933.66,2950.46,16634,323
1760869590000,RB2501,3384.8,3390.64,3377.44,3379.11,16723,324
1760869590000,HC2501,2949.62,2966.13,2947.58,2962.49,16336,324
1760869595000,RB2501,3379.5,3392.66,3374.27,3387.13,16432,323
1760869595000,HC2501,2963.02,2964.66,2951.9,2954.03,16373,323
1760869600000,RB2501,3387.45,3397.55,3383.66,3391.88,16691,324
1760869600000,HC2501,2954.53,2961.1,2950.79,2958.45,16254,324
1760869605000,RB2501,3391.12,3397.14,3387.78,3390.5,16533,323
1760869605000,HC2501,2958.32,2965.13,2952.77,2952.77,16215,323
1760869610000,RB2501,3390.25,3407.72,3385.01,3402.33,16407,323
1760869610000,HC2501,2952.68,2959.28,2949.03,2951.4,16057,323
1760869615000,RB2501,3403.12,3420.41,3400.1,3405.95,16756,323
1760869615000,HC2501,2950.92,2950.92,2928.33,2930.71,16695,323
1760869620000,RB2501,3405.37,3409.09,3393.52,3404.01,16613,323
1760869620000,HC2501,2930.41,2939.17,2926.14,2926.51,16539,323
1760869625000,RB2501,3403.17,3412.24,3398.89,3409.4,16504,323
1760869625000,HC2501,2927.12,2932.19,2917.95,2921.67,16650,323
1760869630000,RB2501,3408.9,3409.86,3389.09,3395.8,16224,324
1760869630000,HC2501,2921.13,2924.31,2912.59,2914.6,16567,324
1760869635000,RB2501,3396.08,3406.58,3391.16,3404.93,16655,324
1760869635000,HC2501,2915.08,2929.43,2912.03,2927.53,16436,324
1760869640000,RB2501,3404.54,3415.9,3404.52,3409.46,15526,322
1760869640000,HC2501,2928.21,2951.79,2927.5,2947.81,16651,322
1760869645000,RB2501,3410.06,3419.27,3406.37,3417.8,16473,323
1760869645000,HC2501,2947.76,2953.98,2942.52,2943.7,16549,323
1760869650000,RB2501,3417.3,3429.66,3410.91,3413.2,16846,323
1760869650000,HC2501,2943.57,2962.37,2940.2,2959.81,16552,323
1760869655000,RB2501,3413.02,3440.57,3411.38,3440.54,16949,323
1760869655000,HC2501,2960.03,2966.04,2952.65,2954.79,16767,323
1760869660000,RB2501,3441.42,3445.28,3430.87,3443.91,16798,325
1760869660000,HC2501,2955.42,2968.62,2948.14,2966.5,16961,325
1760869665000,RB2501,3444.67,3458.27,3440.11,3458.27,16362,323
1760869665000,HC2501,2966.52,2966.95,2950.81,2951.42,15796,323
1760869670000,RB2501,3458.08,3471.02,3455.15,3462.96,16877,323
1760869670000,HC2501,2951.95,2961.7,2944.58,2944.81,16608,323
1760869675000,RB2501,3462.27,3463.98,3449.69,3455.14,16430,323
1760869675000,HC2501,2943.91,2950.61,2935.69,2950.61,16553,323
1760869680000,RB2501,3454.25,3464.82,3450.55,3460.52,17288,323
1760869680000,HC2501,2950.77,2957.27,2944.57,2948.82,17186,323
1760869685000,RB2501,3460.8,3465.06,3456.79,3464.16,17025,324
1760869685000,HC2501,2949.42,2951.98,2940.13,2946.72,16148,324
1760869690000,RB2501,3464.93,3470.59,3456.87,3456.87,17008,323
1760869690000,HC2501,2947.11,2960.24,2944.63,2960.01,16497,323
1760869695000,RB2501,3456.91,3475.33,3456.7,3473.59,17190,323
1760869695000,HC2501,2960.69,2962.08,2947.79,2962.08,16562,323
1760869700000,RB2501,3472.81,3473.88,3458.82,3463.51,16740,323
1760869700000,HC2501,2962.02,2969.16,2956.92,2961.76,15903,323
1760869705000,RB2501,3463.77,3467.01,3454.54,3457.18,16699,323
1760869705000,HC2501,2961.43,2968.06,2959.03,2960.45,16904,323
1760869710000,RB2501,3458.09,3464.95,3450.14,3451.11,16757,323
1760869710000,HC2501,2960.13,2964.11,2949.61,2950.93,16816,323
1760869715000,RB2501,3450.81,3454.99,3442.43,3442.43,16360,323
1760869715000,HC2501,2951.34,2961.67,2941.57,2961.24,17142,323
1760869720000,RB2501,3443.17,3465.01,3440.24,3462.53,15973,323
1760869720000,HC2501,2961.48,2982.2,2961.44,2981.55,16646,323
1760869725000,RB2501,3462.63,3473.65,3462.63,3469.1,16814,323
1760869725000,HC2501,2982.39,2995.3,2978.19,2993.44,16732,323
1760869730000,RB2501,3468.74,3469.44,3459.57,3468.16,16730,323
1760869730000,HC2501,2993.02,3011,2989.46,3008.67,15690,323
1760869735000,RB2501,3468.63,3481.95,3464.08,3472.83,16138,324
1760869735000,HC2501,3008.83,3016.09,2996.01,2997.98,15935,324
1760869740000,RB2501,3472.6,3487.25,3471.37,3478.37,16242,324
1760869740000,HC2501,2997.82,3007.59,2992.34,3007.59,16034,324
1760869745000,RB2501,3478.08,3487.47,3474.92,3487.05,17199,324
1760869745000,HC2501,3007.49,3015.44,3001.43,3004.4,16850,324
1760869750000,RB2501,3487.3,3498.36,3479.35,3482.23,16372,322
1760869750000,HC2501,3004.51,3013.2,3003.24,3006.55,15937,322
1760869755000,RB2501,3482.12,3486.55,3472.21,3473.21,16673,324
1760869755000,HC2501,3006.07,3010.63,3000.08,3006.08,16546,324
1760869760000,RB2501,3473.98,3473.98,3464.27,3468.68,16693,323
1760869760000,HC2501,3005.45,3012.37,2998.28,3006.54,16335,323
1760869765000,RB2501,3467.75,3495.16,3466.11,3490.68,16079,323
1760869765000,HC2501,3005.75,3017.37,3004.63,3009.95,16371,323
1760869770000,RB2501,3490.96,3496.1,3482.82,3483.68,16018,322
1760869770000,HC2501,3009.19,3010.1,3000.3,3001.8,16357,322
1760869775000,RB2501,3484.6,3489.64,3482.85,3486.7,16680,324
1760869775000,HC2501,3002.56,3002.81,2989.87,2996.27,16358,324
1760869780000,RB2501,3486.62,3488,3472.29,3474.49,16058,323
1760869780000,HC2501,2995.78,3001.28,2982.9,2998.4,16296,323
1760869785000,RB2501,3475.13,3487.25,3473.09,3482.79,16980,324
1760869785000,HC2501,2998.74,3009.61,2985.51,2987.59,16076,324
1760869790000,RB2501,3483.29,3494.02,3480.45,3483.84,16497,322
1760869790000,HC2501,2987.52,2995.18,2984.11,2991.72,15955,322
1760869795000,RB2501,3483.54,3483.54,3472.29,3481.31,16414,323
1760869795000,HC2501,2990.87,3002.93,2986.25,2999.32,16205,323
1760869800000,RB2501,3480.97,3491.1,3475.04,3489.72,16960,322
1760869800000,HC2501,2999.3,3004.55,2980.34,2983.83,16702,322
1760869805000,RB2501,3490.1,3499.99,3485.63,3492.72,15909,321
1760869805000,HC2501,2982.99,2982.99,2963.67,2966.51,16220,321
1760869810000,RB2501,3492.01,3502.4,3491.51,3495.15,16126,323
1760869810000,HC2501,2967.18,2969.48,2959.06,2964.69,16147,323
1760869815000,RB2501,3494.44,3497.47,3453.61,3455.26,16291,323
1760869815000,HC2501,2963.85,2967.15,2939.39,2941.45,17018,323
1760869820000,RB2501,3455.07,3455.86,3440.05,3454.07,16596,324
1760869820000,HC2501,2940.83,2947.91,2930.54,2943.32,16566,324
1760869825000,RB2501,3454.44,3467.63,3449.42,3466.06,16311,323
1760869825000,HC2501,2943.63,2958.51,2940.7,2957.03,16707,323
1760869830000,RB2501,3466.91,3480.85,3465.26,3479.3,16100,323
1760869830000,HC2501,2957.69,2961,2946.72,2954.44,16235,323
1760869835000,RB2501,3479.35,3501,3474.8,3500.44,17140,323
1760869835000,HC2501,2954.68,2975.28,2952.33,2975.28,16700,323
1760869840000,RB2501,3499.66,3500.53,3480.29,3488.61,16971,323
1760869840000,HC2501,2974.87,2981.34,2962.44,2962.44,16385,323
1760869845000,RB2501,3488.89,3505.4,3481.82,3505.33,16466,323
1760869845000,HC2501,2962.55,2963.45,2946.59,2949.4,16402,323
1760869850000,RB2501,3506.19,3506.19,3489.39,3491.26,16884,323
1760869850000,HC2501,2949.58,2955.18,2940.31,2943.01,16284,323
1760869855000,RB2501,3491.59,3501.13,3487.63,3496.63,15893,323
1760869855000,HC2501,2942.52,2946.99,2932.7,2936.16,16063,323
1760869860000,RB2501,3496.49,3501.66,3488.3,3493.69,16640,323
1760869860000,HC2501,2935.63,2958.28,2935.63,2952.23,16044,323
1760869865000,RB2501,3493.45,3500.49,3489.75,3490.15,16215,323
1760869865000,HC2501,2952.46,2978.54,2951.55,2976.3,16331,323
1760869870000,RB2501,3490.45,3502.6,3487.1,3499.61,16312,323
1760869870000,HC2501,2975.47,2979.46,2963.49,2967.24,15974,323
1760869875000,RB2501,3499.35,3518.98,3499.35,3514.95,16462,323
1760869875000,HC2501,2966.99,2977.73,2965.66,2974.45,16267,323
1760869880000,RB2501,3515.7,3515.7,3502.47,3505.12,16674,323
1760869880000,HC2501,2974.32,2989.96,2974.32,2989.96,16509,323
1760869885000,RB2501,3504.3,3507.05,3495.37,3502.2,16585,323
1760869885000,HC2501,2990.03,3000.54,2988.74,2991.28,15832,323
1760869890000,RB2501,3501.7,3517.4,3499.58,3516.24,16866,324
1760869890000,HC2501,2991.43,2998.2,2988.68,2990.21,15953,324
1760869895000,RB2501,3516.63,3521.88,3512.85,3514.62,15972,323
1760869895000,HC2501,2989.81,2993.66,2976.6,2983.81,16397,323
1760869900000,RB2501,3513.9,3516.37,3507.42,3512.57,16612,323
1760869900000,HC2501,2984.1,2995.4,2979.68,2992.83,16210,323
1760869905000,RB2501,3512.85,3525.06,3509.02,3521.51,15793,324
1760869905000,HC2501,2992.41,2994.72,2984.68,2986.23,16674,324
1760869910000,RB2501,3522.04,3529.2,3507.51,3525.6,17005,323
1760869910000,HC2501,2986.76,2987.35,2977.58,2980.55,16625,323
1760869915000,RB2501,3526.22,3561.55,3525.32,3561.34,15827,324
1760869915000,HC2501,2981.38,2988.98,2975.9,2988.98,16477,324
1760869920000,RB2501,3562.23,3562.67,3542.8,3543.91,17059,323
1760869920000,HC2501,2988.63,3000.98,2988.36,2992.89,16759,323
1760869925000,RB2501,3544.16,3546.24,3537.34,3538.57,17157,323
1760869925000,HC2501,2993.16,3002.78,2984.08,2986.14,16302,323
1760869930000,RB2501,3539.41,3543.78,3527.85,3540.48,16001,322
1760869930000,HC2501,2985.88,2992.54,2975.91,2975.91,16427,322
1760869935000,RB2501,3541.07,3553.16,3535.02,3548.61,15603,323
1760869935000,HC2501,2976.89,2980.96,2971.14,2972.46,16584,323
1760869940000,RB2501,3547.92,3553.92,3535.01,3543.69,17221,323
1760869940000,HC2501,2972.64,2973.32,2959.19,2963.19,15775,323
1760869945000,RB2501,3543.55,3545.31,3527.06,3528.8,16393,324
1760869945000,HC2501,2962.68,2966.81,2952.54,2956.12,16645,324
1760869950000,RB2501,3528.73,3535.98,3527.81,3533.57,16436,322
1760869950000,HC2501,2956.78,2959.32,2947.22,2950.29,16038,322
1760869955000,RB2501,3532.79,3554.02,3530.01,3542.96,15810,323
1760869955000,HC2501,2950.59,2953.71,2943.86,2946.74,16367,323
1760869960000,RB2501,3542.78,3550.28,3539.03,3544.36,16299,324
1760869960000,HC2501,2947.36,2953.21,2937.22,2944.36,16926,324
1760869965000,RB2501,3543.45,3545.2,3528.3,3540.02,16209,323
1760869965000,HC2501,2944.23,2957.59,2944.23,2955.68,16527,323
1760869970000,RB2501,3539.27,3544.2,3530.31,3544.2,16198,324
1760869970000,HC2501,2956.48,2966.54,2950.29,2956.72,16638,324
1760869975000,RB2501,3544.54,3547.58,3529.44,3535.71,16366,324
1760869975000,HC2501,2956.9,2960.84,2951.74,2956.15,16843,324
1760869980000,RB2501,3535.35,3551.46,3532.17,3546.84,15819,323
1760869980000,HC2501,2956.28,2965.41,2953.34,2963.21,16151,323
1760869985000,RB2501,3546.73,3555.62,3542.78,3545.26,16733,323
1760869985000,HC2501,2962.22,2964.53,2945.18,2945.88,16725,323
1760869990000,RB2501,3544.54,3551.22,3537.84,3542.93,17144,324
1760869990000,HC2501,2945.32,2947.91,2923.32,2923.77,16347,324
1760869995000,RB2501,3543.75,3545.21,3533.29,3535.48,16175,323
1760869995000,HC2501,2924.62,2946.54,2919.59,2945.44,17294,323
1760870000000,RB2501,3536.36,3545.75,3535.09,3543.16,16727,323
1760870000000,HC2501,2944.95,2949.34,2931.68,2935.21,16267,323
1760870005000,RB2501,3542.9,3553.2,3526.72,3527.98,17120,323
1760870005000,HC2501,2935.87,2944.14,2928.96,2933.19,16474,323
1760870010000,RB2501,3528.39,3534.8,3500.04,3505.56,16161,323
1760870010000,HC2501,2933.85,2935.04,2908.24,2915.7,15718,323
1760870015000,RB2501,3505.42,3512.18,3501.79,3509.8,16389,323
1760870015000,HC2501,2916.59,2924.32,2909.36,2912.82,16692,323
1760870020000,RB2501,3510.71,3514.37,3500.97,3514.34,16665,323
1760870020000,HC2501,2913.45,2914.5,2892.46,2901.94,16285,323
1760870025000,RB2501,3513.74,3528.33,3513.74,3515.52,16385,323
1760870025000,HC2501,2902.58,2917.04,2901.95,2903.89,15712,323
1760870030000,RB2501,3516.38,3526.8,3514.9,3514.9,16916,322
1760870030000,HC2501,2903.85,2913.97,2895.04,2913.14,16155,322
1760870035000,RB2501,3514.7,3529.89,3512.56,3529.31,16494,323
1760870035000,HC2501,2912.96,2931.25,2912.15,2915.28,16437,323
1760870040000,RB2501,3529.23,3542.88,3526.05,3540.44,16340,324
1760870040000,HC2501,2915.81,2924.12,2908.02,2917.7,16744,324
1760870045000,RB2501,3539.79,3571.8,3539.79,3569,16750,324
1760870045000,HC2501,2917.85,2931.36,2915.64,2924.12,15873,324
1760870050000,RB2501,3568.57,3571.96,3561.79,3566.67,16262,323
1760870050000,HC2501,2923.44,2923.48,2894.41,2898.59,16328,323
1760870055000,RB2501,3565.93,3581.12,3561.08,3581.12,16709,323
1760870055000,HC2501,2897.81,2900.77,2888.82,2890.5,16811,323
1760870060000,RB2501,3581.72,3596.52,3580.04,3595.14,16766,324
1760870060000,HC2501,2891.07,2895.56,2881.59,2887.76,16471,324
1760870065000,RB2501,3595.59,3607.77,3592.38,3598.41,16563,323
1760870065000,HC2501,2887,2898.2,2886.22,2888.29,15986,323
1760870070000,RB2501,3597.86,3597.86,3579.74,3584.12,16796,322
1760870070000,HC2501,2887.42,2895.94,2882.28,2889.27,16803,322
1760870075000,RB2501,3584.36,3604.98,3582.62,3601.63,17233,324
1760870075000,HC2501,2889.58,2897.03,2877.87,2880.21,17105,324
1760870080000,RB2501,3601.27,3604.12,3586.6,3586.6,16525,323
1760870080000,HC2501,2880.5,2891.59,2880.5,2885.08,16816,323
1760870085000,RB2501,3586.18,3586.18,3565.66,3579.7,16626,323
1760870085000,HC2501,2884.96,2896.26,2881.3,2895.46,16756,323
1760870090000,RB2501,3578.94,3584.04,3574.93,3578.05,16687,323
1760870090000,HC2501,2894.85,2897.45,2883.72,2886.65,16819,323
1760870095000,RB2501,3578.9,3579.75,3565.43,3568.02,17164,323
1760870095000,HC2501,2886.13,2890.21,2877.07,2879.82,16682,323
1760870100000,RB2501,3568.02,3593.73,3567.23,3592.42,16617,324
1760870100000,HC2501,2879.34,2886.25,2876.35,2884.56,15900,324
1760870105000,RB2501,3592.18,3600.72,3588.63,3597.85,17020,323
1760870105000,HC2501,2884.43,2884.63,2869.69,2879.14,16157,323
1760870110000,RB2501,3597.83,3602.14,3590.11,3593.15,15902,324
1760870110000,HC2501,2879.18,2882.56,2869.48,2870.18,16536,324
1760870115000,RB2501,3592.22,3602.23,3590.92,3597.2,16927,323
1760870115000,HC2501,2869.93,2875.68,2866.71,2875.32,16043,323
1760870120000,RB2501,3597.03,3600.58,3588.6,3590.38,17036,324
1760870120000,HC2501,2875.43,2876.34,2863.21,2871.16,16674,324
1760870125000,RB2501,3589.73,3598.94,3583.14,3598.38,16193,323
1760870125000,HC2501,2870.41,2874.36,2848.98,2849.26,17096,323
1760870130000,RB2501,3599.31,3600,3585.2,3591.4,16319,322
1760870130000,HC2501,2848.89,2865.44,2847.12,2863.32,15160,322
1760870135000,RB2501,3591.2,3606.71,3585.12,3605.86,16545,324
1760870135000,HC2501,2863.68,2865.25,2838.76,2839.14,17251,324
1760870140000,RB2501,3606.17,3610.65,3600.32,3610.65,16022,322
1760870140000,HC2501,2839.56,2871.24,2839.32,2870.74,16138,322
1760870145000,RB2501,3611.07,3621.34,3607.87,3614.21,16722,323
1760870145000,HC2501,2870.39,2877.62,2865.62,2866.26,16581,323
1760870150000,RB2501,3613.57,3622.23,3609.83,3613.14,16360,323
1760870150000,HC2501,2865.45,2888.68,2863.19,2888,15812,323
1760870155000,RB2501,3612.37,3623.1,3611.82,3616.24,16630,323
1760870155000,HC2501,2888.77,2895.56,2884.37,2886.4,16708,323
1760870160000,RB2501,3615.4,3624.46,3609.19,3620.7,16345,323
1760870160000,HC2501,2886.56,2889.92,2875.18,2885.11,16546,323
1760870165000,RB2501,3621.49,3630.77,3613.29,3615.49,16319,324
1760870165000,HC2501,2885.2,2890.06,2876.35,2877.36,16204,324
1760870170000,RB2501,3616.36,3632.22,3615.91,3627.93,16553,323
1760870170000,HC2501,2876.42,2884.22,2866.75,2872.4,16216,323
1760870175000,RB2501,3628.28,3635.9,3623.73,3635.03,15781,322
1760870175000,HC2501,2872.82,2904.41,2869.21,2897.75,16086,322
1760870180000,RB2501,3635.99,3639.08,3626.55,3635.45,16215,323
1760870180000,HC2501,2896.92,2909.37,2896.46,2903.54,16531,323
1760870185000,RB2501,3635.97,3642.75,3630.83,3639.35,16250,323
1760870185000,HC2501,2903.6,2910.19,2896.96,2898.35,16984,323
1760870190000,RB2501,3638.88,3640.24,3618.74,3618.74,16771,324
1760870190000,HC2501,2899.24,2902.37,2885.49,2885.71,16764,324
1760870195000,RB2501,3618.14,3618.14,3605.74,3612.39,16476,323
1760870195000,HC2501,2885.86,2898.8,2881.87,2898.01,16245,323
1760870200000,RB2501,3611.83,3622.29,3600.68,3605.53,15948,322
1760870200000,HC2501,2898.24,2918.47,2896.36,2914.51,15948,322
1760870205000,RB2501,3604.57,3612.15,3594.35,3602.09,16865,324
1760870205000,HC2501,2915.4,2919.66,2905.01,2909.97,16289,324
1760870210000,RB2501,3602.63,3623.04,3601.41,3616.69,16648,324
1760870210000,HC2501,2909.26,2911.95,2887.81,2889.19,16029,324
1760870215000,RB2501,3616.91,3627.81,3606.38,3618.91,16961,323
1760870215000,HC2501,2888.49,2894.94,2878.29,2894.59,16183,323
1760870220000,RB2501,3619.73,3626.28,3615.04,3623.77,16281,323
1760870220000,HC2501,2893.6,2907.1,2893.6,2905.43,16005,323
1760870225000,RB2501,3623.18,3628.32,3616.03,3628.21,15641,323
1760870225000,HC2501,2906.08,2917.8,2901.14,2914.74,16013,323
1760870230000,RB2501,3628.6,3634.45,3619.48,3628.59,16902,323
1760870230000,HC2501,2914.52,2914.75,2898.47,2912.2,16359,323
1760870235000,RB2501,3628.06,3628.57,3612.99,3613.66,16441,324
1760870235000,HC2501,2911.94,2927.15,2905.06,2926.68,16112,324
1760870240000,RB2501,3612.94,3618.68,3608.13,3614.98,17184,321
1760870240000,HC2501,2926.97,2939.85,2925.19,2931.81,15382,321
1760870245000,RB2501,3614.54,3622.04,3610.06,3618.27,16001,324
1760870245000,HC2501,2932.27,2954.42,2932.27,2943.9,16123,324
1760870250000,RB2501,3618.96,3626.23,3614.75,3625.04,16826,323
1760870250000,HC2501,2943.88,2950.22,2927.99,2929.12,16838,323
1760870255000,RB2501,3625.13,3636.43,3623.68,3634.01,16218,323
1760870255000,HC2501,2929.72,2937.82,2922.52,2932.43,16527,323
1760870260000,RB2501,3633.75,3638.3,3618.92,3626.08,16661,323
1760870260000,HC2501,2933.05,2942.47,2923.95,2942.47,16283,323
1760870265000,RB2501,3625.19,3632.45,3606.29,3606.83,16247,323
1760870265000,HC2501,2941.94,2951.62,2941.94,2950.4,16623,323
1760870270000,RB2501,3606.9,3611.97,3598.55,3607.67,16455,323
1760870270000,HC2501,2949.95,2960.96,2946.56,2957.11,16558,323
1760870275000,RB2501,3607.46,3620.75,3606.36,3613.33,16721,323
1760870275000,HC2501,2957.25,2970.97,2953.28,2966.68,16709,323
1760870280000,RB2501,3612.87,3624.36,3612.61,3616.67,16763,323
1760870280000,HC2501,2965.83,2969.16,2956.1,2964.6,15760,323
1760870285000,RB2501,3616.41,3619.28,3591.66,3594.8,16241,323
1760870285000,HC2501,2965.18,2982.1,2960.22,2970.14,16665,323
1760870290000,RB2501,3595.77,3599.88,3578.08,3578.68,16878,324
1760870290000,HC2501,2970.54,2979.12,2966.36,2974.34,15994,324
1760870295000,RB2501,3578.05,3579.02,3560.41,3562.8,16625,323
1760870295000,HC2501,2975.12,3005.29,2975.12,2997.83,16292,323
1760870300000,RB2501,3563.44,3577.43,3563.44,3567.18,16000,322
1760870300000,HC2501,2997.82,3005.93,2991.9,2993.85,16100,322
1760870305000,RB2501,3566.28,3582.22,3558.13,3561.62,17281,323
1760870305000,HC2501,2994.28,3001.52,2991.41,2994.74,16759,323
1760870310000,RB2501,3562.38,3574.74,3557.99,3574.74,16984,324
1760870310000,HC2501,2994.06,3016.15,2989.35,3014.09,16893,324
1760870315000,RB2501,3573.85,3588.92,3569.02,3588.33,17195,323
1760870315000,HC2501,3014.17,3015.52,3002.76,3004.11,16540,323
1760870320000,RB2501,3588.49,3589.86,3571.74,3575.19,16781,323
1760870320000,HC2501,3004.11,3018.03,3002.7,3010.7,17017,323
1760870325000,RB2501,3576.05,3588.9,3569.76,3588.38,16565,323
1760870325000,HC2501,3011.4,3023.5,3010,3021.86,16495,323
1760870330000,RB2501,3588.61,3588.61,3573.07,3586.87,16532,323
1760870330000,HC2501,3021.35,3026.42,3015.41,3018.07,16328,323
1760870335000,RB2501,3587.35,3605.95,3586.78,3605.95,16334,323
1760870335000,HC2501,3017.08,3024.97,3009.05,3019.57,16625,323
1760870340000,RB2501,3605.46,3608.74,3596.49,3606.62,15979,323
1760870340000,HC2501,3018.82,3031.64,3017.83,3017.83,16175,323
1760870345000,RB2501,3605.86,3607.06,3589.59,3592.87,16012,323
1760870345000,HC2501,3018.12,3021.13,3010.41,3017.41,16590,323
1760870350000,RB2501,3592.98,3600.74,3578.69,3598.21,16004,323
1760870350000,HC2501,3017.25,3017.25,2987.65,2988.9,16571,323
1760870355000,RB2501,3599.14,3611.64,3597.6,3608.66,16902,324
1760870355000,HC2501,2988.48,2994.38,2979.35,2993.94,16147,324
1760870360000,RB2501,3609.47,3611.39,3603.79,3606.12,17028,322
1760870360000,HC2501,2993.72,3010,2993.19,3008.29,15878,322
1760870365000,RB2501,3606.6,3633.2,3602.39,3627.27,15766,322
1760870365000,HC2501,3008.31,3012.76,3001.98,3012.76,16690,322
1760870370000,RB2501,3626.52,3632.39,3620.39,3622.64,16081,322
1760870370000,HC2501,3012.04,3012.95,3003.7,3008.85,16180,322
1760870375000,RB2501,3622.57,3645.47,3622.57,3643.07,16445,322
1760870375000,HC2501,3008.21,3009.48,2982.36,2982.36,16063,322
1760870380000,RB2501,3642.33,3645.25,3631.5,3637.86,16124,323
1760870380000,HC2501,2982.93,2983.89,2961.17,2967.85,16399,323
1760870385000,RB2501,3637.24,3645.52,3619.63,3619.63,16736,322
1760870385000,HC2501,2967.78,2971.05,2954.19,2954.19,15914,322
1760870390000,RB2501,3619.56,3626.59,3605.44,3626.59,16856,323
1760870390000,HC2501,2953.55,2953.55,2925.21,2928.78,16609,323
1760870395000,RB2501,3626.7,3628.62,3619.41,3623.83,16744,322
1760870395000,HC2501,2928.83,2953.06,2926.63,2945.97,16666,322
1760870400000,RB2501,3623.99,3623.99,3605.53,3609.87,16105,323
1760870400000,HC2501,2945.02,2955.76,2941.15,2955.25,15630,323
1760870405000,RB2501,3609.75,3609.94,3597.37,3606.87,16191,322
1760870405000,HC2501,2954.64,2978.82,2954.26,2978.63,16038,322
1760870410000,RB2501,3607.52,3609.07,3596.76,3603.49,16686,323
1760870410000,HC2501,2978.84,2989.73,2976.47,2979.7,16313,323
1760870415000,RB2501,3604.42,3607.29,3594.4,3599.48,16132,322
1760870415000,HC2501,2979.2,2986.25,2969.45,2984.87,16120,322
1760870420000,RB2501,3599.22,3602.24,3572.54,3572.54,16812,323
1760870420000,HC2501,2984.31,2987.21,2975.93,2979.41,16516,323
1760870425000,RB2501,3572.44,3574.39,3554.31,3555.05,16016,322
1760870425000,HC2501,2979.54,3004.03,2974.31,3003.34,16280,322
1760870430000,RB2501,3554.32,3579.59,3548.18,3575.67,16399,323
1760870430000,HC2501,3003.35,3014.19,3003.35,3006.47,15788,323
1760870435000,RB2501,3576.1,3580.4,3567.5,3573.88,16532,322
1760870435000,HC2501,3006.41,3012.95,2999.89,3000.66,16856,322
1760870440000,RB2501,3573.19,3573.4,3561.17,3563.48,16745,323
1760870440000,HC2501,3000.43,3018.61,3000.13,3016.34,17088,323
1760870445000,RB2501,3563.42,3565.81,3553.4,3560.51,16263,324
1760870445000,HC2501,3015.69,3016.36,3001.75,3007.61,16331,324
1760870450000,RB2501,3561.04,3566,3555.21,3558.05,16632,323
1760870450000,HC2501,3006.66,3008.59,2993.31,2995.67,17453,323
1760870455000,RB2501,3557.2,3560.5,3545.01,3556.02,16484,323
1760870455000,HC2501,2995.82,3006.14,2995.21,3003.5,16660,323
1760870460000,RB2501,3556.52,3557.39,3542.32,3549.47,15939,323
1760870460000,HC2501,3003.33,3025.08,3002.46,3009.5,16049,323
1760870465000,RB2501,3548.96,3559.3,3547.73,3557.13,16698,323
1760870465000,HC2501,3008.92,3012.53,2999.72,3011.74,16771,323
1760870470000,RB2501,3556.51,3562.08,3547.18,3551.6,16315,322
1760870470000,HC2501,3011.68,3015.43,3005.73,3008.89,16174,322
1760870475000,RB2501,3550.63,3585.03,3550.36,3584.2,17054,324
1760870475000,HC2501,3009.71,3012.05,2995.14,3003.55,16757,324
1760870480000,RB2501,3583.94,3591.78,3578.09,3579.39,16194,323
1760870480000,HC2501,3002.63,3004.45,2976.69,2978.7,16632,323
1760870485000,RB2501,3579.24,3587.44,3577.89,3584.41,16575,324
1760870485000,HC2501,2978.89,2987.07,2974.26,2974.83,16493,324
1760870490000,RB2501,3583.49,3598.17,3582.22,3593.35,16418,323
1760870490000,HC2501,2974.63,2991.49,2974.63,2988.66,15824,323
1760870495000,RB2501,3593.49,3596.74,3585.83,3589.69,16445,323
1760870495000,HC2501,2988.3,2992.14,2982.42,2983.52,16035,323
1760870500000,RB2501,3588.86,3594.61,3581.35,3592.27,16154,322
1760870500000,HC2501,2983.7,2987.9,2976.95,2978.04,16468,322
1760870505000,RB2501,3593.18,3595.32,3573.07,3575.9,16666,323
1760870505000,HC2501,2978.4,2987.94,2973.95,2986.61,16572,323
1760870510000,RB2501,3576.63,3581.45,3567.74,3573.85,16346,322
1760870510000,HC2501,2986.65,2991.59,2978.33,2980.15,16748,322
1760870515000,RB2501,3573.73,3575.68,3563.96,3566.01,15610,323
1760870515000,HC2501,2980.9,3009.9,2980.9,3009.29,16332,323
1760870520000,RB2501,3566.81,3579.35,3566.52,3576.14,16613,323
1760870520000,HC2501,3009.74,3011.58,2982.49,2986.15,16519,323
1760870525000,RB2501,3577.01,3586.04,3573.1,3582.65,15829,323
1760870525000,HC2501,2985.54,2990.91,2979.39,2986.23,16350,323
1760870530000,RB2501,3583.16,3594.61,3581.32,3590.25,17257,322
1760870530000,HC2501,2986.44,2991.07,2969.58,2971.13,16773,322
1760870535000,RB2501,3590.16,3590.16,3574.87,3584.12,16455,323
1760870535000,HC2501,2970.69,2997.97,2966.68,2997.97,17179,323
1760870540000,RB2501,3584.88,3587.98,3570.05,3580.18,17019,324
1760870540000,HC2501,2997.19,2999.89,2988.76,2990.53,16979,324
1760870545000,RB2501,3580,3583.71,3557.24,3560.24,16072,322
1760870545000,HC2501,2989.88,2991.59,2965.56,2970.75,16053,322
1760870550000,RB2501,3559.44,3570.17,3559.44,3561.97,16834,323
1760870550000,HC2501,2971.63,2987.88,2970.53,2982.53,16689,323
1760870555000,RB2501,3561.42,3569.17,3553.08,3555.23,16753,324
1760870555000,HC2501,2983.42,2994.04,2981.44,2993.33,16647,324
1760870560000,RB2501,3554.71,3564.23,3552.71,3559.31,16831,324
1760870560000,HC2501,2993.99,2998.87,2986.44,2987.84,16648,324
1760870565000,RB2501,3559.16,3576.37,3556.81,3567.93,16575,324
1760870565000,HC2501,2987,2991.8,2981.32,2984.94,15886,324
1760870570000,RB2501,3568.16,3568.56,3544.45,3545.37,16220,324
1760870570000,HC2501,2985.5,2987.57,2971.63,2974.7,16761,324
1760870575000,RB2501,3544.53,3552.06,3538.22,3544.24,16399,322
1760870575000,HC2501,2973.79,2981.89,2968.21,2978.46,16368,322
1760870580000,RB2501,3543.78,3548.71,3533.55,3533.85,16544,323
1760870580000,HC2501,2978.74,2988.93,2975.4,2976.37,15855,323
1760870585000,RB2501,3534.78,3535.96,3519.94,3528.23,16473,324
1760870585000,HC2501,2976.51,2989.87,2976.51,2983.5,16496,324
1760870590000,RB2501,3528.3,3535.28,3524.93,3532.15,16193,323
1760870590000,HC2501,2982.7,2988.65,2978.03,2978.83,16075,323
1760870595000,RB2501,3532.87,3538.09,3525.69,3529.11,16468,323
1760870595000,HC2501,2979.61,3002.78,2976.57,2995.72,16712,323
1760870600000,RB2501,3529.53,3530.01,3503.63,3503.68,17051,323
1760870600000,HC2501,2995.6,2996.2,2980.64,2990.42,16360,323
1760870605000,RB2501,3504.4,3508.87,3489.05,3497.16,16355,324
1760870605000,HC2501,2990.81,2998.65,2981.51,2982.7,16562,324
1760870610000,RB2501,3496.22,3517.46,3496.22,3512.95,16160,323
1760870610000,HC2501,2982.68,2984.5,2977.13,2984.17,16356,323
1760870615000,RB2501,3512.96,3515.3,3502.19,3508.87,16279,322
1760870615000,HC2501,2984.43,2994.85,2977.79,2983.11,16155,322
1760870620000,RB2501,3509.76,3511.73,3499.18,3501.78,16679,324
1760870620000,HC2501,2983.58,2989.14,2978.04,2982.8,16540,324
1760870625000,RB2501,3501.46,3515.82,3499.51,3514.87,16441,323
1760870625000,HC2501,2982.98,2986.51,2968.3,2970.81,16456,323
1760870630000,RB2501,3515.22,3529.46,3511.09,3529.13,17091,324
1760870630000,HC2501,2970.34,2971.91,2949.29,2954.33,15811,324
1760870635000,RB2501,3529.91,3538.94,3523.87,3536.46,16774,323
1760870635000,HC2501,2955.29,2963.12,2948.34,2962.11,16382,323
1760870640000,RB2501,3536.01,3546.73,3535.9,3541.55,16810,324
1760870640000,HC2501,2962.95,2962.95,2947.71,2955.81,16848,324
1760870645000,RB2501,3542.43,3555.5,3542.41,3552.72,16104,323
1760870645000,HC2501,2955.6,2960.02,2948.56,2948.56,16572,323
1760870650000,RB2501,3552.19,3556.84,3546.17,3549.12,15902,322
1760870650000,HC2501,2949.26,2952.56,2937.67,2942.12,16585,322
1760870655000,RB2501,3548.94,3555.73,3537.76,3542.85,16637,323
1760870655000,HC2501,2941.32,2942.84,2928.89,2931.59,16353,323
1760870660000,RB2501,3543.64,3551.61,3540.47,3543.73,16407,323
1760870660000,HC2501,2930.79,2934.07,2921.28,2926.09,16688,323
1760870665000,RB2501,3544.55,3547.42,3520.8,3522.13,17076,324
1760870665000,HC2501,2925.46,2948.77,2923.02,2947.17,16227,324
1760870670000,RB2501,3523.07,3527.35,3515.44,3516.85,16919,322
1760870670000,HC2501,2946.23,2949.73,2934.98,2939.6,16611,322
1760870675000,RB2501,3516.51,3518.13,3509.38,3514.2,16432,323
1760870675000,HC2501,2938.72,2956.86,2935.88,2952.54,16260,323
1760870680000,RB2501,3514.3,3527.8,3513.53,3525.27,16439,323
1760870680000,HC2501,2952.78,2958.99,2947.31,2948.93,16206,323
1760870685000,RB2501,3525.29,3532.29,3523.31,3529.51,16766,324
1760870685000,HC2501,2949.15,2955.2,2946.37,2950.11,16846,324
1760870690000,RB2501,3529.21,3535.04,3522.06,3528.44,16482,323
1760870690000,HC2501,2950.37,2951.97,2932.06,2939.55,17170,323
1760870695000,RB2501,3529.37,3540.82,3524.37,3533.07,17255,324
1760870695000,HC2501,2940.04,2942.02,2928.05,2930.59,16104,324
1760870700000,RB2501,3533.52,3540.9,3530.45,3532.07,16116,322
1760870700000,HC2501,2931.28,2947.51,2922.82,2945.57,16455,322
1760870705000,RB2501,3532.17,3538.07,3523.03,3528.97,16887,323
1760870705000,HC2501,2945.55,2951.98,2935.8,2939.33,17177,323
1760870710000,RB2501,3528.24,3534.73,3523.68,3532.71,15900,323
1760870710000,HC2501,2939.04,2947.9,2932.33,2943.82,16925,323
1760870715000,RB2501,3532.89,3550.69,3531.55,3547.59,15924,323
1760870715000,HC2501,2943.82,2947.8,2935.01,2943.72,17106,323
1760870720000,RB2501,3547.38,3564.83,3547.38,3559.03,17060,323
1760870720000,HC2501,2944.17,2948.73,2935.17,2941.01,16308,323
1760870725000,RB2501,3559.8,3560.62,3542.82,3546.83,16236,323
1760870725000,HC2501,2941.1,2953.84,2935.78,2951.75,16046,323
1760870730000,RB2501,3547.27,3549.49,3523.93,3533.48,16303,324
1760870730000,HC2501,2951.65,2953.96,2944.62,2947.23,16140,324
1760870735000,RB2501,3533.02,3536.21,3516.83,3516.83,16054,322
1760870735000,HC2501,2948.14,2953.82,2940.45,2951.54,16678,322
1760870740000,RB2501,3516.28,3525.34,3508.87,3508.87,16399,323
1760870740000,HC2501,2952.21,2957.41,2934.93,2935.92,16680,323
1760870745000,RB2501,3508.95,3523.6,3508.64,3513.71,16640,323
1760870745000,HC2501,2936.69,2946.19,2927.78,2929.28,15869,323
1760870750000,RB2501,3512.79,3534,3511.38,3533.15,15974,323
1760870750000,HC2501,2929.75,2936.12,2913.34,2916.2,16662,323
1760870755000,RB2501,3533.61,3535.02,3507.68,3511.25,16496,323
1760870755000,HC2501,2915.74,2923.3,2911.77,2921.59,16721,323
1760870760000,RB2501,3511.08,3513.16,3500.74,3511.62,16358,323
1760870760000,HC2501,2921.52,2935.1,2918.38,2934.12,16907,323
1760870765000,RB2501,3512.28,3520.96,3508.92,3516.92,16435,323
1760870765000,HC2501,2933.58,2946.33,2930.85,2941.2,16133,323
1760870770000,RB2501,3516.13,3516.13,3489.35,3491.95,17174,323
1760870770000,HC2501,2940.24,2953.13,2939.33,2951.8,16110,323
1760870775000,RB2501,3492.44,3517.17,3491.15,3516.97,16792,323
1760870775000,HC2501,2952.41,2958.11,2942.87,2957.29,16180,323
1760870780000,RB2501,3516.73,3519,3506.98,3508.82,16287,324
1760870780000,HC2501,2956.69,2960.59,2949.68,2957.2,17402,324
1760870785000,RB2501,3508.7,3525.18,3508.7,3517.63,16675,323
1760870785000,HC2501,2958.19,2958.82,2941.18,2953.05,16978,323
1760870790000,RB2501,3517.5,3527.37,3515.46,3520.1,16619,323
1760870790000,HC2501,2952.21,2962.28,2950.71,2953.1,16748,323
1760870795000,RB2501,3520.39,3523.91,3513.69,3517.34,16293,323
1760870795000,HC2501,2953.19,2963.68,2947.96,2949.9,17174,323
1760870800000,RB2501,3517.32,3524.08,3507.25,3508.6,16930,323
1760870800000,HC2501,2950.54,2955.45,2944.87,2954.48,16222,323
1760870805000,RB2501,3508.76,3509.97,3496.94,3508.86,16048,324
1760870805000,HC2501,2953.84,2953.84,2939.29,2946.35,16397,324
1760870810000,RB2501,3507.95,3511.61,3493.28,3494.51,17816,323
1760870810000,HC2501,2945.77,2954.61,2944.17,2952.07,16821,323
1760870815000,RB2501,3495.48,3517.02,3495.05,3512.67,16466,322
1760870815000,HC2501,2952.44,2970.84,2952.44,2969.49,15829,322
1760870820000,RB2501,3512.79,3517.41,3506.53,3514.06,16221,323
1760870820000,HC2501,2968.9,2982.82,2964.32,2981.36,16501,323
1760870825000,RB2501,3513.23,3525.35,3510.27,3523.61,16756,324
1760870825000,HC2501,2981.89,2988.28,2978.93,2988.28,16585,324
1760870830000,RB2501,3523.51,3535.74,3512.57,3529.04,16610,323
1760870830000,HC2501,2988.67,2989.15,2961.21,2963.42,16466,323
1760870835000,RB2501,3529.91,3531.01,3520.75,3524.98,15878,323
1760870835000,HC2501,2963.04,2966.91,2951.6,2954.65,16488,323
1760870840000,RB2501,3524.26,3528.99,3514.77,3525.79,16725,323
1760870840000,HC2501,2953.98,2954.84,2943.84,2947.46,16367,323
1760870845000,RB2501,3524.94,3537.27,3521.42,3534.35,16729,323
1760870845000,HC2501,2947.88,2953.8,2939.58,2946.96,16058,323
1760870850000,RB2501,3534.02,3558.06,3525.64,3558,17620,323
1760870850000,HC2501,2946.68,2961.85,2946.07,2955.07,16137,323
1760870855000,RB2501,3557.66,3560.67,3534.47,3540.99,16887,323
1760870855000,HC2501,2955.94,2957.07,2930.8,2938.47,16689,323
1760870860000,RB2501,3541.98,3551.8,3532.82,3550.01,16626,324
1760870860000,HC2501,2938.29,2957.94,2937.75,2952.48,16503,324
1760870865000,RB2501,3549.11,3565.92,3545.64,3556.9,16863,323
1760870865000,HC2501,2952.83,2954,2929.48,2935.37,16407,323
1760870870000,RB2501,3557.32,3565.61,3551.76,3562.77,16401,323
1760870870000,HC2501,2934.41,2936.99,2927.51,2936.36,16276,323
1760870875000,RB2501,3562.23,3579.56,3560.85,3571.63,16469,324
1760870875000,HC2501,2936.22,2937.28,2917.5,2926.38,16900,324
1760870880000,RB2501,3571.38,3581.48,3568.14,3574.91,16357,323
1760870880000,HC2501,2925.5,2929.49,2919.66,2926.77,16066,323
1760870885000,RB2501,3574.32,3587.36,3572.19,3573.1,16436,321
1760870885000,HC2501,2926.43,2935.31,2923.83,2924.26,17075,321
1760870890000,RB2501,3573.84,3577.39,3556.24,3557.6,15820,323
1760870890000,HC2501,2924.21,2929.26,2915.81,2922.73,16595,323
1760870895000,RB2501,3558.23,3558.51,3541.95,3551.81,16156,323
1760870895000,HC2501,2921.85,2924.61,2911.97,2913.41,16349,323
1760870900000,RB2501,3551.94,3562.58,3548.51,3552.71,16755,323
1760870900000,HC2501,2914.13,2930.78,2907.63,2929.02,16004,323
1760870905000,RB2501,3553.19,3568.93,3552,3561.68,16411,324
1760870905000,HC2501,2929.5,2931.95,2912.71,2915.88,16652,324
1760870910000,RB2501,3562,3582.09,3561.3,3568.36,16442,323
1760870910000,HC2501,2915.76,2916.13,2894.01,2897.82,16887,323
1760870915000,RB2501,3568.72,3570.08,3558.42,3562.6,16137,323
1760870915000,HC2501,2898.72,2899.22,2878.05,2880.35,16951,323
1760870920000,RB2501,3563.38,3570.81,3553.97,3570.5,17548,323
1760870920000,HC2501,2880.02,2901.78,2879.54,2899.4,16485,323
1760870925000,RB2501,3570.79,3585.53,3566.16,3579.86,16981,323
1760870925000,HC2501,2899.44,2913.22,2889.58,2892.64,16450,323
1760870930000,RB2501,3579.38,3590.29,3577.31,3584.34,17416,322
1760870930000,HC2501,2893.44,2894.31,2879.72,2890.4,16499,322
1760870935000,RB2501,3585.09,3595.47,3581.76,3594.25,16163,324
1760870935000,HC2501,2890.82,2894.42,2884.52,2891,16702,324
1760870940000,RB2501,3593.43,3613.93,3592.38,3612.67,16113,322
1760870940000,HC2501,2891.86,2905.9,2890.89,2895.26,15829,322
1760870945000,RB2501,3613.14,3635.14,3610.63,3633.59,16753,323
1760870945000,HC2501,2896.01,2903.07,2887.72,2891.28,16904,323
1760870950000,RB2501,3633.35,3660.45,3633.35,3655.89,16562,322
1760870950000,HC2501,2891.11,2900.07,2887.89,2896.77,15976,322
1760870955000,RB2501,3656.87,3657.7,3639.01,3643.68,17026,322
1760870955000,HC2501,2896.06,2909.3,2891.24,2906.77,15953,322
1760870960000,RB2501,3644.02,3656,3643.61,3648.55,16396,323
1760870960000,HC2501,2905.91,2912.06,2892.39,2900.9,16002,323
1760870965000,RB2501,3647.88,3661.82,3647.1,3660.03,16468,323
1760870965000,HC2501,2900.62,2923.83,2899.66,2914.86,16732,323
1760870970000,RB2501,3660.83,3666.72,3637.72,3638.24,16480,323
1760870970000,HC2501,2915.34,2926.96,2908.33,2917.11,16476,323
1760870975000,RB2501,3637.76,3646.96,3635.21,3637.02,15818,323
1760870975000,HC2501,2917.26,2921.34,2910.46,2917.78,15681,323
1760870980000,RB2501,3637.95,3637.95,3624.5,3629.76,16435,323
1760870980000,HC2501,2917.72,2928.34,2916.96,2923.49,16697,323
1760870985000,RB2501,3629.36,3634.27,3608.95,3609.16,16268,323
1760870985000,HC2501,2922.69,2927.43,2914.59,2918.82,16736,323
1760870990000,RB2501,3609.22,3625.98,3605.29,3621.78,16294,323
1760870990000,HC2501,2918.43,2920.78,2909.5,2912.82,16051,323
1760870995000,RB2501,3621.98,3631.26,3620.86,3627.6,16131,323
1760870995000,HC2501,2912.09,2928.72,2912.09,2919.18,16357,323
1760871000000,RB2501,3627.82,3643.48,3626.34,3642.86,16696,324
1760871000000,HC2501,2918.67,2924.85,2901.26,2901.92,16515,324
1760871005000,RB2501,3642.86,3664.95,3641.27,3659.76,16662,323
1760871005000,HC2501,2901.02,2920.75,2901.02,2910.85,16417,323
1760871010000,RB2501,3660.35,3672.11,3655.85,3670.85,16512,323
1760871010000,HC2501,2910.29,2918.12,2906.25,2908.49,16754,323
1760871015000,RB2501,3671.39,3697.76,3670.83,3697.29,16156,323
1760871015000,HC2501,2907.85,2913.03,2900.35,2910.43,16896,323
1760871020000,RB2501,3697.3,3701.67,3687.3,3689.4,16986,324
1760871020000,HC2501,2909.44,2910.13,2894.05,2904.61,16574,324
1760871025000,RB2501,3688.68,3694.32,3685.89,3687.74,16207,323
1760871025000,HC2501,2904.41,2909.37,2886.33,2889.62,15967,323
1760871030000,RB2501,3688.59,3699.01,3680.19,3696.68,16497,323
1760871030000,HC2501,2890.1,2900.85,2887.47,2897.78,16959,323
1760871035000,RB2501,3697.34,3702.25,3691.12,3698.7,16126,323
1760871035000,HC2501,2898.73,2907.36,2896.15,2899.58,16738,323
1760871040000,RB2501,3699.18,3700.34,3685.61,3685.76,16610,323
1760871040000,HC2501,2898.67,2916.52,2897.79,2914.67,15903,323
1760871045000,RB2501,3685.78,3687.67,3663.61,3664.65,16598,323
1760871045000,HC2501,2914.65,2926.8,2912.36,2919.37,16581,323
1760871050000,RB2501,3665.47,3676.86,3662.57,3665.43,17228,323
1760871050000,HC2501,2919.16,2930.43,2918.35,2920.93,16560,323
1760871055000,RB2501,3664.9,3674.24,3663.86,3667.74,16375,323
1760871055000,HC2501,2920.97,2925.3,2909.46,2914.45,16489,323
1760871060000,RB2501,3668.32,3668.32,3654.58,3662.53,16754,323
1760871060000,HC2501,2914.06,2923.79,2909.17,2910.69,16742,323
1760871065000,RB2501,3662.93,3669.47,3653.12,3657.38,16884,323
1760871065000,HC2501,2911.68,2919.24,2907.51,2918.14,16943,323
1760871070000,RB2501,3657.71,3667.05,3655.55,3660.37,16488,323
1760871070000,HC2501,2918.61,2926.47,2917.02,2923.67,16744,323
1760871075000,RB2501,3660.76,3671.77,3660.2,3668.95,17385,324
1760871075000,HC2501,2924.6,2928.49,2915.16,2921.48,17010,324
1760871080000,RB2501,3669.42,3672.15,3647.85,3649.08,16385,323
1760871080000,HC2501,2920.62,2923.48,2913,2921.41,16061,323
1760871085000,RB2501,3648.48,3655.01,3640.69,3647.09,16391,324
1760871085000,HC2501,2921.41,2924.92,2914.32,2917.89,16135,324
1760871090000,RB2501,3646.68,3654.94,3639.54,3651.77,16561,323
1760871090000,HC2501,2917.54,2921.09,2902.88,2909.32,16644,323
1760871095000,RB2501,3651.59,3658.22,3639.76,3644.07,16608,323
1760871095000,HC2501,2909.33,2916.01,2894.68,2895.98,17128,323
1760871100000,RB2501,3643.61,3649.68,3624.78,3625.19,16512,323
1760871100000,HC2501,2896.78,2907.01,2892.66,2892.66,16407,323
1760871105000,RB2501,3624.65,3624.65,3606.89,3608.72,16672,323
1760871105000,HC2501,2892.25,2895.56,2881.86,2883.45,16788,323
1760871110000,RB2501,3609.5,3614.84,3604.52,3611.01,16433,323
1760871110000,HC2501,2882.71,2886.89,2878.07,2881.81,16346,323
1760871115000,RB2501,3611.88,3615.11,3602.09,3606.43,16472,323
1760871115000,HC2501,2882.68,2883.53,2871.66,2881.48,16570,323
1760871120000,RB2501,3606.33,3615.63,3603.23,3605.33,16317,323
1760871120000,HC2501,2882.25,2890.93,2876.77,2890.93,15938,323
1760871125000,RB2501,3605.2,3609.7,3595.83,3598.86,16846,323
1760871125000,HC2501,2890.65,2898.02,2873.41,2882.79,16582,323
1760871130000,RB2501,3597.92,3606.09,3588.72,3590.86,16366,322
1760871130000,HC2501,2883.15,2890.04,2872.53,2889.4,16301,322
1760871135000,RB2501,3590.62,3594.5,3585.66,3592.28,16678,324
1760871135000,HC2501,2888.4,2898.21,2887.06,2896.63,15731,324
1760871140000,RB2501,3592.86,3594.86,3581.25,3583.53,16371,323
1760871140000,HC2501,2896.54,2899.4,2888.01,2888.93,16002,323
1760871145000,RB2501,3583.29,3587.49,3575.04,3587.37,16312,323
1760871145000,HC2501,2888.21,2890.17,2871.44,2881.14,16044,323
1760871150000,RB2501,3586.72,3590.72,3577.14,3580.03,16356,322
1760871150000,HC2501,2881.66,2891.2,2875.76,2877.08,16139,322
1760871155000,RB2501,3580.53,3586.23,3577.46,3578.51,16456,323
1760871155000,HC2501,2877.58,2889.97,2874.3,2885.49,16291,323
1760871160000,RB2501,3578.72,3584.64,3571.15,3580.03,16737,322
1760871160000,HC2501,2885.39,2887.15,2876.64,2880.7,16118,322
1760871165000,RB2501,3580.04,3583.06,3567.39,3570.5,16727,322
1760871165000,HC2501,2881.08,2894.23,2875.61,2888.7,16514,322
1760871170000,RB2501,3571.09,3590.42,3567.97,3585.22,16852,322
1760871170000,HC2501,2888.77,2894.57,2881.7,2884.21,15998,322
1760871175000,RB2501,3584.22,3592.7,3582.55,3584.41,16665,323
1760871175000,HC2501,2884.01,2893.68,2880.85,2883.87,16862,323
1760871180000,RB2501,3584.62,3594.26,3583.95,3589.4,16877,323
1760871180000,HC2501,2884.74,2885.11,2853.98,2864.26,16397,323
1760871185000,RB2501,3589.37,3599.62,3587.92,3589.75,16726,323
1760871185000,HC2501,2863.45,2863.8,2845.18,2845.67,16820,323
1760871190000,RB2501,3590.23,3594.54,3580.29,3591.39,16691,322
1760871190000,HC2501,2846.57,2861.61,2846.57,2854.06,16257,322
1760871195000,RB2501,3591.05,3597.31,3584.45,3593.85,15929,325
1760871195000,HC2501,2853.6,2857.73,2850.19,2857.73,16570,325
1760871200000,RB2501,3592.92,3593.89,3564.26,3565.13,16302,324
1760871200000,HC2501,2858.3,2879.42,2857.04,2879.2,15665,324
1760871205000,RB2501,3564.76,3569.07,3558.92,3563,16243,324
1760871205000,HC2501,2879.12,2895.96,2879.12,2895.91,16873,324
1760871210000,RB2501,3563.45,3565.01,3538.92,3541.11,16516,322
1760871210000,HC2501,2896.79,2901.31,2871.3,2872.34,16480,322
1760871215000,RB2501,3540.63,3545.76,3530.67,3533.9,16909,323
1760871215000,HC2501,2871.43,2880.72,2869.5,2880.72,15656,323
1760871220000,RB2501,3533.51,3542.95,3532.88,3535.6,16512,322
1760871220000,HC2501,2880.69,2900.02,2880.69,2896.26,16566,322
1760871225000,RB2501,3535.73,3552.94,3535.73,3552.39,16713,323
1760871225000,HC2501,2895.72,2899.8,2879.06,2881.04,16171,323
1760871230000,RB2501,3552.09,3579.65,3550.3,3567.65,16329,323
1760871230000,HC2501,2880.43,2882.05,2859.43,2861.81,15716,323
1760871235000,RB2501,3568.54,3576.43,3565.36,3568.19,16645,323
1760871235000,HC2501,2862.02,2889.2,2861.6,2885.15,16338,323
1760871240000,RB2501,3568.61,3582.75,3564.11,3579.87,16556,322
1760871240000,HC2501,2885.07,2890.87,2877.52,2887.69,16334,322
1760871245000,RB2501,3579.9,3587.21,3573.16,3586.52,16392,322
1760871245000,HC2501,2887.96,2905.31,2887.74,2904.48,16243,322
1760871250000,RB2501,3585.65,3597.66,3585.29,3594.09,17143,322
1760871250000,HC2501,2904,2915.04,2899.35,2907.9,16034,322
1760871255000,RB2501,3594.85,3605.83,3592.72,3604.75,16829,323
1760871255000,HC2501,2908.59,2920.27,2902.11,2902.9,15660,323
1760871260000,RB2501,3605.49,3612.76,3598.42,3609.26,16099,323
1760871260000,HC2501,2902.83,2916.45,2895.9,2899.48,16680,323
1760871265000,RB2501,3610.15,3621.52,3605.41,3616.06,16503,322
1760871265000,HC2501,2898.98,2907.21,2887.44,2888.17,17190,322
1760871270000,RB2501,3616.98,3618.99,3598.19,3603.78,16078,323
1760871270000,HC2501,2888.59,2898.6,2886.83,2891.35,16451,323
1760871275000,RB2501,3603.34,3614.32,3599.97,3609.78,15905,323
1760871275000,HC2501,2891.05,2900.63,2884.76,2900.09,16709,323
1760871280000,RB2501,3610.73,3618.33,3601.64,3604.2,17146,322
1760871280000,HC2501,2899.29,2915.71,2898.73,2914.28,15990,322
1760871285000,RB2501,3604.2,3605.56,3589.44,3591.36,16105,322
1760871285000,HC2501,2914.51,2920.02,2906.04,2910.45,16826,322
1760871290000,RB2501,3592.31,3592.79,3570.82,3574.27,15987,323
1760871290000,HC2501,2909.97,2929.09,2903.37,2926.08,16551,323
1760871295000,RB2501,3573.28,3577.75,3569.31,3573.76,16366,322
1760871295000,HC2501,2926.14,2930.79,2922.93,2924.5,16864,322
1760871300000,RB2501,3573.21,3573.21,3548.5,3565.97,16251,323
1760871300000,HC2501,2924.14,2929.71,2920.06,2927.43,15878,323
1760871305000,RB2501,3565.98,3573.63,3561.95,3562.69,16350,323
1760871305000,HC2501,2926.44,2930.36,2921.87,2927.34,16474,323
1760871310000,RB2501,3563.14,3567.53,3551.55,3564.07,16449,322
1760871310000,HC2501,2926.39,2934.86,2919.05,2933.36,16194,322
1760871315000,RB2501,3564.12,3564.37,3549.52,3560.54,16121,323
1760871315000,HC2501,2933.26,2947.76,2930.77,2945.9,16499,323
1760871320000,RB2501,3559.56,3562.37,3553.36,3557.57,16513,323
1760871320000,HC2501,2945,2945,2930.65,2931.48,16421,323
1760871325000,RB2501,3556.65,3563.05,3554.2,3560,15968,322
1760871325000,HC2501,2930.8,2957.26,2928.9,2951.38,16328,322
1760871330000,RB2501,3559.18,3563.55,3537.46,3539.73,16269,323
1760871330000,HC2501,2950.61,2965.11,2947.77,2962.75,16777,323
1760871335000,RB2501,3539.53,3551.21,3539.53,3549.27,17120,322
1760871335000,HC2501,2963.43,2972.77,2959.87,2965.96,16438,322
1760871340000,RB2501,3549.5,3551.25,3530.63,3532.1,16597,323
1760871340000,HC2501,2966.7,2971.44,2953.21,2962.37,16393,323
1760871345000,RB2501,3532.17,3536.96,3520.95,3525.87,15571,322
1760871345000,HC2501,2961.98,2963.74,2953.51,2961.37,16356,322
1760871350000,RB2501,3525.74,3551.13,3523.32,3546.99,16551,324
1760871350000,HC2501,2961.46,2969.17,2953.87,2956.39,16725,324
1760871355000,RB2501,3546.9,3551.94,3541.54,3548.56,16643,323
1760871355000,HC2501,2957.25,2960.18,2941.5,2945.92,16284,323
1760871360000,RB2501,3548.28,3558.19,3536.4,3557.96,16361,322
1760871360000,HC2501,2945.13,2960.81,2942.53,2958.86,16821,322
1760871365000,RB2501,3558.5,3558.86,3538.93,3539.1,16223,324
1760871365000,HC2501,2958.09,2968.9,2954.92,2966.74,16156,324
1760871370000,RB2501,3538.68,3541.12,3525.05,3530.27,17075,323
1760871370000,HC2501,2966.68,2974.95,2966.68,2972.78,16297,323
1760871375000,RB2501,3530.39,3537.14,3522.59,3529.36,16555,322
1760871375000,HC2501,2973.05,2976.82,2967.59,2976.41,16305,322
1760871380000,RB2501,3528.65,3544.7,3523.08,3543.24,16034,323
1760871380000,HC2501,2977.07,2977.43,2963.67,2976.36,16229,323
1760871385000,RB2501,3543.11,3568.92,3542.14,3566.77,17162,322
1760871385000,HC2501,2976.95,2993.51,2976.8,2988.77,16603,322
1760871390000,RB2501,3567.05,3571.48,3549.01,3556.81,16318,323
1760871390000,HC2501,2989.03,2992.01,2976.73,2976.76,17128,323
1760871395000,RB2501,3556.31,3562.46,3552.17,3555.51,16064,322
1760871395000,HC2501,2976.24,2986.49,2974.28,2986.49,16340,322
1760871400000,RB2501,3555.18,3565.64,3549.29,3565.64,16909,322
1760871400000,HC2501,2985.59,3011.42,2984.63,3011.32,15613,322
1760871405000,RB2501,3566.17,3570.76,3551.99,3570.76,16821,323
1760871405000,HC2501,3010.64,3012.14,2993.57,3004.51,16883,323
1760871410000,RB2501,3571.48,3588.43,3570.56,3588.05,16010,323
1760871410000,HC2501,3003.9,3005.81,2988.91,2997.14,16526,323
1760871415000,RB2501,3588.03,3592.34,3580.72,3581.77,16559,323
1760871415000,HC2501,2997.42,3000.38,2984.26,2985.93,16216,323
1760871420000,RB2501,3582.62,3591.54,3574.58,3578.31,16483,323
1760871420000,HC2501,2986.43,2988.58,2980.06,2988.58,15973,323
1760871425000,RB2501,3579.21,3583.75,3573.12,3575.9,16444,322
1760871425000,HC2501,2988.83,3000.84,2986.82,2990.22,15900,322
1760871430000,RB2501,3576.41,3584.22,3569.43,3581.57,16809,323
1760871430000,HC2501,2990.25,3003.95,2985.35,3000.93,16371,323
1760871435000,RB2501,3581.78,3603.97,3577.92,3602.86,16158,323
1760871435000,HC2501,3000.28,3010.35,2996.63,3000.43,16351,323
1760871440000,RB2501,3602.39,3603.36,3585.86,3593.55,16413,322
1760871440000,HC2501,3000.99,3000.99,2983.32,2995.55,16360,322
1760871445000,RB2501,3593.2,3605.33,3589.08,3592.94,16754,323
1760871445000,HC2501,2996.37,3003.69,2991.94,2995.65,17058,323
1760871450000,RB2501,3593.85,3611.9,3589.8,3611.67,16719,322
1760871450000,HC2501,2996.58,3008.27,2991.2,3007.67,16296,322
1760871455000,RB2501,3611.52,3629.9,3610.07,3629.21,17050,323
1760871455000,HC2501,3006.99,3010.36,2999.86,3003.58,16108,323
1760871460000,RB2501,3630.18,3649.82,3630.18,3642.65,16724,325
1760871460000,HC2501,3004.07,3028.89,3003.09,3027.38,17185,325
1760871465000,RB2501,3643.53,3653.86,3642.05,3650.66,17246,324
1760871465000,HC2501,3027.98,3032.27,3021.44,3026.82,17126,324
1760871470000,RB2501,3650.32,3661.25,3647.16,3660.03,16532,324
1760871470000,HC2501,3025.85,3030.34,3015.42,3027.24,16098,324
1760871475000,RB2501,3660.78,3663.87,3649.8,3655.07,16477,323
1760871475000,HC2501,3026.45,3026.6,3013.31,3022.43,16020,323
1760871480000,RB2501,3655.94,3666.33,3654.13,3663.06,16707,324
1760871480000,HC2501,3023.43,3033.76,3016.33,3018.69,16708,324
1760871485000,RB2501,3663.87,3668.5,3652.75,3655.28,17037,324
1760871485000,HC2501,3019.5,3028.79,3014.79,3024.36,16399,324
1760871490000,RB2501,3654.88,3673.74,3652.17,3672.63,16643,323
1760871490000,HC2501,3024.75,3037.32,3019.69,3032.33,15991,323
1760871495000,RB2501,3671.74,3685.17,3671.25,3679.25,16967,324
1760871495000,HC2501,3033.2,3040.1,3025.03,3037.75,16056,324
1760871500000,RB2501,3679.44,3701.47,3676.89,3698.59,16650,322
1760871500000,HC2501,3037.29,3040.36,3029.28,3039.38,16720,322
1760871505000,RB2501,3699.56,3721.5,3699.53,3715.32,16649,324
1760871505000,HC2501,3039.48,3043.69,3027.14,3027.37,16725,324
1760871510000,RB2501,3714.53,3722.17,3713.66,3719.91,16986,324
1760871510000,HC2501,3027.49,3028.72,3018.52,3021.39,16020,324
1760871515000,RB2501,3720.03,3720.46,3708.88,3712.96,16255,322
1760871515000,HC2501,3021.56,3030.88,3017.18,3022.45,16715,322
1760871520000,RB2501,3713.04,3720.04,3708,3717.89,16165,323
1760871520000,HC2501,3022.37,3040.98,3021.52,3040.05,16262,323
1760871525000,RB2501,3717.44,3730.51,3713.33,3725.58,16426,324
1760871525000,HC2501,3039.35,3040.99,3027.51,3030.42,16568,324
1760871530000,RB2501,3725.51,3733.08,3723.22,3728.86,16569,323
1760871530000,HC2501,3030.97,3047.05,3030.37,3046,16420,323
1760871535000,RB2501,3728.26,3732.45,3719.9,3731.3,16129,324
1760871535000,HC2501,3046.85,3056.17,3039.66,3054.6,17049,324
1760871540000,RB2501,3731.64,3738.18,3724.67,3734.22,16396,324
1760871540000,HC2501,3054.34,3065.64,3053.79,3063.12,17352,324
1760871545000,RB2501,3734.9,3745.13,3727.95,3743.51,16473,323
1760871545000,HC2501,3063.91,3074.34,3061.39,3072.99,16363,323
1760871550000,RB2501,3743.21,3746.76,3736.75,3742.6,16291,323
1760871550000,HC2501,3072.38,3076.68,3064.57,3066.66,16142,323
1760871555000,RB2501,3743.15,3756.24,3743.15,3755.8,16534,324
1760871555000,HC2501,3066.38,3076.79,3058.36,3075.44,16924,324
1760871560000,RB2501,3756.4,3774.22,3755.69,3773.18,16195,323
1760871560000,HC2501,3075.6,3091.97,3071.32,3091.79,16076,323
1760871565000,RB2501,3772.24,3774.98,3762.57,3763.09,16631,323
1760871565000,HC2501,3091.73,3094.13,3070.86,3074.67,16278,323
1760871570000,RB2501,3763.92,3769.97,3759.77,3769.39,16781,324
1760871570000,HC2501,3074.81,3080.81,3068.66,3075.64,16629,324
1760871575000,RB2501,3769.17,3776.74,3765.22,3766.24,16201,322
1760871575000,HC2501,3075.5,3093.59,3075.5,3083.21,16882,322
1760871580000,RB2501,3766.99,3779.47,3765.1,3779.47,16438,323
1760871580000,HC2501,3083.56,3100.03,3080.57,3100.03,16182,323
1760871585000,RB2501,3779.37,3780.65,3762.28,3765.01,16739,322
1760871585000,HC2501,3099.2,3112.13,3097.74,3108.6,16612,322
1760871590000,RB2501,3765.27,3778.55,3763.08,3774.09,16167,324
1760871590000,HC2501,3109.55,3118.37,3106.63,3116.6,15733,324
1760871595000,RB2501,3774.76,3775.88,3766.56,3767.21,16158,323
1760871595000,HC2501,3116.22,3117.73,3096.05,3099.72,16171,323
1760871600000,RB2501,3766.41,3769.25,3752.35,3760.76,16818,324
1760871600000,HC2501,3099.82,3110.1,3097.12,3107.27,16559,324
1760871605000,RB2501,3759.82,3766.94,3754.3,3765.96,16664,323
1760871605000,HC2501,3106.42,3107.76,3098.85,3099.85,16147,323
1760871610000,RB2501,3766.9,3789.21,3766.9,3786.29,16739,323
1760871610000,HC2501,3100.69,3119.56,3095.46,3114.26,16436,323
1760871615000,RB2501,3786.03,3792.41,3776.49,3776.49,16004,323
1760871615000,HC2501,3114.44,3114.97,3086.37,3088.54,16361,323
1760871620000,RB2501,3776.81,3800.32,3776.8,3790.8,16271,323
1760871620000,HC2501,3088.22,3088.43,3062.43,3062.43,16731,323
1760871625000,RB2501,3790.92,3799.17,3780.92,3793.73,16693,324
1760871625000,HC2501,3062.02,3064.29,3047.05,3049.8,16159,324
1760871630000,RB2501,3794.56,3796.54,3787.32,3792.45,16328,323
1760871630000,HC2501,3049.65,3051.7,3031.94,3035.72,16656,323
1760871635000,RB2501,3791.79,3792.08,3776.55,3776.55,16765,323
1760871635000,HC2501,3034.85,3035.86,3014.76,3016.2,16554,323
1760871640000,RB2501,3777.37,3794.63,3775.57,3784.35,16965,323
1760871640000,HC2501,3015.39,3018.46,3010.38,3016.38,16349,323
1760871645000,RB2501,3784.77,3791.26,3779.98,3787.32,16352,323
1760871645000,HC2501,3015.99,3020.17,3010.2,3018.39,17012,323
1760871650000,RB2501,3786.67,3798.22,3777.79,3797.22,15975,323
1760871650000,HC2501,3019.07,3024.88,3014.64,3016.68,16784,323
1760871655000,RB2501,3796.87,3799.69,3785.93,3794.48,16519,324
1760871655000,HC2501,3015.93,3021.42,3013.3,3013.3,16834,324
1760871660000,RB2501,3794.28,3798.24,3778.77,3782.12,17110,323
1760871660000,HC2501,3014.19,3017.94,3006.48,3016.33,17043,323
1760871665000,RB2501,3781.47,3789.15,3779.14,3786.7,16139,322
1760871665000,HC2501,3016.45,3020.55,3008.82,3020,16447,322
1760871670000,RB2501,3786.59,3800.74,3775.2,3777.56,16345,324
1760871670000,HC2501,3020.83,3035.82,3020.57,3034.5,17001,324
1760871675000,RB2501,3776.61,3793.17,3774.29,3791.31,15923,323
1760871675000,HC2501,3033.88,3055.05,3033.88,3052.87,16892,323
1760871680000,RB2501,3792.22,3795.16,3777.6,3778.96,16547,323
1760871680000,HC2501,3053.45,3066.38,3047.32,3059.69,16043,323
1760871685000,RB2501,3779.41,3791.92,3776.19,3790.13,16233,325
1760871685000,HC2501,3058.8,3061.96,3038.96,3049.6,16530,325
1760871690000,RB2501,3789.38,3807.32,3786.19,3801.45,16926,323
1760871690000,HC2501,3049.2,3049.2,3022.78,3023.74,16684,323
1760871695000,RB2501,3801.11,3825.91,3801,3822.75,16232,324
1760871695000,HC2501,3023.93,3028.61,3017.12,3025.79,16836,324
1760871700000,RB2501,3823.61,3840.95,3822.87,3825.93,16815,324
1760871700000,HC2501,3026.13,3037.29,3025.31,3029.98,15982,324
1760871705000,RB2501,3824.98,3839.67,3822.48,3836.57,16130,322
1760871705000,HC2501,3029.65,3041.32,3024.97,3040.81,16052,322
1760871710000,RB2501,3836.94,3865.31,3836.74,3863.75,16976,325
1760871710000,HC2501,3039.89,3041.73,3031.02,3037.77,16741,325
1760871715000,RB2501,3863.4,3876.56,3857.86,3875.79,16319,323
1760871715000,HC2501,3037.39,3048.18,3033.32,3042.85,16447,323
1760871720000,RB2501,3875.66,3884.41,3868.63,3881.15,16229,324
1760871720000,HC2501,3041.85,3046.84,3034.87,3040.78,16670,324
1760871725000,RB2501,3880.66,3891.32,3874.77,3877.81,16347,324
1760871725000,HC2501,3040.86,3053.44,3037.24,3042.51,16430,324
1760871730000,RB2501,3878.41,3878.92,3865.66,3871.91,16412,323
1760871730000,HC2501,3042.35,3049.55,3035.73,3047.11,17358,323
1760871735000,RB2501,3872.18,3877.98,3862.18,3876.84,17334,325
1760871735000,HC2501,3047.25,3047.68,3035.11,3035.11,16260,325
1760871740000,RB2501,3877.09,3880.94,3867.85,3875.92,16910,323
1760871740000,HC2501,3034.51,3039.72,3031.15,3034.26,17263,323
1760871745000,RB2501,3875.79,3880.69,3866.49,3867.47,16643,324
1760871745000,HC2501,3033.92,3040.58,3030.51,3035.49,16991,324
1760871750000,RB2501,3868.03,3868.7,3855.15,3864.65,17160,323
1760871750000,HC2501,3036.39,3044.87,3027.7,3030.17,16253,323
1760871755000,RB2501,3865.36,3875.42,3863.58,3873.68,16313,324
1760871755000,HC2501,3030.82,3047.47,3030.08,3046.06,16669,324
1760871760000,RB2501,3873.92,3873.92,3853.72,3855.3,16742,324
1760871760000,HC2501,3045.28,3050.85,3036.62,3040.85,16344,324
1760871765000,RB2501,3854.66,3869.69,3853.48,3866.92,15895,323
1760871765000,HC2501,3041.31,3044.77,3024.01,3025.12,16440,323
1760871770000,RB2501,3866.04,3880.09,3861.8,3872.44,16176,322
1760871770000,HC2501,3025.62,3041.91,3025.44,3038.03,16141,322
1760871775000,RB2501,3871.44,3881.46,3869.56,3871.47,16160,323
1760871775000,HC2501,3038.97,3041.24,3026.04,3033.64,16256,323
1760871780000,RB2501,3872.45,3874.4,3863.21,3868.26,17134,324
1760871780000,HC2501,3034.23,3035.65,3025.46,3033.77,16231,324
1760871785000,RB2501,3868.37,3875.15,3840.12,3844.87,15844,323
1760871785000,HC2501,3034.21,3041.58,3029.9,3032,17031,323
1760871790000,RB2501,3844.67,3859.29,3844.06,3847.9,16694,324
1760871790000,HC2501,3032.69,3033.93,3020.07,3023.93,16505,324
1760871795000,RB2501,3847.9,3847.9,3818.21,3819.55,16727,323
1760871795000,HC2501,3023.76,3023.76,3005.41,3006.18,16524,323
1760871800000,RB2501,3818.82,3824.95,3814.42,3823.59,16412,324
1760871800000,HC2501,3006.02,3032.12,3006.02,3029.39,16793,324
1760871805000,RB2501,3823.92,3826.69,3812.14,3817.36,17200,324
1760871805000,HC2501,3029.48,3039.31,3026.4,3030.42,17040,324
1760871810000,RB2501,3816.6,3816.6,3800.73,3800.74,16504,323
1760871810000,HC2501,3030.91,3038.98,3027.1,3027.1,16335,323
1760871815000,RB2501,3799.87,3812.53,3798.04,3802.9,16180,323
1760871815000,HC2501,3028.05,3045.08,3025.73,3037.97,16463,323
1760871820000,RB2501,3802.13,3803.11,3780.88,3790.2,16540,324
1760871820000,HC2501,3038.31,3052.4,3036.35,3045.49,15902,324
1760871825000,RB2501,3790.87,3800.62,3788.73,3793.44,16577,323
1760871825000,HC2501,3046.43,3065.11,3036.92,3065.11,17228,323
1760871830000,RB2501,3793.22,3802.14,3783.54,3802.14,16344,323
1760871830000,HC2501,3064.24,3069.62,3056.66,3066.3,16551,323
1760871835000,RB2501,3801.46,3805.08,3789.71,3790.83,16641,323
1760871835000,HC2501,3066.11,3080.43,3066.11,3077.35,16338,323
1760871840000,RB2501,3790.29,3794.29,3783.39,3788.96,16699,323
1760871840000,HC2501,3077.36,3078.86,3063.24,3063.77,16865,323
1760871845000,RB2501,3788.64,3798.97,3782.77,3796.35,15759,324
1760871845000,HC2501,3063.6,3076.35,3053.05,3058.43,16861,324
1760871850000,RB2501,3795.98,3812.88,3795.79,3809.15,16402,323
1760871850000,HC2501,3059.4,3069.31,3049.37,3058.04,16763,323
1760871855000,RB2501,3808.34,3811.36,3797.39,3797.86,17241,324
1760871855000,HC2501,3058.07,3065.03,3047.63,3048.53,16657,324
1760871860000,RB2501,3797.58,3805.44,3792.74,3795.7,16659,323
1760871860000,HC2501,3048.93,3049.08,3036.31,3042.31,16899,323
1760871865000,RB2501,3796.44,3805.01,3792.48,3799.98,17083,323
1760871865000,HC2501,3042.41,3045.62,3024.83,3027.39,15980,323
1760871870000,RB2501,3800.56,3808.04,3791.33,3797.25,16587,323
1760871870000,HC2501,3027.84,3038.65,3027.44,3031.7,17009,323
1760871875000,RB2501,3796.84,3800.1,3791.05,3793.28,17082,323
1760871875000,HC2501,3031.4,3057.03,3030.53,3051.95,16029,323
1760871880000,RB2501,3793.42,3797.77,3786.51,3793.08,16798,323
1760871880000,HC2501,3051.94,3057.33,3042.6,3051.27,16474,323
1760871885000,RB2501,3793.56,3807.88,3787.01,3789.59,16208,324
1760871885000,HC2501,3050.89,3057.74,3042.82,3057.74,16591,324
1760871890000,RB2501,3790.11,3790.11,3771.63,3776.49,15753,323
1760871890000,HC2501,3057.14,3064.1,3047.35,3049.48,16357,323
1760871895000,RB2501,3776.29,3779.57,3765.73,3767.94,16946,325
1760871895000,HC2501,3048.64,3051.31,3030.79,3034.11,16743,325
1760871900000,RB2501,3767.98,3787.51,3766.63,3784.7,16479,324
1760871900000,HC2501,3034.3,3048.74,3029.12,3048.74,17089,324
1760871905000,RB2501,3784.14,3789.43,3775.79,3777.3,16927,324
1760871905000,HC2501,3047.78,3051.8,3042.85,3050.87,16752,324
1760871910000,RB2501,3778.01,3795.5,3776.52,3792.91,16767,324
1760871910000,HC2501,3050.71,3058.6,3045.67,3051.65,16861,324
1760871915000,RB2501,3792.67,3796.43,3782.9,3789.68,16591,324
1760871915000,HC2501,3052.07,3053.08,3034.59,3046.06,16498,324
1760871920000,RB2501,3789.12,3790.75,3776.36,3779.28,17398,323
1760871920000,HC2501,3046.52,3051.06,3042.37,3044.76,16123,323
1760871925000,RB2501,3778.85,3783.37,3775.31,3781.45,16690,323
1760871925000,HC2501,3043.77,3047.29,3034.92,3044.45,16066,323
1760871930000,RB2501,3782.32,3802.15,3781.86,3801.45,16251,323
1760871930000,HC2501,3045.1,3052.53,3038.63,3046.44,16271,323
1760871935000,RB2501,3802.16,3809.94,3798.39,3806.87,16033,323
1760871935000,HC2501,3047.02,3053.71,3044.43,3051.38,15681,323
1760871940000,RB2501,3807.06,3821,3804.6,3812.03,16764,324
1760871940000,HC2501,3051.62,3053.16,3043.72,3052.07,16477,324
1760871945000,RB2501,3812.64,3840.08,3811.42,3837.3,16510,323
1760871945000,HC2501,3052.73,3067.95,3052.33,3065.99,16798,323
1760871950000,RB2501,3836.61,3837.67,3825.48,3830.98,16053,324
1760871950000,HC2501,3065.32,3071.08,3059.21,3066.52,16701,324
1760871955000,RB2501,3831.78,3832.27,3808.68,3809.7,15993,323
1760871955000,HC2501,3065.97,3075.33,3057.5,3057.5,16980,323
1760871960000,RB2501,3809.64,3810.81,3797.24,3805.59,15922,323
1760871960000,HC2501,3057.21,3063.04,3048.37,3062.23,15931,323
1760871965000,RB2501,3806.1,3823.26,3799.24,3818.81,16762,323
1760871965000,HC2501,3062.38,3075.71,3057.06,3075.48,16476,323
1760871970000,RB2501,3819.48,3821.45,3799.35,3802.89,16432,323
1760871970000,HC2501,3076.14,3081.28,3057.85,3057.85,16854,323
1760871975000,RB2501,3803.1,3806.58,3790.52,3801.6,16722,324
1760871975000,HC2501,3057.13,3063.6,3049.23,3052.62,17234,324
1760871980000,RB2501,3802.38,3817.69,3801.13,3809.75,15924,323
1760871980000,HC2501,3053.51,3053.77,3041.89,3045.2,15988,323
1760871985000,RB2501,3810.62,3813.68,3790.79,3804.02,16704,324
1760871985000,HC2501,3044.57,3056.87,3043.86,3046.99,16873,324
1760871990000,RB2501,3804.07,3804.5,3790.93,3792.07,16837,324
1760871990000,HC2501,3047.48,3051.68,3038.61,3041.66,16801,324
1760871995000,RB2501,3792.34,3793.35,3779.74,3784.35,16498,323
1760871995000,HC2501,3042.56,3048.29,3035.02,3035.02,16144,323
1760872000000,RB2501,3784.48,3787.46,3777.76,3785.89,16439,323
1760872000000,HC2501,3035.99,3036.34,3005.75,3006.31,16686,323
1760872005000,RB2501,3784.99,3795.48,3781.95,3784.45,16787,325
1760872005000,HC2501,3006.39,3012.05,2996.2,3010.58,16451,325
1760872010000,RB2501,3784.07,3792.7,3782.04,3788.89,16453,324
1760872010000,HC2501,3009.95,3031.35,3006.09,3028.93,16828,324
1760872015000,RB2501,3788.73,3788.73,3774.76,3783.97,16493,323
1760872015000,HC2501,3028.44,3036.33,3018.32,3019.29,16945,323
1760872020000,RB2501,3783.24,3790.03,3769.97,3772.56,16234,324
1760872020000,HC2501,3019.41,3023.24,3012.32,3015.96,16815,324
1760872025000,RB2501,3773.04,3788.29,3770.3,3788.29,16663,323
1760872025000,HC2501,3015.27,3025.17,3013.82,3015.47,15944,323
1760872030000,RB2501,3787.93,3801.58,3783.84,3799.15,16859,323
1760872030000,HC2501,3016.32,3022.78,3007.37,3011.26,15685,323
1760872035000,RB2501,3799.52,3814.07,3798.11,3812.78,15690,323
1760872035000,HC2501,3011.35,3025.19,3007.07,3021.36,16335,323
1760872040000,RB2501,3811.81,3823.29,3806.4,3818.96,16646,323
1760872040000,HC2501,3020.79,3022.09,3004.76,3006.2,15283,323
1760872045000,RB2501,3818.46,3824.11,3810.48,3814.89,16579,324
1760872045000,HC2501,3006.48,3016.38,2990.15,2991.61,16678,324
1760872050000,RB2501,3815.82,3831,3813.89,3818.71,16089,324
1760872050000,HC2501,2992.52,3004.05,2992.29,3002.09,16009,324
1760872055000,RB2501,3818.93,3828.03,3818.2,3824.99,16313,325
1760872055000,HC2501,3002.5,3005.54,2984.48,2988.76,16587,325
1760872060000,RB2501,3824.33,3833.65,3821.24,3827.76,16818,325
1760872060000,HC2501,2988.05,2994.16,2981.33,2991.99,16824,325
1760872065000,RB2501,3827.03,3832.84,3815.97,3817.79,16495,324
1760872065000,HC2501,2991.85,2997.78,2975.77,2980.69,17294,324
1760872070000,RB2501,3816.9,3829.76,3815.32,3827.88,15767,324
1760872070000,HC2501,2980.11,2993.08,2977.76,2986.3,16924,324
1760872075000,RB2501,3827.1,3833.22,3822.32,3828.91,16062,323
1760872075000,HC2501,2986.83,2992.74,2979.34,2984.42,16420,323
1760872080000,RB2501,3828.92,3850.5,3828.78,3849.23,16544,323
1760872080000,HC2501,2983.85,2983.93,2971.98,2975.73,16183,323
1760872085000,RB2501,3849.36,3856.79,3838.29,3841.57,15848,323
1760872085000,HC2501,2975.52,2981.72,2964.4,2967.39,15850,323
1760872090000,RB2501,3840.64,3842.46,3826.69,3829.02,17010,324
1760872090000,HC2501,2967.17,2989.31,2966.42,2981.27,16571,324
1760872095000,RB2501,3829.59,3837.02,3818.54,3837.02,16320,323
1760872095000,HC2501,2980.54,2984.23,2963.7,2969.3,15896,323
1760872100000,RB2501,3836.4,3849.18,3827.87,3847.36,16620,324
1760872100000,HC2501,2969.01,2985.95,2968.81,2982.88,15830,324
1760872105000,RB2501,3847.41,3854.99,3838.27,3839.78,16830,323
1760872105000,HC2501,2983.79,2994.69,2983.68,2986.98,16189,323
1760872110000,RB2501,3839.76,3842.47,3829.94,3830.87,17205,324
1760872110000,HC2501,2986.48,2995.63,2984.6,2993.29,16028,324
1760872115000,RB2501,3831.56,3840.07,3826.71,3826.71,16604,323
1760872115000,HC2501,2993.82,3001.46,2987.49,2991.95,16867,323
1760872120000,RB2501,3827.22,3827.22,3811.99,3819.78,17084,324
1760872120000,HC2501,2992.28,3006.88,2985.78,3006.66,16470,324
1760872125000,RB2501,3819.66,3819.66,3809.82,3810.83,16464,324
1760872125000,HC2501,3005.99,3009.66,2996.82,3003.08,16143,324
1760872130000,RB2501,3810.67,3811.36,3800.8,3800.8,16199,324
1760872130000,HC2501,3002.7,3010.54,2997.31,3001.53,17156,324
1760872135000,RB2501,3800.3,3806.64,3792.69,3798.25,16670,323
1760872135000,HC2501,3000.73,3014.05,2995.72,3011.88,16625,323
1760872140000,RB2501,3797.75,3801.46,3784.17,3791.1,15921,324
1760872140000,HC2501,3011.21,3011.21,2992.91,2996.48,16995,324
1760872145000,RB2501,3791.81,3800.37,3787.65,3798.05,16321,324
1760872145000,HC2501,2996.57,3000.96,2991.16,2998.2,17256,324
1760872150000,RB2501,3797.65,3814.91,3797.65,3810.73,16949,323
1760872150000,HC2501,2998.19,3018.43,2997.58,3016.97,15686,323
1760872155000,RB2501,3810.36,3810.83,3800.34,3801.51,16575,324
1760872155000,HC2501,3017.9,3029.38,3012.37,3026.59,16120,324
1760872160000,RB2501,3802.06,3812.23,3800.99,3806.83,16442,324
1760872160000,HC2501,3026.63,3034.65,3022.08,3022.61,16613,324
1760872165000,RB2501,3806.34,3811.47,3794.64,3795.62,16586,324
1760872165000,HC2501,3022.83,3026.77,3008.14,3008.36,16396,324
1760872170000,RB2501,3796.53,3796.53,3786.41,3792.03,16174,324
1760872170000,HC2501,3007.45,3011.8,3002.7,3008.82,15836,324
1760872175000,RB2501,3792.38,3798.23,3786.78,3796.32,16318,324
1760872175000,HC2501,3009.61,3014.36,3002.72,3010.78,16986,324
1760872180000,RB2501,3797,3797.37,3785.08,3789.58,16521,325
1760872180000,HC2501,3010.4,3018.76,3007.02,3007.87,17126,325
1760872185000,RB2501,3789.98,3799.21,3786.53,3795.17,16788,324
1760872185000,HC2501,3007.34,3023.15,3002.81,3021.59,16198,324
1760872190000,RB2501,3796.01,3806.3,3793.83,3803.75,16667,324
1760872190000,HC2501,3020.67,3024.56,3011.87,3011.87,17033,324
1760872195000,RB2501,3804.48,3808.62,3789.37,3795.57,16564,324
1760872195000,HC2501,3011.2,3013.09,3002.12,3011.93,16260,324
1760872200000,RB2501,3796.43,3796.65,3781.89,3786.15,16925,324
1760872200000,HC2501,3012.37,3019.64,3005.62,3018.01,16349,324
1760872205000,RB2501,3786.79,3796.8,3784.69,3791.94,16363,323
1760872205000,HC2501,3017.11,3018.83,3010.59,3013.57,17272,323
1760872210000,RB2501,3792.85,3801.46,3791.42,3795.56,16800,324
1760872210000,HC2501,3012.93,3016.59,3003.73,3004.43,16338,324
1760872215000,RB2501,3796.2,3801.68,3784.94,3795.78,17062,324
1760872215000,HC2501,3005.34,3005.86,2986.08,2988.2,16721,324
1760872220000,RB2501,3795.08,3798,3775.93,3777.12,16704,323
1760872220000,HC2501,2988.86,3004.68,2988.08,3002.58,17196,323
1760872225000,RB2501,3776.57,3788.19,3772.68,3779.68,16208,323
1760872225000,HC2501,3003.35,3004.61,2988.86,3000.38,16724,323
1760872230000,RB2501,3779.2,3784.62,3760.96,3774.93,16224,324
1760872230000,HC2501,3000.37,3005.51,2986.45,2991.58,17013,324
1760872235000,RB2501,3774.54,3780.94,3768.54,3776.09,16728,324
1760872235000,HC2501,2991.14,2995.23,2976.12,2976.43,16784,324
1760872240000,RB2501,3775.9,3797.29,3772.89,3782.49,16392,324
1760872240000,HC2501,2975.86,2996.05,2974.31,2994.22,16401,324
1760872245000,RB2501,3782.91,3791.61,3778.07,3780.51,16516,323
1760872245000,HC2501,2994.09,2994.09,2982.35,2987.37,16649,323
1760872250000,RB2501,3779.99,3784.44,3774.08,3781.14,15918,323
1760872250000,HC2501,2987.79,2997.3,2978.42,2981.52,16155,323
1760872255000,RB2501,3781.76,3787.15,3768.02,3773.76,16595,324
1760872255000,HC2501,2981.64,2987.36,2970.84,2971.68,16789,324
1760872260000,RB2501,3773.4,3780.05,3771.05,3775.5,16691,323
1760872260000,HC2501,2972.35,2983.65,2971.73,2983.65,17038,323
1760872265000,RB2501,3774.91,3780.7,3769.19,3775.25,16332,324
1760872265000,HC2501,2983.43,2987.19,2979.1,2979.1,16429,324
1760872270000,RB2501,3775.17,3778.6,3765.32,3765.32,16870,323
1760872270000,HC2501,2978.83,2983.32,2965.13,2966.59,16698,323
1760872275000,RB2501,3765.66,3765.66,3753.65,3757.17,16498,323
1760872275000,HC2501,2966.12,2966.75,2955.7,2957.78,15977,323
1760872280000,RB2501,3757.95,3787.22,3755.92,3786.8,16854,324
1760872280000,HC2501,2958.07,2967.04,2953.79,2963.49,16573,324
1760872285000,RB2501,3787.03,3812.12,3783.8,3811.92,17138,324
1760872285000,HC2501,2963.79,2966.19,2947.11,2952.25,16240,324
1760872290000,RB2501,3812.4,3820.08,3804.12,3812.21,16323,324
1760872290000,HC2501,2952.36,2961.79,2949.88,2953.09,16205,324
1760872295000,RB2501,3812.78,3825.71,3809.39,3820.95,17474,323
1760872295000,HC2501,2952.36,2956.6,2939.88,2948.15,16531,323
1760872300000,RB2501,3820.35,3820.93,3802.96,3809.23,16617,324
1760872300000,HC2501,2947.63,2954.75,2945.23,2947.48,15874,324
1760872305000,RB2501,3809.35,3822.16,3805.73,3812.07,16885,323
1760872305000,HC2501,2946.51,2946.95,2929.98,2938.57,16910,323
1760872310000,RB2501,3812.17,3812.17,3797.21,3797.21,16752,324
1760872310000,HC2501,2938.22,2964.42,2935.25,2964.42,16719,324
1760872315000,RB2501,3797.27,3809.68,3794.67,3807.65,16361,323
1760872315000,HC2501,2963.65,2969.93,2954.29,2959.9,16691,323
1760872320000,RB2501,3807.36,3817.07,3805.2,3813.73,16502,323
1760872320000,HC2501,2960.23,2960.59,2947.44,2949.44,16633,323
1760872325000,RB2501,3813.9,3818.09,3798,3803.3,15752,323
1760872325000,HC2501,2948.58,2949.93,2938.87,2944.43,16121,323
1760872330000,RB2501,3803.43,3808.91,3799.88,3800.44,16725,323
1760872330000,HC2501,2945.07,2952.15,2940.75,2950.21,16936,323
1760872335000,RB2501,3801.3,3808,3795.34,3806.36,16553,323
1760872335000,HC2501,2950.32,2956.6,2942.93,2955.22,16902,323
1760872340000,RB2501,3806.3,3812.68,3793.98,3793.98,16675,324
1760872340000,HC2501,2955.51,2957.12,2942.78,2944.71,16427,324
1760872345000,RB2501,3794.42,3801.58,3782.31,3783.95,16555,323
1760872345000,HC2501,2944.67,2952.51,2942.58,2944.44,16356,323
1760872350000,RB2501,3783.83,3793.2,3774.01,3775.15,16481,324
1760872350000,HC2501,2943.94,2953.06,2939.65,2939.65,16062,324
1760872355000,RB2501,3775.51,3789.2,3775.03,3781.54,15812,324
1760872355000,HC2501,2938.71,2939.82,2930.25,2933.98,16293,324
1760872360000,RB2501,3782.07,3787.16,3778.96,3783.12,16565,323
1760872360000,HC2501,2934.85,2935.15,2911.1,2913.69,16212,323
1760872365000,RB2501,3782.12,3783.7,3771.43,3778.78,15913,323
1760872365000,HC2501,2913.43,2920.93,2910.33,2910.44,16401,323
1760872370000,RB2501,3779.23,3779.23,3766.68,3768.9,16304,324
1760872370000,HC2501,2910.84,2920.01,2908.04,2912.38,16266,324
1760872375000,RB2501,3768.61,3773.65,3756.81,3771.14,16001,323
1760872375000,HC2501,2912.95,2930.73,2909.11,2929.46,16918,323
1760872380000,RB2501,3771.27,3781.75,3765.57,3777.49,16259,323
1760872380000,HC2501,2928.88,2928.88,2896,2899.64,16545,323
1760872385000,RB2501,3777.73,3777.73,3762.3,3763.81,16731,324
1760872385000,HC2501,2899.75,2902.67,2889.33,2897.65,16648,324
1760872390000,RB2501,3763.23,3766.54,3751.97,3761.78,15867,324
1760872390000,HC2501,2897.2,2908.81,2890.81,2907.02,16136,324
1760872395000,RB2501,3762.75,3763.51,3749.21,3749.21,16331,323
1760872395000,HC2501,2906.4,2909.67,2898.74,2900.44,16815,323
1760872400000,RB2501,3749.73,3753.83,3735.48,3748.84,17002,324
1760872400000,HC2501,2900.91,2904.66,2889.71,2895.75,16367,324
1760872405000,RB2501,3749.43,3753.09,3741.72,3745.36,16020,323
1760872405000,HC2501,2896.17,2904.81,2891.3,2898.33,17069,323
1760872410000,RB2501,3745.37,3747.24,3735.82,3743.23,16039,323
1760872410000,HC2501,2899.17,2901.15,2889.33,2894.4,16773,323
1760872415000,RB2501,3743.23,3749.78,3739.66,3743.97,16332,323
1760872415000,HC2501,2895.04,2895.57,2877.29,2882.33,16422,323
1760872420000,RB2501,3743.07,3748.31,3737.75,3738.92,16706,324
1760872420000,HC2501,2882.64,2883.72,2871.59,2872.04,16681,324
1760872425000,RB2501,3739.32,3739.32,3726.69,3734.24,16805,322
1760872425000,HC2501,2872.29,2890.41,2871.3,2890.04,16311,322
1760872430000,RB2501,3734.24,3739.6,3711.86,3715.51,16040,324
1760872430000,HC2501,2890.31,2890.31,2864.03,2866.97,16304,324
1760872435000,RB2501,3715.02,3721.07,3702.85,3712.72,15693,324
1760872435000,HC2501,2867.08,2882.37,2862.43,2874.54,17185,324
1760872440000,RB2501,3713.39,3715.21,3692.45,3706.89,16394,325
1760872440000,HC2501,2874.08,2883.38,2861.81,2864.88,17031,325
1760872445000,RB2501,3707.24,3728.02,3701.41,3726.39,17285,323
1760872445000,HC2501,2865.84,2880.26,2864.82,2867.36,16898,323
1760872450000,RB2501,3725.54,3730.08,3710.02,3714.8,15868,323
1760872450000,HC2501,2867.3,2867.3,2853.86,2859.81,17100,323
1760872455000,RB2501,3715.5,3721.42,3709.44,3709.88,16616,323
1760872455000,HC2501,2859.02,2863.04,2850.92,2851.72,16158,323
1760872460000,RB2501,3709.08,3712.65,3698.98,3700.12,16093,323
1760872460000,HC2501,2850.88,2857.97,2841.76,2845.75,16546,323
1760872465000,RB2501,3700.88,3702.09,3686.09,3694.75,16571,323
1760872465000,HC2501,2845.09,2854.46,2840.35,2851.13,15935,323
1760872470000,RB2501,3695.75,3701.65,3689.94,3690.49,16337,323
1760872470000,HC2501,2851.78,2881.08,2851.04,2880.42,16842,323
1760872475000,RB2501,3690.96,3692.21,3677.73,3678.4,16441,323
1760872475000,HC2501,2881.03,2885.83,2870.11,2875.22,17432,323
1760872480000,RB2501,3679.11,3681.16,3664.44,3676.88,16570,324
1760872480000,HC2501,2875.28,2880.49,2863.65,2875.63,16570,324
1760872485000,RB2501,3676.49,3676.79,3665.7,3666.98,16468,323
1760872485000,HC2501,2874.9,2886.33,2871.77,2876.6,17000,323
1760872490000,RB2501,3667.11,3667.11,3651.91,3654.37,16864,324
1760872490000,HC2501,2876.81,2884.25,2869.69,2870.99,16314,324
1760872495000,RB2501,3654.44,3660.26,3645.82,3658.6,17543,324
1760872495000,HC2501,2870.85,2877.92,2866.64,2871.21,16431,324
1760872500000,RB2501,3657.92,3673.02,3652.4,3659.91,17140,325
1760872500000,HC2501,2871.79,2883.64,2871.72,2883.64,17152,325
1760872505000,RB2501,3659.95,3661.27,3635.96,3642.42,15900,323
1760872505000,HC2501,2883.19,2883.19,2869.23,2874.37,15779,323
1760872510000,RB2501,3642.49,3655.47,3636.48,3655.43,16341,324
1760872510000,HC2501,2873.78,2875.47,2862.08,2862.85,16750,324
1760872515000,RB2501,3655.9,3657.68,3635.58,3636.23,16145,323
1760872515000,HC2501,2862.31,2872.94,2855.8,2870.21,16410,323
1760872520000,RB2501,3636.08,3644.46,3631.83,3638.86,16204,322
1760872520000,HC2501,2869.36,2871.83,2854.59,2859.01,15756,322
1760872525000,RB2501,3638.83,3651.22,3635.38,3651.17,16512,324
1760872525000,HC2501,2858.33,2870.16,2858.12,2858.12,16889,324
1760872530000,RB2501,3650.74,3665.38,3648.17,3658.28,15823,323
1760872530000,HC2501,2858.34,2865.68,2856.21,2859.21,15991,323
1760872535000,RB2501,3658.12,3659.28,3650.07,3651.83,16910,322
1760872535000,HC2501,2858.4,2876.81,2856.15,2872.78,15912,322
1760872540000,RB2501,3651.82,3656.3,3641.26,3644.82,16714,324
1760872540000,HC2501,2873.55,2875.62,2861.87,2866.51,16316,324
1760872545000,RB2501,3644.1,3657.72,3637.13,3656.3,16016,323
1760872545000,HC2501,2867.09,2879.77,2860.5,2878.52,15982,323
1760872550000,RB2501,3655.47,3662.51,3649.52,3656.1,16433,324
1760872550000,HC2501,2878.88,2882.44,2873.73,2878.72,17207,324
1760872555000,RB2501,3656.04,3656.61,3648.38,3653.91,16420,324
1760872555000,HC2501,2879.49,2894.34,2878.34,2890.28,16453,324
1760872560000,RB2501,3654.37,3662.95,3652.8,3656.12,16657,323
1760872560000,HC2501,2889.73,2896.14,2878.5,2878.5,16441,323
1760872565000,RB2501,3656.86,3657.42,3638.82,3651.04,17140,323
1760872565000,HC2501,2878.16,2878.64,2865.31,2874.23,17002,323
1760872570000,RB2501,3650.94,3661.23,3645.36,3658.86,16594,323
1760872570000,HC2501,2875.11,2886.02,2872.46,2882.16,16710,323
1760872575000,RB2501,3658.56,3658.56,3636.48,3637.67,16385,324
1760872575000,HC2501,2881.79,2898.65,2877.98,2894.5,16294,324
1760872580000,RB2501,3637.83,3642,3631.86,3633.5,16884,323
1760872580000,HC2501,2895.47,2902.71,2889.4,2896.76,15665,323
1760872585000,RB2501,3633.22,3642.86,3633.02,3638.63,16407,323
1760872585000,HC2501,2896.02,2902.55,2894.5,2901.64,16653,323
1760872590000,RB2501,3639.14,3646.92,3633.79,3642.08,16225,324
1760872590000,HC2501,2901.8,2907.64,2899.35,2905.21,16687,324
1760872595000,RB2501,3643.07,3650.35,3637.97,3646.59,17119,324
1760872595000,HC2501,2906.2,2906.34,2891.7,2895.21,16719,324
1760872600000,RB2501,3647.54,3653.31,3641.21,3646.37,16525,323
1760872600000,HC2501,2894.58,2905.89,2892.51,2894.1,15679,323
1760872605000,RB2501,3646.33,3648.14,3633.97,3635.4,16331,323
1760872605000,HC2501,2894.78,2900.35,2890.32,2892.46,16302,323
1760872610000,RB2501,3635.18,3645.79,3633.33,3639.39,15676,324
1760872610000,HC2501,2892.3,2893.91,2876.43,2877.56,16479,324
1760872615000,RB2501,3639.96,3641.55,3629.59,3632.61,16268,323
1760872615000,HC2501,2877.23,2881.36,2871.42,2872.77,16495,323
1760872620000,RB2501,3631.65,3632.05,3619.76,3625.52,16246,323
1760872620000,HC2501,2873.38,2875.04,2854.64,2856.04,16059,323
1760872625000,RB2501,3626.13,3627,3601.91,3617.99,16201,323
1760872625000,HC2501,2855.63,2864.81,2853.09,2857.08,16836,323
1760872630000,RB2501,3618.51,3620.51,3611.06,3614.26,16162,324
1760872630000,HC2501,2856.47,2861.4,2840.23,2840.97,16449,324
1760872635000,RB2501,3613.43,3634.39,3612.31,3632.1,16644,324
1760872635000,HC2501,2840.79,2844.13,2833.1,2841.97,16556,324
1760872640000,RB2501,3632.58,3650.2,3630.77,3645.82,16270,322
1760872640000,HC2501,2841.74,2847.53,2838.25,2843.9,16851,322
1760872645000,RB2501,3645.82,3655.12,3641.54,3644.35,16666,324
1760872645000,HC2501,2844.52,2863.14,2842.04,2858.31,16701,324
1760872650000,RB2501,3644.3,3664.94,3640.75,3640.82,15781,324
1760872650000,HC2501,2857.33,2868.61,2852.34,2864.99,16366,324
1760872655000,RB2501,3640.05,3649.37,3637.49,3641.78,16531,323
1760872655000,HC2501,2865.56,2865.56,2850.27,2850.35,16706,323
1760872660000,RB2501,3641.41,3658.85,3640.54,3643.95,17022,323
1760872660000,HC2501,2849.85,2859.6,2849.7,2854.82,16406,323
1760872665000,RB2501,3644.52,3651.08,3638.5,3650.63,15857,324
1760872665000,HC2501,2854.75,2855.73,2833.95,2835.38,16404,324
1760872670000,RB2501,3649.67,3650.85,3624.8,3628.41,16414,323
1760872670000,HC2501,2836.34,2849.14,2836.34,2842.23,16538,323
1760872675000,RB2501,3629.03,3635.96,3623.88,3630.83,16081,323
1760872675000,HC2501,2842.23,2848.39,2832.63,2836.07,17141,323
1760872680000,RB2501,3630.47,3633.69,3621.74,3625.09,16635,323
1760872680000,HC2501,2835.7,2847.36,2834.32,2846.27,16943,323
1760872685000,RB2501,3624.52,3642.8,3622.21,3634.31,16320,324
1760872685000,HC2501,2846.94,2855.14,2842.26,2853.81,16984,324
1760872690000,RB2501,3635.03,3635.89,3621.55,3621.55,16482,323
1760872690000,HC2501,2853.93,2855.91,2844.29,2848.17,15904,323
1760872695000,RB2501,3621.06,3627.73,3613.61,3615.47,16571,323
1760872695000,HC2501,2848.25,2853.13,2831.85,2835.12,16623,323
1760872700000,RB2501,3614.53,3622.04,3607.68,3620.73,15782,323
1760872700000,HC2501,2836.02,2837.89,2826.84,2830.63,16036,323
1760872705000,RB2501,3620.47,3630.88,3615.6,3628.38,16619,324
1760872705000,HC2501,2829.9,2834.29,2820.79,2834.29,17128,324
1760872710000,RB2501,3627.84,3635.37,3623.06,3624.85,16232,323
1760872710000,HC2501,2834.39,2852.59,2830.48,2845.55,16406,323
1760872715000,RB2501,3624.97,3639.5,3624.97,3634.34,16300,323
1760872715000,HC2501,2846.44,2854.95,2830.8,2832.46,16561,323
1760872720000,RB2501,3634.24,3636.99,3624,3634.72,16160,323
1760872720000,HC2501,2832.11,2841.68,2825.59,2825.59,16269,323
1760872725000,RB2501,3635.11,3649.49,3634.61,3646.82,16155,323
1760872725000,HC2501,2824.89,2834.15,2821.76,2833.86,16645,323
1760872730000,RB2501,3647.22,3651.94,3637.62,3638.36,16674,323
1760872730000,HC2501,2833.03,2839.92,2832.21,2836.43,16745,323
1760872735000,RB2501,3638.81,3640.05,3619.98,3622.09,16842,323
1760872735000,HC2501,2836.87,2849.98,2835.27,2840.9,16493,323
1760872740000,RB2501,3621.83,3623.78,3615.16,3615.64,16438,323
1760872740000,HC2501,2840.73,2844.28,2832.87,2840.57,17112,323
1760872745000,RB2501,3616.23,3616.23,3597.44,3610.13,16378,324
1760872745000,HC2501,2841.28,2852.33,2837.77,2852.33,16001,324
1760872750000,RB2501,3610.47,3623.56,3607.06,3618.19,17058,323
1760872750000,HC2501,2851.87,2853.47,2840.42,2849.49,16842,323
1760872755000,RB2501,3617.82,3622.67,3612.91,3613,16962,323
1760872755000,HC2501,2848.54,2852.09,2841.57,2846.12,16025,323
1760872760000,RB2501,3612.82,3617.88,3603.94,3615.13,17060,323
1760872760000,HC2501,2845.37,2854.85,2838.56,2854.38,16785,323
1760872765000,RB2501,3614.67,3622.45,3608.61,3616.67,16519,323
1760872765000,HC2501,2853.75,2856.55,2836.85,2838.49,16411,323
1760872770000,RB2501,3616.41,3627.48,3613.97,3620.16,16281,323
1760872770000,HC2501,2837.77,2856.41,2833.11,2856.41,16712,323
1760872775000,RB2501,3621.1,3625.82,3612.82,3622.46,17324,324
1760872775000,HC2501,2855.83,2864.67,2849.67,2860.64,16216,324
1760872780000,RB2501,3622.6,3627.61,3616.34,3625.85,16336,323
1760872780000,HC2501,2860.11,2870.79,2853.23,2865.4,16573,323
1760872785000,RB2501,3625.97,3627.58,3613.26,3615.85,16452,323
1760872785000,HC2501,2865.42,2869.54,2859.74,2861.45,16188,323
1760872790000,RB2501,3615.2,3621.28,3603.19,3613.57,17057,324
1760872790000,HC2501,2861.59,2864.8,2855.45,2859.86,15875,324
1760872795000,RB2501,3614.35,3617.42,3597.39,3600.89,15986,323
1760872795000,HC2501,2859.34,2864.33,2844.25,2852.38,16859,323
1760872800000,RB2501,3601.59,3615.91,3601.04,3612.98,16576,324
1760872800000,HC2501,2851.59,2852.06,2832.69,2837.63,17253,324
1760872805000,RB2501,3613.88,3617.99,3606.11,3610.47,16954,324
1760872805000,HC2501,2838.09,2854.25,2829.13,2850.05,16964,324
1760872810000,RB2501,3610.95,3627.95,3605.34,3622.26,16718,324
1760872810000,HC2501,2849.79,2855.05,2842.39,2849.95,16962,324
1760872815000,RB2501,3622.73,3629.25,3616.55,3617.56,16241,323
1760872815000,HC2501,2849.93,2856.23,2844.98,2852.43,17165,323
1760872820000,RB2501,3617.44,3621.53,3607.86,3614.1,16250,323
1760872820000,HC2501,2852.2,2859.2,2843.64,2852.64,17028,323
1760872825000,RB2501,3613.84,3618.89,3607.01,3613.28,16825,323
1760872825000,HC2501,2852.94,2852.94,2839.37,2839.37,16171,323
1760872830000,RB2501,3612.52,3618.23,3607.76,3612.19,16193,323
1760872830000,HC2501,2839.13,2855.73,2831.75,2854.28,16081,323
1760872835000,RB2501,3612.81,3615.3,3601.51,3608.7,16071,324
1760872835000,HC2501,2854.21,2855.46,2845.23,2851.85,16702,324
1760872840000,RB2501,3607.78,3609.5,3598.53,3601.34,16679,323
1760872840000,HC2501,2851.06,2860.4,2844.31,2859.43,16362,323
1760872845000,RB2501,3600.6,3616.58,3600.18,3610.99,16858,324
1760872845000,HC2501,2859.67,2870.79,2859.67,2869.85,16491,324
1760872850000,RB2501,3610.86,3618.45,3607.62,3617.61,16423,324
1760872850000,HC2501,2869.09,2869.09,2855.31,2859.97,17139,324
1760872855000,RB2501,3618.14,3630.29,3614.77,3626.64,16610,323
1760872855000,HC2501,2859.91,2861.41,2837.78,2845.75,16178,323
1760872860000,RB2501,3626.72,3627.39,3614.26,3618.84,16194,324
1760872860000,HC2501,2846.48,2848.57,2831.7,2833.56,16517,324
1760872865000,RB2501,3617.91,3622.58,3607.49,3609.53,16336,323
1760872865000,HC2501,2833.53,2852.84,2831.9,2844.22,16931,323
1760872870000,RB2501,3609.29,3624,3604.95,3623.59,15873,323
1760872870000,HC2501,2844.02,2846.95,2829.25,2839.3,16278,323
1760872875000,RB2501,3623.45,3624.07,3610.81,3615.45,15947,323
1760872875000,HC2501,2840.04,2852.87,2838.16,2840.68,16638,323
1760872880000,RB2501,3615.66,3617.17,3602.25,3613.99,16156,323
1760872880000,HC2501,2841.62,2855.41,2841.58,2850.38,16536,323
1760872885000,RB2501,3614.59,3622.01,3595.85,3597.72,16545,323
1760872885000,HC2501,2850.08,2859.68,2848.76,2859.68,15859,323
1760872890000,RB2501,3597.15,3598.86,3584.69,3593.56,16665,323
1760872890000,HC2501,2859.85,2859.96,2841.27,2841.27,16380,323
1760872895000,RB2501,3592.61,3593.22,3563.39,3563.85,16162,324
1760872895000,HC2501,2840.82,2855.29,2839.76,2848.31,16714,324
1760872900000,RB2501,3564.41,3568.5,3557.65,3560.94,16146,323
1760872900000,HC2501,2849.19,2857.7,2843.97,2848.86,16459,323
1760872905000,RB2501,3561.35,3571.76,3554.32,3565.48,16432,323
1760872905000,HC2501,2848.78,2864.11,2846.69,2864.11,16691,323
1760872910000,RB2501,3565.76,3572.25,3558.13,3560.43,16534,323
1760872910000,HC2501,2864.52,2866.42,2856.52,2862.9,16769,323
1760872915000,RB2501,3561.06,3561.99,3545.51,3555.58,16817,323
1760872915000,HC2501,2863.31,2874.66,2860.17,2872.22,16509,323
1760872920000,RB2501,3556.07,3564.6,3548.86,3564.41,16988,323
1760872920000,HC2501,2872.96,2874.71,2861.24,2870.36,16934,323
1760872925000,RB2501,3563.57,3565.79,3558.04,3561.09,16768,324
1760872925000,HC2501,2869.96,2872.64,2862.55,2864.77,16424,324
1760872930000,RB2501,3561.37,3574.35,3558.02,3574.35,17376,323
1760872930000,HC2501,2865.42,2879.62,2859.52,2868.3,16026,323
1760872935000,RB2501,3573.5,3582.44,3571.07,3580.7,16239,323
1760872935000,HC2501,2867.48,2871.7,2856.38,2860.39,16639,323
1760872940000,RB2501,3580.2,3589.27,3572.32,3572.62,16015,322
1760872940000,HC2501,2860.83,2869.85,2856.05,2867.21,16104,322
1760872945000,RB2501,3572.08,3582.26,3564.88,3565.88,16413,323
1760872945000,HC2501,2868.04,2877.91,2863.92,2874.44,16142,323
1760872950000,RB2501,3565.14,3575.57,3562.16,3566.05,16350,323
1760872950000,HC2501,2874.87,2885.48,2870.53,2875.82,16056,323
1760872955000,RB2501,3565.67,3572.53,3562.52,3562.52,16319,324
1760872955000,HC2501,2874.93,2875.95,2854.22,2855.08,15954,324
1760872960000,RB2501,3561.96,3582.07,3559.96,3578.47,16568,323
1760872960000,HC2501,2854.91,2866.75,2846.08,2864.15,16015,323
1760872965000,RB2501,3577.53,3587.35,3575.97,3585.79,16102,324
1760872965000,HC2501,2864.93,2874.45,2857.14,2871.95,16211,324
1760872970000,RB2501,3584.93,3591.13,3581.97,3587.94,15998,323
1760872970000,HC2501,2871.26,2873.65,2854.97,2862.61,16357,323
1760872975000,RB2501,3588.77,3594,3577.06,3580.17,15846,324
1760872975000,HC2501,2862.73,2870.28,2843.55,2845.05,15987,324
1760872980000,RB2501,3579.44,3580.58,3559.75,3564.77,16066,323
1760872980000,HC2501,2844.13,2862.38,2842.34,2857.92,16885,323
1760872985000,RB2501,3564.62,3573.14,3559.12,3568.37,16285,324
1760872985000,HC2501,2858.16,2858.78,2848.33,2853.02,16414,324
1760872990000,RB2501,3568.08,3570.35,3552.15,3554.06,16754,323
1760872990000,HC2501,2853.78,2861.72,2851.64,2860.13,16399,323
1760872995000,RB2501,3553.18,3559.81,3544.96,3549.19,16590,324
1760872995000,HC2501,2860.12,2864.03,2844.41,2846.72,16655,324
1760873000000,RB2501,3548.24,3550.71,3540.23,3542.25,16938,323
1760873000000,HC2501,2846.74,2846.74,2828.96,2830.42,16622,323
1760873005000,RB2501,3541.5,3545.72,3533.61,3539.43,16353,325
1760873005000,HC2501,2830.94,2839.31,2824.16,2825.88,16357,325
1760873010000,RB2501,3539.46,3559.8,3539.46,3559.8,15560,323
1760873010000,HC2501,2826.62,2831.89,2818.46,2831.18,16923,323
1760873015000,RB2501,3559.85,3568.16,3553.28,3553.28,16486,324
1760873015000,HC2501,2831.11,2831.47,2806.6,2820.22,16240,324
1760873020000,RB2501,3552.33,3565.78,3551.06,3562.32,17017,322
1760873020000,HC2501,2819.41,2824.01,2811.74,2819.94,17026,322
1760873025000,RB2501,3563.17,3579.58,3562.82,3574.64,16934,324
1760873025000,HC2501,2820.29,2824.2,2810.96,2822.13,16976,324
1760873030000,RB2501,3574.74,3583.15,3567.83,3570.4,17205,323
1760873030000,HC2501,2822.24,2834.95,2821.38,2821.81,16393,323
1760873035000,RB2501,3570.33,3578.2,3564.71,3564.71,17333,324
1760873035000,HC2501,2822.08,2830.57,2820.9,2826.18,16568,324
1760873040000,RB2501,3564.37,3575.25,3562.13,3566.35,16799,323
1760873040000,HC2501,2826.36,2842.05,2820.42,2841.52,16826,323
1760873045000,RB2501,3566.55,3566.55,3554.99,3559.32,16355,323
1760873045000,HC2501,2840.55,2843.72,2826.51,2834.91,15896,323
1760873050000,RB2501,3559.03,3569.16,3559.03,3568.52,16620,324
1760873050000,HC2501,2835.68,2838.85,2829.81,2833.85,16201,324
1760873055000,RB2501,3568.13,3568.75,3555.68,3566.46,16587,323
1760873055000,HC2501,2834.81,2834.81,2822.05,2828.58,16544,323
1760873060000,RB2501,3567.39,3572.73,3562.58,3570.02,17210,323
1760873060000,HC2501,2828.51,2852.24,2828.51,2852.19,16465,323
1760873065000,RB2501,3569.31,3569.61,3549.82,3555.35,16162,325
1760873065000,HC2501,2851.64,2865.57,2848.53,2865.57,16648,325
1760873070000,RB2501,3554.53,3556.57,3545.37,3551.08,16740,323
1760873070000,HC2501,2866.24,2872.61,2857.48,2861.73,16195,323
1760873075000,RB2501,3551.78,3553.63,3541.04,3553.63,16563,324
1760873075000,HC2501,2862.39,2863.93,2853.52,2854.56,16355,324
1760873080000,RB2501,3553.29,3554.36,3538.81,3544.58,16723,323
1760873080000,HC2501,2853.84,2858.59,2848.04,2850.28,16584,323
1760873085000,RB2501,3545.44,3551.17,3535.14,3535.14,16603,323
1760873085000,HC2501,2850.22,2855.49,2841.27,2842.69,16826,323
1760873090000,RB2501,3535.33,3560.7,3529.42,3553.5,17095,323
1760873090000,HC2501,2842.69,2844.22,2834.91,2835.73,16896,323
1760873095000,RB2501,3552.84,3557.94,3547.53,3548.06,16433,325
1760873095000,HC2501,2834.84,2838.75,2818.26,2820.04,17056,325
1760873100000,RB2501,3547.1,3559.32,3545.48,3547.9,16443,324
1760873100000,HC2501,2820.21,2834.2,2816.2,2833.81,17038,324
1760873105000,RB2501,3547.54,3560.62,3544.12,3557.82,16332,323
1760873105000,HC2501,2833.58,2845.46,2824.88,2826.82,16321,323
1760873110000,RB2501,3558.7,3562.69,3551.31,3558.89,16968,324
1760873110000,HC2501,2827.66,2827.79,2800.69,2805.86,17082,324
1760873115000,RB2501,3558.22,3558.22,3527.77,3527.77,15970,322
1760873115000,HC2501,2806.53,2812.23,2796.64,2804.21,16590,322
1760873120000,RB2501,3528.66,3539.76,3525.17,3530.04,16395,324
1760873120000,HC2501,2804.73,2809.36,2789.93,2792.18,16920,324
1760873125000,RB2501,3530.11,3546.4,3527.78,3540.2,16421,323
1760873125000,HC2501,2792.01,2812.24,2784.25,2810.54,16244,323
1760873130000,RB2501,3539.27,3544.2,3528.88,3530.61,16653,323
1760873130000,HC2501,2810.18,2815.85,2801.73,2813.6,16492,323
1760873135000,RB2501,3529.79,3537.9,3525.47,3537.08,16746,324
1760873135000,HC2501,2813.95,2815,2796.57,2803.94,16342,324
1760873140000,RB2501,3536.74,3544.76,3527.01,3541.25,16452,323
1760873140000,HC2501,2804.41,2812.23,2800.96,2801.82,16440,323
1760873145000,RB2501,3541.52,3550.44,3539.05,3545.62,16546,322
1760873145000,HC2501,2801.26,2817.51,2796.76,2809.55,16112,322
1760873150000,RB2501,3544.69,3551.26,3539.66,3551.26,16092,323
1760873150000,HC2501,2808.72,2811.56,2794.14,2798.92,15978,323
1760873155000,RB2501,3550.47,3556.74,3541.96,3553.73,16418,324
1760873155000,HC2501,2797.99,2799.01,2787.89,2790.22,16350,324
1760873160000,RB2501,3554.56,3558.3,3548.35,3553.26,16190,323
1760873160000,HC2501,2790.96,2791.49,2765.01,2774.3,16723,323
1760873165000,RB2501,3553.21,3557.78,3543.92,3544.68,16894,324
1760873165000,HC2501,2773.98,2774.78,2750.28,2759.6,16113,324
1760873170000,RB2501,3545.47,3558.73,3541.2,3546.51,16707,324
1760873170000,HC2501,2760.52,2765.07,2748.17,2749.38,16183,324
1760873175000,RB2501,3547.4,3557.78,3540.85,3549.57,16708,323
1760873175000,HC2501,2748.65,2755.61,2741.73,2746.82,16565,323
1760873180000,RB2501,3549.97,3553.42,3540.62,3541.09,16319,324
1760873180000,HC2501,2746.44,2749.5,2731.63,2734.24,16436,324
1760873185000,RB2501,3541.99,3554.88,3541.7,3553.06,16437,323
1760873185000,HC2501,2734.42,2740.92,2728.96,2736.33,15954,323
1760873190000,RB2501,3552.42,3555.8,3548.32,3554.46,17204,323
1760873190000,HC2501,2736.5,2750.21,2735.36,2744.4,16113,323
1760873195000,RB2501,3553.59,3569.7,3549.42,3566.78,16836,324
1760873195000,HC2501,2744.73,2750.7,2728.76,2734.73,17024,324
1760873200000,RB2501,3567.59,3583.44,3564.92,3581.47,17028,324
1760873200000,HC2501,2734.99,2739.59,2715.21,2727.85,16471,324
1760873205000,RB2501,3581.78,3604.29,3580.95,3600.21,16575,323
1760873205000,HC2501,2727.27,2736.69,2725.87,2726.09,16875,323
1760873210000,RB2501,3600.7,3600.99,3581.21,3582.38,16197,323
1760873210000,HC2501,2726.24,2728.05,2707.36,2709.09,16901,323
1760873215000,RB2501,3582.29,3585.26,3569.99,3570.56,16814,323
1760873215000,HC2501,2710.03,2732.54,2707.67,2731.2,16493,323
1760873220000,RB2501,3570.8,3586.33,3570.8,3577.41,16143,323
1760873220000,HC2501,2731.11,2735.22,2711.63,2712.03,16447,323
1760873225000,RB2501,3576.94,3585.55,3574.29,3584.86,16323,322
1760873225000,HC2501,2711.75,2712.9,2696.11,2702.72,16999,322
1760873230000,RB2501,3584.32,3590.58,3576.35,3581.3,16365,323
1760873230000,HC2501,2703.56,2714.54,2697.68,2698.36,16244,323
1760873235000,RB2501,3581.18,3582.13,3565.9,3571.6,16335,323
1760873235000,HC2501,2699.03,2706.07,2691.97,2693.08,16576,323
1760873240000,RB2501,3572.07,3572.52,3556.42,3557.18,16756,323
1760873240000,HC2501,2692.23,2706.59,2690.98,2701.57,16138,323
1760873245000,RB2501,3556.33,3560.34,3550.43,3556.18,16735,323
1760873245000,HC2501,2702.03,2702.03,2682.37,2684.62,17220,323
1760873250000,RB2501,3556.24,3559.99,3552.59,3555.35,17115,324
1760873250000,HC2501,2684.98,2690.18,2671.91,2672.17,16641,324
1760873255000,RB2501,3554.43,3554.62,3537.36,3545.26,16113,324
1760873255000,HC2501,2673.05,2681.01,2667.03,2671.55,16749,324
1760873260000,RB2501,3544.52,3546.39,3537.93,3542.87,16291,325
1760873260000,HC2501,2671.48,2677,2667.15,2673.07,16657,325
1760873265000,RB2501,3543.64,3544.81,3525.29,3530.22,16694,324
1760873265000,HC2501,2673.4,2685.15,2670.05,2683,16777,324
1760873270000,RB2501,3530.24,3530.24,3519.51,3524.33,16566,325
1760873270000,HC2501,2682.54,2690.07,2675.78,2676.39,16567,325
1760873275000,RB2501,3524.63,3544.49,3524.63,3528.35,16791,324
1760873275000,HC2501,2677.12,2687.47,2668.12,2686.21,16141,324
1760873280000,RB2501,3528.29,3536.84,3522.1,3531.81,16239,323
1760873280000,HC2501,2687.02,2694,2685.94,2688.01,16810,323
1760873285000,RB2501,3531.84,3540.13,3526,3537.74,15954,323
1760873285000,HC2501,2687.06,2692.95,2679.41,2692.01,16481,323
1760873290000,RB2501,3538.22,3543.11,3525.73,3526.43,16760,324
1760873290000,HC2501,2691.61,2697.91,2689.1,2692.23,17021,324
1760873295000,RB2501,3525.43,3554.98,3523.92,3553.71,16679,324
1760873295000,HC2501,2692.02,2694.1,2677.89,2681.32,17268,324
1760873300000,RB2501,3552.73,3556.59,3540.03,3547.88,16769,323
1760873300000,HC2501,2680.98,2687.44,2675.42,2677.07,16368,323
1760873305000,RB2501,3548.67,3551.35,3528.96,3543.84,16930,324
1760873305000,HC2501,2677.38,2677.38,2659.82,2664.07,16746,324
1760873310000,RB2501,3543.24,3543.44,3529.04,3535.15,16499,324
1760873310000,HC2501,2664.03,2682.26,2663.43,2679.76,16086,324
1760873315000,RB2501,3534.81,3538.37,3524.5,3524.75,16335,323
1760873315000,HC2501,2679.94,2682.94,2671.42,2672.7,16464,323
1760873320000,RB2501,3524.86,3527.15,3517.96,3527.15,17024,323
1760873320000,HC2501,2672.22,2677.24,2664.41,2666.55,16545,323
1760873325000,RB2501,3527.39,3533.25,3522.09,3527.49,16309,323
1760873325000,HC2501,2666.22,2673.62,2655.52,2655.71,16938,323
1760873330000,RB2501,3527.15,3531.36,3523.5,3529.41,16845,324
1760873330000,HC2501,2655.57,2656.45,2645.57,2648.16,16329,324
1760873335000,RB2501,3528.6,3547.11,3528.25,3539.62,17620,324
1760873335000,HC2501,2648.92,2661.07,2646.25,2652.3,16981,324
1760873340000,RB2501,3540.14,3541.07,3529.07,3538.52,16476,323
1760873340000,HC2501,2653.01,2670.72,2652.35,2661.01,16848,323
1760873345000,RB2501,3538.13,3543.89,3523.59,3528.47,16625,323
1760873345000,HC2501,2660.1,2669.29,2656.64,2664.9,16578,323
1760873350000,RB2501,3528.64,3543.09,3527.07,3533.52,16618,323
1760873350000,HC2501,2665.71,2673.77,2656.57,2661.64,16559,323
1760873355000,RB2501,3533.36,3551.08,3530.23,3549.58,16117,323
1760873355000,HC2501,2660.86,2667.86,2656.7,2664.73,15667,323
1760873360000,RB2501,3550.17,3567.48,3550.17,3565.94,16747,324
1760873360000,HC2501,2664.73,2675.85,2652.87,2654.51,17006,324
1760873365000,RB2501,3565.03,3580.75,3557,3578.97,16259,323
1760873365000,HC2501,2654.87,2655,2642.27,2644.68,16523,323
1760873370000,RB2501,3579.61,3582.18,3571.79,3574.47,16103,324
1760873370000,HC2501,2644.89,2662.24,2642.89,2655.49,16868,324
1760873375000,RB2501,3575.26,3586.07,3568,3585.8,16399,324
1760873375000,HC2501,2654.69,2656.35,2634.95,2636.43,16350,324
1760873380000,RB2501,3585.69,3618.93,3585.3,3615.83,16288,323
1760873380000,HC2501,2636.68,2647.76,2624.98,2647.76,16706,323
1760873385000,RB2501,3616.36,3628.74,3612.92,3625.7,15745,323
1760873385000,HC2501,2648.06,2670.33,2648.06,2662.7,16296,323
1760873390000,RB2501,3626.46,3640.34,3619.7,3639.75,17001,323
1760873390000,HC2501,2662.64,2671.06,2657.84,2664.71,16712,323
1760873395000,RB2501,3638.81,3641.44,3630.48,3631.71,16549,324
1760873395000,HC2501,2664.38,2664.83,2645.9,2647.13,16940,324
1760873400000,RB2501,3631.13,3636.33,3621.44,3627.06,15896,323
1760873400000,HC2501,2646.8,2650.64,2635.36,2638.06,17184,323
1760873405000,RB2501,3626.33,3629.45,3618.47,3618.69,16482,323
1760873405000,HC2501,2637.76,2642.96,2633.4,2636.35,16538,323
1760873410000,RB2501,3618.09,3621.2,3612.63,3620.53,16780,324
1760873410000,HC2501,2636.86,2638.36,2626.34,2627.61,17124,324
1760873415000,RB2501,3620.82,3634.79,3619.95,3629.91,15705,323
1760873415000,HC2501,2627.27,2630.66,2617.3,2629.59,16456,323
1760873420000,RB2501,3629.13,3647.08,3628.7,3632.02,15829,324
1760873420000,HC2501,2628.61,2641.28,2622.27,2633.69,16294,324
1760873425000,RB2501,3632.4,3643.75,3628.79,3628.79,16635,323
1760873425000,HC2501,2634.66,2636.43,2621.37,2624.78,17026,323
1760873430000,RB2501,3628.92,3634.79,3626.94,3627.17,16423,324
1760873430000,HC2501,2625.2,2631.8,2618.19,2630.12,16367,324
1760873435000,RB2501,3627.96,3643.24,3627,3641.22,16186,323
1760873435000,HC2501,2630.45,2636.46,2623.68,2624.34,16323,323
1760873440000,RB2501,3641.92,3656.37,3639.88,3655.63,16994,323
1760873440000,HC2501,2624.73,2629.82,2620.81,2624.45,17136,323
1760873445000,RB2501,3656.1,3660.83,3652.04,3659.06,16673,323
1760873445000,HC2501,2624.33,2632.24,2622.82,2628.84,16639,323
1760873450000,RB2501,3659.76,3667.09,3655.07,3662.67,16323,323
1760873450000,HC2501,2629.27,2639.23,2623.97,2629.74,16789,323
1760873455000,RB2501,3663.09,3667.19,3660.51,3662.48,16809,323
1760873455000,HC2501,2630.61,2632.95,2619.2,2623.12,16898,323
1760873460000,RB2501,3661.59,3671.74,3660.46,3664.56,16937,324
1760873460000,HC2501,2623.92,2632.33,2621.19,2626.16,16593,324
1760873465000,RB2501,3664.82,3683.09,3658.55,3678.26,17401,322
1760873465000,HC2501,2627.09,2631.16,2615.11,2627.89,16219,322
1760873470000,RB2501,3677.35,3687.39,3671.28,3679.95,17078,323
1760873470000,HC2501,2628.1,2631.88,2616.16,2620.69,16668,323
1760873475000,RB2501,3678.96,3679.48,3665.44,3671.79,17015,322
1760873475000,HC2501,2621.67,2632.71,2620.27,2621.43,16819,322
1760873480000,RB2501,3671.35,3683.33,3670.45,3681.65,16195,323
1760873480000,HC2501,2620.91,2628.01,2615.55,2618.79,16286,323
1760873485000,RB2501,3681.68,3691.63,3679.14,3680.3,16841,323
1760873485000,HC2501,2618.48,2621.54,2612.16,2614.28,16826,323
1760873490000,RB2501,3679.34,3687.9,3676.91,3685.12,16693,323
1760873490000,HC2501,2614.09,2621.61,2605.86,2608.26,16696,323
1760873495000,RB2501,3684.33,3706.08,3678.79,3705.88,16841,324
1760873495000,HC2501,2607.41,2609.32,2591.32,2608.9,17061,324
1760873500000,RB2501,3706.32,3710.17,3689.38,3692.91,16460,322
1760873500000,HC2501,2608.76,2618.75,2606.83,2611.42,16217,322
1760873505000,RB2501,3692.37,3699.84,3683.51,3685.9,17068,324
1760873505000,HC2501,2611.6,2618.46,2607.6,2613.36,16397,324
1760873510000,RB2501,3686.8,3692.63,3681.41,3686.27,16226,323
1760873510000,HC2501,2613.46,2614.32,2598.23,2601.61,16193,323
1760873515000,RB2501,3686.03,3691.38,3678.23,3679.29,16749,323
1760873515000,HC2501,2602.6,2612.69,2586.68,2587.21,17009,323
1760873520000,RB2501,3679.35,3681.02,3660.31,3672.16,16590,323
1760873520000,HC2501,2586.79,2598.16,2582.78,2590.86,16273,323
1760873525000,RB2501,3671.82,3675.36,3662.29,3670.59,16373,323
1760873525000,HC2501,2591.65,2591.94,2573.02,2574.08,16628,323
1760873530000,RB2501,3670.86,3676.21,3656.96,3669.01,16036,322
1760873530000,HC2501,2574.69,2578.01,2568.86,2573.45,16039,322
1760873535000,RB2501,3668.49,3679.01,3668.47,3673.39,16920,323
1760873535000,HC2501,2574.41,2589.91,2572.64,2587.88,17346,323
1760873540000,RB2501,3672.54,3686.47,3670.9,3683.51,16290,323
1760873540000,HC2501,2587.64,2592.54,2577.79,2590.87,16209,323
1760873545000,RB2501,3684.07,3702.89,3678.76,3700.74,16499,323
1760873545000,HC2501,2590.95,2601.88,2586.06,2595.7,16586,323
1760873550000,RB2501,3701.07,3710.27,3698.28,3698.28,15975,323
1760873550000,HC2501,2595.1,2595.1,2574.16,2575.55,16538,323
1760873555000,RB2501,3698.68,3704.72,3692.39,3703.26,15997,323
1760873555000,HC2501,2575.74,2583.29,2570.79,2582.19,16728,323
1760873560000,RB2501,3703.2,3708.77,3695.98,3699.96,16602,323
1760873560000,HC2501,2581.29,2591.16,2574.75,2587.97,16712,323
1760873565000,RB2501,3700.75,3705.1,3695.21,3698.74,16637,325
1760873565000,HC2501,2587.64,2592.25,2572.48,2581.71,16234,325
1760873570000,RB2501,3697.77,3706.14,3690.75,3705.2,17053,325
1760873570000,HC2501,2581.63,2590.4,2573.68,2582.3,16787,325
1760873575000,RB2501,3704.21,3704.42,3682.79,3689.65,16656,324
1760873575000,HC2501,2582.12,2588.78,2570.28,2574.58,16188,324
1760873580000,RB2501,3689.89,3708.19,3689.89,3695.4,17019,323
1760873580000,HC2501,2573.71,2575.53,2550.03,2552.36,16392,323
1760873585000,RB2501,3695.2,3699.54,3687.46,3691.06,16395,323
1760873585000,HC2501,2552.54,2570.11,2550.29,2562.91,16022,323
1760873590000,RB2501,3690.83,3703.12,3687.51,3688.73,17292,322
1760873590000,HC2501,2563.11,2570.94,2562.28,2563.69,16896,322
1760873595000,RB2501,3689.4,3691.71,3675.33,3686.41,16035,323
1760873595000,HC2501,2564.62,2570.29,2560.37,2562.45,16065,323
1760873600000,RB2501,3687.01,3694.23,3677.12,3677.12,16110,323
1760873600000,HC2501,2561.45,2565.36,2555.17,2560.26,16716,323
1760873605000,RB2501,3677.31,3680.92,3660.85,3663.45,16274,324
1760873605000,HC2501,2560.8,2570.49,2553.95,2555.11,16684,324
1760873610000,RB2501,3664.16,3674.34,3662.43,3669.14,16336,323
1760873610000,HC2501,2555.33,2574.5,2552.16,2571.47,16344,323
1760873615000,RB2501,3669.69,3694.8,3663.15,3694.26,16775,323
1760873615000,HC2501,2570.57,2577.98,2565.98,2575.97,16220,323
1760873620000,RB2501,3693.97,3704.77,3685.72,3700.79,16483,323
1760873620000,HC2501,2575.34,2584.5,2567.12,2569.46,16785,323
1760873625000,RB2501,3701.36,3705.38,3689.2,3693.45,16316,323
1760873625000,HC2501,2569.96,2585.47,2569.89,2582.3,16138,323
1760873630000,RB2501,3693.47,3706.09,3684.78,3706.09,16433,323
1760873630000,HC2501,2582.24,2582.24,2563.9,2575.29,16105,323
1760873635000,RB2501,3705.62,3710.58,3698.69,3708.43,16482,323
1760873635000,HC2501,2575.62,2577.43,2568.91,2573.31,15745,323
1760873640000,RB2501,3707.96,3721.48,3704.66,3715.72,16121,323
1760873640000,HC2501,2573.03,2578.34,2563.48,2571.6,16745,323
1760873645000,RB2501,3715.51,3717.82,3709.67,3714.06,15976,323
1760873645000,HC2501,2571.51,2592.8,2566.41,2583.7,15993,323
1760873650000,RB2501,3713.76,3716.48,3694.67,3694.67,16314,323
1760873650000,HC2501,2583.91,2603.84,2581.38,2601.86,17023,323
1760873655000,RB2501,3694.92,3698.65,3680.68,3685.6,16202,324
1760873655000,HC2501,2601.04,2610.65,2601.04,2604.79,16511,324
1760873660000,RB2501,3686.54,3692.06,3681.33,3691.68,16668,324
1760873660000,HC2501,2605.05,2628.61,2605.05,2626.83,16164,324
1760873665000,RB2501,3690.72,3705.09,3689.66,3702.2,16211,323
1760873665000,HC2501,2627.44,2627.44,2606.52,2607.91,17317,323
1760873670000,RB2501,3701.66,3703.71,3694.18,3695.15,17111,323
1760873670000,HC2501,2607.4,2609.66,2589.23,2600.71,16108,323
1760873675000,RB2501,3694.26,3703.57,3693.35,3698.28,16026,323
1760873675000,HC2501,2601.02,2608.14,2594.8,2603.41,16478,323
1760873680000,RB2501,3698.91,3717.76,3698.91,3717.76,16396,324
1760873680000,HC2501,2603.57,2603.57,2584.59,2586.43,16311,324
1760873685000,RB2501,3717.98,3719.51,3705.53,3714.28,16703,324
1760873685000,HC2501,2585.92,2590.89,2578.66,2590.66,16899,324
1760873690000,RB2501,3713.54,3719.11,3705.09,3715.5,16159,323
1760873690000,HC2501,2590.1,2594.5,2575.95,2578.96,16760,323
1760873695000,RB2501,3715.37,3724.3,3713.24,3719.56,16503,324
1760873695000,HC2501,2578.75,2581.94,2568.56,2573.4,16020,324
1760873700000,RB2501,3720.36,3722.83,3713.99,3717.46,16426,323
1760873700000,HC2501,2572.9,2588.44,2572.71,2587.18,16884,323
1760873705000,RB2501,3716.48,3729.05,3706.92,3708.43,16789,323
1760873705000,HC2501,2587.65,2605.28,2577.96,2602.43,16198,323
1760873710000,RB2501,3708.97,3713.96,3700.73,3712.32,15949,323
1760873710000,HC2501,2602.83,2603.03,2593.85,2595.36,16730,323
1760873715000,RB2501,3712.57,3724.71,3709.87,3723.58,16370,324
1760873715000,HC2501,2594.62,2596.2,2569.93,2570.43,16397,324
1760873720000,RB2501,3724.17,3725.31,3709.09,3713.29,16237,323
1760873720000,HC2501,2569.83,2587.22,2563.75,2585.08,15761,323
1760873725000,RB2501,3712.65,3713.61,3703.2,3710.01,16904,324
1760873725000,HC2501,2584.77,2589.65,2577.83,2582.69,16669,324
1760873730000,RB2501,3709.94,3727.65,3704.64,3725.02,16652,324
1760873730000,HC2501,2583.32,2584.19,2561.38,2562.26,16683,324
1760873735000,RB2501,3725.65,3732.17,3721.8,3729.51,16415,322
1760873735000,HC2501,2562.82,2567.13,2559.06,2562.58,16708,322
1760873740000,RB2501,3730.47,3733.87,3715.2,3725.14,16891,324
1760873740000,HC2501,2562.46,2571.08,2561.33,2569.62,16530,324
1760873745000,RB2501,3724.64,3728.61,3713.03,3728.61,16477,323
1760873745000,HC2501,2569.62,2575.16,2565.08,2573.07,16643,323
1760873750000,RB2501,3729.32,3738.24,3721.46,3734.57,16382,324
1760873750000,HC2501,2572.33,2573.78,2560.51,2560.51,16042,324
1760873755000,RB2501,3734.61,3740.28,3720.62,3727.72,16967,323
1760873755000,HC2501,2559.68,2565.2,2552.16,2562.76,16466,323
1760873760000,RB2501,3727.49,3751.56,3727.35,3749.14,16418,323
1760873760000,HC2501,2563.64,2579.56,2563.08,2572.61,16880,323
1760873765000,RB2501,3749.95,3757.71,3737.76,3742.86,16036,323
1760873765000,HC2501,2572.81,2577,2560.81,2572.12,16395,323
1760873770000,RB2501,3742.19,3742.91,3731.65,3737.79,16459,322
1760873770000,HC2501,2572.89,2583.84,2572.89,2578.17,16602,322
1760873775000,RB2501,3738.14,3761.71,3735.59,3751.61,15978,323
1760873775000,HC2501,2579.01,2581.08,2564.44,2573.79,16405,323
1760873780000,RB2501,3751.38,3767.89,3746.75,3764.65,15775,324
1760873780000,HC2501,2572.82,2588.74,2571.24,2586.67,16516,324
1760873785000,RB2501,3764.7,3779.62,3757.61,3775.4,16672,323
1760873785000,HC2501,2586.81,2600.07,2586.24,2598.21,16175,323
1760873790000,RB2501,3774.41,3785.14,3774.41,3779.41,16401,323
1760873790000,HC2501,2598.02,2604.56,2592.21,2596.17,16389,323
1760873795000,RB2501,3778.83,3787.72,3774.95,3784.62,16296,324
1760873795000,HC2501,2595.66,2605.69,2588.22,2603.77,16024,324
1760873800000,RB2501,3784.38,3788.19,3775.74,3780.88,16279,323
1760873800000,HC2501,2603.48,2613.75,2596.98,2612.76,16540,323
1760873805000,RB2501,3779.89,3783.37,3765.57,3771.4,16367,324
1760873805000,HC2501,2613.64,2633.23,2612.51,2630.61,16756,324
1760873810000,RB2501,3771.33,3771.98,3753.37,3754.83,16392,322
1760873810000,HC2501,2630.58,2633.55,2610.12,2610.75,16486,322
1760873815000,RB2501,3754.79,3767.38,3748.93,3764.34,16614,324
1760873815000,HC2501,2611.68,2623.32,2604.78,2620.64,15936,324
1760873820000,RB2501,3764.33,3772.39,3761.22,3771.15,16702,324
1760873820000,HC2501,2620.63,2631.42,2618.82,2619.84,16465,324
1760873825000,RB2501,3770.83,3774.37,3755.13,3758.5,16744,323
1760873825000,HC2501,2620.1,2620.99,2605.93,2606.88,16546,323
1760873830000,RB2501,3757.82,3758.54,3746.01,3750.32,16842,323
1760873830000,HC2501,2606.06,2607.01,2588.48,2590.91,17040,323
1760873835000,RB2501,3751.01,3756.15,3742.13,3746.39,17022,326
1760873835000,HC2501,2591.75,2592.8,2581.68,2582.52,16070,326
1760873840000,RB2501,3746.48,3752.29,3738.58,3750.84,16513,325
1760873840000,HC2501,2583.16,2589.72,2577.87,2589.56,17229,325
1760873845000,RB2501,3750.41,3756.66,3738.24,3747.11,16584,325
1760873845000,HC2501,2588.57,2595.5,2580.83,2582.89,16423,325
1760873850000,RB2501,3747.06,3748.35,3731.26,3731.96,16443,325
1760873850000,HC2501,2582.87,2586.71,2571.16,2572.77,16031,325
1760873855000,RB2501,3732.23,3736.22,3724.15,3731.44,16507,325
1760873855000,HC2501,2573.4,2588.28,2572.75,2587.69,16347,325
1760873860000,RB2501,3731.37,3734.95,3723.77,3729.49,16275,326
1760873860000,HC2501,2587.22,2600.25,2582.59,2599.15,16506,326
1760873865000,RB2501,3729.31,3732.79,3723.52,3727.74,17031,324
1760873865000,HC2501,2598.74,2601.21,2588.01,2595.24,17034,324
1760873870000,RB2501,3728.72,3730.51,3717.57,3720.29,16713,326
1760873870000,HC2501,2595.52,2598.13,2589.68,2593.83,16090,326
1760873875000,RB2501,3719.4,3722.74,3708.78,3715.71,16319,326
1760873875000,HC2501,2593.16,2595.77,2577.04,2580.5,17051,326
1760873880000,RB2501,3716.5,3719.84,3706.04,3712.56,17015,324
1760873880000,HC2501,2580.62,2588.58,2571.74,2585.29,16679,324
1760873885000,RB2501,3711.81,3724.72,3706.14,3709.9,16825,326
1760873885000,HC2501,2585.05,2600.67,2585.05,2595.26,16107,326
1760873890000,RB2501,3710.87,3729.87,3709,3729.87,17539,325
1760873890000,HC2501,2596.08,2596.64,2577.05,2578.47,16583,325
1760873895000,RB2501,3730.72,3731.01,3716.6,3722.99,16652,325
1760873895000,HC2501,2578.02,2578.44,2562.46,2568.01,15879,325
1760873900000,RB2501,3722.76,3737.99,3713.11,3735.96,16000,325
1760873900000,HC2501,2567.11,2574.4,2564.77,2571.26,16288,325
1760873905000,RB2501,3735.61,3746.91,3734.04,3736.33,17309,325
1760873905000,HC2501,2571.23,2573.45,2550.42,2550.42,16778,325
1760873910000,RB2501,3737.01,3754.39,3735.51,3754.39,16361,323
1760873910000,HC2501,2550.25,2556.43,2547,2551.04,16443,323
1760873915000,RB2501,3753.68,3757.05,3744.89,3754.48,16729,324
1760873915000,HC2501,2550.61,2554.34,2545.39,2553.58,16502,324
1760873920000,RB2501,3754.38,3764.61,3745.32,3749.89,16558,323
1760873920000,HC2501,2553.31,2557.19,2543.75,2557.19,16759,323
1760873925000,RB2501,3749.71,3769.34,3746.36,3765.29,16476,323
1760873925000,HC2501,2558.1,2558.77,2543.2,2557.76,16307,323
1760873930000,RB2501,3764.96,3787.95,3764.8,3787.95,17097,324
1760873930000,HC2501,2556.79,2569.59,2556.27,2565.49,17380,324
1760873935000,RB2501,3788.27,3793.99,3774.79,3775.94,15771,323
1760873935000,HC2501,2565.41,2575.64,2557.4,2573.73,15840,323
1760873940000,RB2501,3775.24,3787.04,3772.49,3783.49,16417,323
1760873940000,HC2501,2573.26,2586.48,2568.9,2580.64,16422,323
1760873945000,RB2501,3784.25,3793.69,3779.43,3787.93,16546,324
1760873945000,HC2501,2581.48,2583.68,2555.46,2555.82,15592,324
1760873950000,RB2501,3788.73,3805.27,3784.1,3802.08,17078,323
1760873950000,HC2501,2555.68,2558.44,2541.35,2546.43,16702,323
1760873955000,RB2501,3801.55,3808.87,3795.93,3797.65,16260,324
1760873955000,HC2501,2546,2548.77,2535.7,2548.77,16815,324
1760873960000,RB2501,3798.36,3803.91,3782.71,3784.66,16264,323
1760873960000,HC2501,2548.67,2556.68,2546.96,2546.96,16355,323
1760873965000,RB2501,3784.03,3789.86,3776.1,3786.65,16670,323
1760873965000,HC2501,2547.08,2553.41,2540.16,2547.28,15612,323
1760873970000,RB2501,3786.18,3788.56,3763.83,3767.68,16394,323
1760873970000,HC2501,2546.79,2553.18,2539.14,2543.18,16335,323
1760873975000,RB2501,3768.61,3772.74,3762.82,3771.11,16098,323
1760873975000,HC2501,2543.81,2551.26,2530.16,2533.11,16389,323
1760873980000,RB2501,3771.76,3779.22,3762.39,3763.11,16629,323
1760873980000,HC2501,2533.64,2536.81,2518.76,2524.59,15993,323
1760873985000,RB2501,3763.82,3774.22,3752.38,3771.07,16480,323
1760873985000,HC2501,2525.23,2542.89,2523.48,2542.45,17110,323
1760873990000,RB2501,3771.86,3789.64,3771.86,3782.74,16215,323
1760873990000,HC2501,2542.87,2561.22,2540.9,2555.75,16763,323
1760873995000,RB2501,3783.03,3805.93,3777.81,3805.93,16473,323
1760873995000,HC2501,2556.35,2574.48,2551.5,2551.75,16104,323
1760874000000,RB2501,3805.31,3812.7,3798.89,3809.69,16083,324
1760874000000,HC2501,2552.3,2561.71,2548.59,2551.76,15952,324
1760874005000,RB2501,3809.45,3809.7,3794.1,3795.64,16003,323
1760874005000,HC2501,2551.96,2553.4,2543.11,2545.18,16197,323
1760874010000,RB2501,3795.91,3802.56,3790.46,3791.35,16546,324
1760874010000,HC2501,2545.76,2561.13,2542.36,2557.99,16943,324
1760874015000,RB2501,3791.84,3802.41,3789.2,3801.67,16342,324
1760874015000,HC2501,2558.94,2565.39,2549.57,2549.86,16516,324
1760874020000,RB2501,3801.66,3813.63,3799.01,3809.8,16973,323
1760874020000,HC2501,2550.39,2552.36,2537.19,2544.45,16239,323
1760874025000,RB2501,3809.56,3814.7,3796.9,3797.61,16026,324
1760874025000,HC2501,2543.9,2556.28,2532.35,2532.82,16389,324
1760874030000,RB2501,3798.46,3801.84,3789.6,3792.07,16446,323
1760874030000,HC2501,2532.39,2536.48,2522.29,2522.29,15983,323
1760874035000,RB2501,3791.18,3804.36,3789.03,3800.02,16548,324
1760874035000,HC2501,2523.12,2531.84,2522.77,2522.99,17155,324
1760874040000,RB2501,3799.69,3810.28,3798.57,3803.59,16344,323
1760874040000,HC2501,2522.77,2542.77,2522.26,2539,16295,323
1760874045000,RB2501,3804.48,3806.15,3790.76,3794.22,16180,323
1760874045000,HC2501,2538.13,2549.97,2537.05,2547.16,16614,323
1760874050000,RB2501,3794.31,3800.36,3789.86,3794.52,16461,324
1760874050000,HC2501,2546.31,2547.14,2525.54,2525.64,16950,324
1760874055000,RB2501,3794.92,3797.87,3780.65,3785.45,16822,324
1760874055000,HC2501,2525.64,2539.19,2523.06,2539.19,16961,324
1760874060000,RB2501,3785.82,3792.18,3776.87,3788.47,16018,323
1760874060000,HC2501,2538.55,2550.37,2533.9,2542.07,16083,323
1760874065000,RB2501,3788.46,3791.78,3778.35,3785.55,16394,323
1760874065000,HC2501,2541.71,2542.93,2512.85,2513.01,16864,323
1760874070000,RB2501,3785.07,3793.76,3780.76,3784.17,16539,322
1760874070000,HC2501,2512.31,2530.98,2511.24,2527.88,16159,322
1760874075000,RB2501,3783.32,3794.19,3779.03,3782.92,15821,323
1760874075000,HC2501,2527.82,2529.92,2520.95,2526.56,16698,323
1760874080000,RB2501,3782.75,3789.83,3778.76,3787.91,16550,324
1760874080000,HC2501,2525.57,2530.97,2519.81,2530.97,17063,324
1760874085000,RB2501,3787.8,3804.24,3787.43,3799.94,16695,323
1760874085000,HC2501,2530.29,2533.06,2514.05,2518.92,16173,323
1760874090000,RB2501,3799.03,3813.8,3798.12,3803.09,16448,323
1760874090000,HC2501,2518.05,2521.02,2504.93,2512.98,16564,323
1760874095000,RB2501,3803.55,3813.45,3801.57,3805.79,16601,323
1760874095000,HC2501,2513.18,2529.07,2511.25,2529.07,16291,323
1760874100000,RB2501,3805.58,3820.58,3803.8,3811.71,16421,323
1760874100000,HC2501,2528.73,2528.92,2502.17,2504.66,16041,323
1760874105000,RB2501,3812.32,3815.22,3805.72,3814.85,15903,324
1760874105000,HC2501,2505.58,2512.84,2488.48,2491.02,16534,324
1760874110000,RB2501,3815.18,3826.69,3812,3821.91,16313,323
1760874110000,HC2501,2491.96,2493.1,2474.92,2484.74,16787,323
1760874115000,RB2501,3821.56,3834.61,3820.08,3828.23,16887,323
1760874115000,HC2501,2485.01,2500.67,2484.21,2500.25,16637,323
1760874120000,RB2501,3828.95,3832.53,3815.78,3816.43,16716,324
1760874120000,HC2501,2500.61,2501.91,2480.9,2480.9,16397,324
1760874125000,RB2501,3816.2,3823.44,3812.01,3819.1,16280,323
1760874125000,HC2501,2479.94,2485.44,2470.51,2472.62,16037,323
1760874130000,RB2501,3818.78,3820.35,3808.83,3818.82,16654,323
1760874130000,HC2501,2473.44,2477.64,2460.37,2462.36,16414,323
1760874135000,RB2501,3819.01,3828.42,3818.15,3823.29,16972,323
1760874135000,HC2501,2462.76,2465.8,2449.63,2449.63,16226,323
1760874140000,RB2501,3822.73,3831.36,3818.66,3828.37,15712,323
1760874140000,HC2501,2449.75,2452.06,2437.91,2442.73,16211,323
1760874145000,RB2501,3827.8,3838.1,3824.25,3832.61,16663,324
1760874145000,HC2501,2442.02,2446.44,2437.33,2439.41,16322,324
1760874150000,RB2501,3833.08,3837.6,3809.97,3810.41,16807,324
1760874150000,HC2501,2438.82,2440.63,2431.53,2434.33,16849,324
1760874155000,RB2501,3809.82,3816.83,3802.28,3811.93,16266,323
1760874155000,HC2501,2434.32,2441.03,2430.79,2432.64,16502,323
1760874160000,RB2501,3811.3,3824.68,3810.48,3822.22,16680,323
1760874160000,HC2501,2433.64,2440.73,2429.36,2439.09,16336,323
1760874165000,RB2501,3822.2,3834.67,3819.6,3834.02,16661,323
1760874165000,HC2501,2438.54,2450.48,2436.1,2446.82,16641,323
1760874170000,RB2501,3834.37,3837.08,3822.17,3829.87,16444,323
1760874170000,HC2501,2446.18,2449.36,2426.74,2429.3,16837,323
1760874175000,RB2501,3830.09,3832.47,3816.66,3817.58,16704,323
1760874175000,HC2501,2429.86,2441.41,2424.38,2425.59,16066,323
1760874180000,RB2501,3817.94,3830.98,3812.84,3818.9,16484,323
1760874180000,HC2501,2426.12,2432.21,2421.62,2429.18,16573,323
1760874185000,RB2501,3818.37,3820.5,3810.81,3815.83,17016,323
1760874185000,HC2501,2429.11,2431.95,2422.37,2423.85,16737,323
1760874190000,RB2501,3816.27,3822.47,3812.57,3816.78,16066,323
1760874190000,HC2501,2423.98,2439.52,2418.97,2435.61,16462,323
1760874195000,RB2501,3816.49,3820.78,3810.6,3820.78,17222,324
1760874195000,HC2501,2436.47,2442.47,2420.39,2420.72,16948,324
1760874200000,RB2501,3821.4,3827.94,3809.94,3810.94,16525,323
1760874200000,HC2501,2421.68,2428.82,2406.31,2406.32,16109,323
1760874205000,RB2501,3811.3,3820.84,3805.29,3815.42,16241,323
1760874205000,HC2501,2406.91,2408.59,2383.95,2389.22,16874,323
1760874210000,RB2501,3814.91,3814.91,3795.7,3796.18,16171,324
1760874210000,HC2501,2388.56,2410.49,2388.38,2403.43,16380,324
1760874215000,RB2501,3796.33,3803.2,3790.71,3796.68,16869,324
1760874215000,HC2501,2403.86,2409.47,2396.83,2398.64,16944,324
1760874220000,RB2501,3796.5,3797.14,3787.46,3792.54,15909,323
1760874220000,HC2501,2399.6,2409.41,2398.36,2401.92,16867,323
1760874225000,RB2501,3791.71,3795.72,3765.48,3767.99,16083,323
1760874225000,HC2501,2401.64,2405.1,2384.7,2394.7,16415,323
1760874230000,RB2501,3768.46,3776.5,3765.01,3769.57,15768,323
1760874230000,HC2501,2395.37,2402.63,2392.56,2402.48,16284,323
1760874235000,RB2501,3768.78,3771.51,3759.01,3762.02,16205,323
1760874235000,HC2501,2402.46,2403.79,2386.32,2391.02,17087,323
1760874240000,RB2501,3761.89,3762.75,3749.58,3751.47,17420,324
1760874240000,HC2501,2391.11,2401.25,2390.91,2399.36,16213,324
1760874245000,RB2501,3750.55,3769.25,3750.2,3764.17,16016,324
1760874245000,HC2501,2399.72,2412.3,2398.84,2411.09,16736,324
1760874250000,RB2501,3764.24,3773.7,3747.85,3762.43,16241,324
1760874250000,HC2501,2410.18,2424.33,2408.21,2420.55,16812,324
1760874255000,RB2501,3762.72,3768.7,3757.38,3767.01,16304,323
1760874255000,HC2501,2419.94,2432.05,2416.69,2431.19,17088,323
1760874260000,RB2501,3767.79,3767.79,3758.44,3759.41,16223,323
1760874260000,HC2501,2431.1,2434.42,2417,2425.71,16350,323
1760874265000,RB2501,3759.62,3759.95,3748.96,3754.31,16403,324
1760874265000,HC2501,2426.52,2430.6,2421.49,2429.11,15631,324
1760874270000,RB2501,3753.35,3764.51,3748.97,3757.1,16334,324
1760874270000,HC2501,2428.34,2428.34,2413.08,2418.74,16384,324
1760874275000,RB2501,3757.43,3762.02,3749.61,3750.67,16613,323
1760874275000,HC2501,2417.92,2417.92,2408.02,2413.17,16179,323
1760874280000,RB2501,3751.6,3763.45,3751.45,3758.99,16539,324
1760874280000,HC2501,2413.02,2416.31,2404.65,2409.97,16462,324
1760874285000,RB2501,3759.75,3762.13,3753.23,3761.01,16223,323
1760874285000,HC2501,2410.43,2424.91,2409.26,2420.53,16100,323
1760874290000,RB2501,3761.27,3772.32,3758.39,3764.7,16453,324
1760874290000,HC2501,2420.17,2450.11,2419.75,2448.59,16615,324
1760874295000,RB2501,3764.49,3767.87,3754.59,3765.19,16217,323
1760874295000,HC2501,2448.11,2457.07,2440.93,2443.83,16287,323
1760874300000,RB2501,3765,3778.69,3758.7,3771.53,16634,324
1760874300000,HC2501,2443.56,2452.76,2437.05,2450.31,16455,324
1760874305000,RB2501,3772.01,3781.32,3768.01,3768.01,17061,324
1760874305000,HC2501,2449.94,2458.85,2446.67,2452.76,16945,324
1760874310000,RB2501,3767.79,3777.35,3757.33,3777.35,16388,324
1760874310000,HC2501,2453.74,2462.79,2446.81,2448.06,17064,324
1760874315000,RB2501,3776.92,3782.36,3769.78,3772.29,16402,324
1760874315000,HC2501,2449.03,2449.16,2436.17,2445.86,16736,324
1760874320000,RB2501,3772.32,3774.12,3753.69,3758.72,16489,323
1760874320000,HC2501,2446.07,2461.49,2441.72,2461.49,16458,323
1760874325000,RB2501,3759.19,3767.02,3757.12,3765.55,16396,324
1760874325000,HC2501,2460.6,2475.01,2460.6,2465.1,15766,324
1760874330000,RB2501,3765.32,3784.95,3762.11,3784.83,16747,322
1760874330000,HC2501,2465.43,2466.83,2454.3,2466.2,16018,322
1760874335000,RB2501,3785.53,3787.1,3767.61,3767.82,16725,324
1760874335000,HC2501,2467.06,2484.94,2464.96,2478.83,16633,324
1760874340000,RB2501,3768.15,3782,3763.04,3778.05,16546,323
1760874340000,HC2501,2478.02,2479.59,2464.79,2465.99,16358,323
1760874345000,RB2501,3777.36,3788.61,3776.11,3784.45,16390,323
1760874345000,HC2501,2466.63,2477,2463.46,2469.14,16524,323
1760874350000,RB2501,3784.99,3794.9,3781.48,3789.3,16104,323
1760874350000,HC2501,2469.92,2488.19,2469.11,2488.19,16225,323
1760874355000,RB2501,3790.1,3799.22,3787.88,3791.62,17132,321
1760874355000,HC2501,2488.59,2488.59,2477.65,2483.32,16784,321
1760874360000,RB2501,3792.13,3804.18,3786.82,3800.71,16608,322
1760874360000,HC2501,2483.7,2494.33,2481.83,2485.23,16473,322
1760874365000,RB2501,3801.53,3802.89,3789.95,3793.74,16332,322
1760874365000,HC2501,2485.4,2492.59,2475,2479.41,16055,322
1760874370000,RB2501,3794.71,3807.93,3792.12,3802.95,16605,322
1760874370000,HC2501,2479,2490.3,2475.07,2488.22,16363,322
1760874375000,RB2501,3802.06,3806.74,3792.83,3792.83,16054,322
1760874375000,HC2501,2488.52,2488.81,2465.46,2465.46,15961,322
1760874380000,RB2501,3792.13,3792.48,3781.28,3782.68,16637,321
1760874380000,HC2501,2466.08,2479.04,2465.35,2467.15,17281,321
1760874385000,RB2501,3781.79,3788.16,3777.49,3780.87,16415,322
1760874385000,HC2501,2466.63,2482.16,2461.96,2478.01,16511,322
1760874390000,RB2501,3781.41,3785.93,3773.2,3773.2,16746,323
1760874390000,HC2501,2478.91,2486.01,2469.19,2476.57,15981,323
1760874395000,RB2501,3773.51,3786.45,3770.76,3786.1,16615,322
1760874395000,HC2501,2475.78,2493.62,2473.4,2490.38,16462,322
1760874400000,RB2501,3786.48,3792.29,3777.56,3784.87,16153,322
1760874400000,HC2501,2491.03,2498.37,2482.14,2482.14,16328,322
1760874405000,RB2501,3784.5,3786.29,3768.77,3772.26,17062,323
1760874405000,HC2501,2483.06,2486.53,2475.94,2476.76,16677,323
1760874410000,RB2501,3772.37,3774,3753.73,3753.73,16284,323
1760874410000,HC2501,2477.16,2478.76,2468.44,2472.14,16771,323
1760874415000,RB2501,3754.18,3757.01,3738.4,3738.4,16062,322
1760874415000,HC2501,2471.77,2481.33,2465.66,2473.7,16977,322
1760874420000,RB2501,3738.19,3739.87,3716.14,3718.52,16090,322
1760874420000,HC2501,2474.37,2480.52,2463.43,2464.22,16523,322
1760874425000,RB2501,3719.12,3723.21,3706.89,3708.79,15640,323
1760874425000,HC2501,2464.64,2466.1,2447.48,2451.05,16241,323
1760874430000,RB2501,3708.11,3726.12,3704.45,3714.31,16397,323
1760874430000,HC2501,2450.73,2457.7,2445.91,2452.74,16694,323
1760874435000,RB2501,3713.37,3722.29,3711.07,3719.48,16038,322
1760874435000,HC2501,2452.31,2458.19,2435.41,2442.38,16183,322
1760874440000,RB2501,3720.37,3722.58,3709.78,3716.66,16776,323
1760874440000,HC2501,2442.63,2445.87,2433.13,2433.15,16287,323
1760874445000,RB2501,3716.21,3734.27,3708.24,3734.27,16692,322
1760874445000,HC2501,2432.77,2441.22,2427.86,2429.84,16359,322
1760874450000,RB2501,3733.94,3738.17,3719.32,3735.85,16238,322
1760874450000,HC2501,2430.44,2433.52,2423.94,2428.98,16050,322
1760874455000,RB2501,3735.17,3735.22,3721.89,3727.68,16284,323
1760874455000,HC2501,2429.54,2436.45,2427.43,2429.36,16143,323
1760874460000,RB2501,3726.73,3728.25,3711.17,3718.33,16507,322
1760874460000,HC2501,2429.65,2432.49,2419.36,2432.02,15868,322
1760874465000,RB2501,3718.78,3735.49,3716.33,3726.5,15946,322
1760874465000,HC2501,2432.51,2432.86,2423.26,2426.31,16278,322
1760874470000,RB2501,3725.79,3746.75,3725.79,3741.33,16417,323
1760874470000,HC2501,2426.51,2445.12,2424.44,2439.43,16138,323
1760874475000,RB2501,3740.33,3743.93,3725.6,3726.12,16849,322
1760874475000,HC2501,2439.19,2442.88,2433.04,2441.67,16109,322
1760874480000,RB2501,3725.18,3737.85,3723.53,3730.71,16220,323
1760874480000,HC2501,2440.7,2449.33,2433.47,2444.32,16267,323
1760874485000,RB2501,3731.45,3743.33,3728.33,3733.03,16258,322
1760874485000,HC2501,2444.74,2447.67,2436.05,2439.04,16447,322
1760874490000,RB2501,3733.23,3737.84,3720.14,3731.56,16676,323
1760874490000,HC2501,2439.29,2454.01,2438.57,2453.04,16606,323
1760874495000,RB2501,3732.48,3739.13,3725.49,3725.9,15951,322
1760874495000,HC2501,2452.67,2454.83,2445.8,2450.22,16447,322
1760874500000,RB2501,3725.91,3727.97,3714.31,3715.21,15922,323
1760874500000,HC2501,2451.07,2451.94,2434.78,2436.86,16274,323
1760874505000,RB2501,3715.77,3733.84,3713.44,3731.38,16222,322
1760874505000,HC2501,2436.08,2443.18,2433.38,2436.78,17029,322
1760874510000,RB2501,3730.62,3737.78,3719.67,3729.38,16103,322
1760874510000,HC2501,2436.11,2440.52,2427.54,2440.52,16017,322
1760874515000,RB2501,3729.05,3734.73,3721.51,3734.72,16272,323
1760874515000,HC2501,2439.52,2440.11,2425.59,2428.86,16349,323
1760874520000,RB2501,3734.82,3763.33,3734.82,3761.56,16377,323
1760874520000,HC2501,2429.47,2445.65,2425.39,2445.16,17270,323
1760874525000,RB2501,3762.45,3764.83,3748.65,3756.36,15590,323
1760874525000,HC2501,2445.15,2449.42,2439.13,2439.81,16748,323
1760874530000,RB2501,3756.38,3761.23,3737.36,3754.53,15833,322
1760874530000,HC2501,2439.22,2440.51,2420.31,2422.41,16185,322
1760874535000,RB2501,3755.35,3756.01,3743.94,3746.96,16981,321
1760874535000,HC2501,2422.99,2429.12,2418.38,2427.02,15359,321
1760874540000,RB2501,3746.14,3748.02,3736.05,3739.92,16578,322
1760874540000,HC2501,2426.95,2428.02,2405.96,2407.83,16332,322
1760874545000,RB2501,3739.91,3748.73,3736.82,3739.01,16474,322
1760874545000,HC2501,2406.94,2409.11,2394.78,2402.79,16623,322
1760874550000,RB2501,3739.95,3750.95,3738.09,3746.24,16807,322
1760874550000,HC2501,2402.06,2404.48,2392.3,2400.72,16054,322
1760874555000,RB2501,3745.56,3756.51,3736.84,3745.87,16196,323
1760874555000,HC2501,2400.24,2418.52,2399.67,2409.6,16532,323
1760874560000,RB2501,3745.36,3757.91,3740.68,3753.63,17331,323
1760874560000,HC2501,2410.43,2418.26,2404.48,2410.61,16388,323
1760874565000,RB2501,3754.07,3766.4,3751.41,3764.92,16105,322
1760874565000,HC2501,2411.06,2418.12,2401.62,2412.34,16251,322
1760874570000,RB2501,3764.18,3776.69,3758.01,3775.18,16060,323
1760874570000,HC2501,2412.89,2419.78,2407.22,2416.23,16512,323
1760874575000,RB2501,3775.87,3777.9,3766.09,3773.24,15918,322
1760874575000,HC2501,2417.21,2417.85,2396.57,2402.3,16636,322
1760874580000,RB2501,3773.95,3782.45,3765.56,3774.18,16354,323
1760874580000,HC2501,2401.81,2402.85,2385.91,2386.57,16562,323
1760874585000,RB2501,3773.67,3773.77,3759.79,3760.1,16599,324
1760874585000,HC2501,2387.49,2400.59,2387.49,2388.83,16538,324
1760874590000,RB2501,3760.3,3763.72,3746.04,3749.23,16272,324
1760874590000,HC2501,2389,2389.66,2372.38,2382.62,16689,324
1760874595000,RB2501,3750.03,3754.42,3737.82,3741.89,16756,323
1760874595000,HC2501,2383.35,2389.18,2375.15,2375.15,16797,323
1760874600000,RB2501,3742.88,3751.99,3739.19,3751.3,15815,324
1760874600000,HC2501,2375.71,2382.1,2372.1,2379.38,17383,324
1760874605000,RB2501,3750.8,3765.47,3749.44,3757.29,16509,322
1760874605000,HC2501,2379.85,2383.86,2368.79,2377.85,16983,322
1760874610000,RB2501,3758.08,3772.68,3757.91,3766.96,16788,323
1760874610000,HC2501,2377.94,2379.58,2367.75,2370.66,17124,323
1760874615000,RB2501,3767.07,3775.9,3761.56,3773.23,16132,324
1760874615000,HC2501,2371.15,2371.94,2362.15,2363.65,16432,324
1760874620000,RB2501,3773.05,3776.84,3766.88,3772.7,16345,322
1760874620000,HC2501,2364.11,2385.02,2362.61,2382.07,17011,322
1760874625000,RB2501,3773.65,3776.83,3752.46,3761.06,16167,324
1760874625000,HC2501,2382.25,2386.45,2366.42,2367.83,16812,324
1760874630000,RB2501,3761.38,3764.7,3753.46,3757.92,16228,324
1760874630000,HC2501,2368.68,2371.86,2359.11,2360.01,15939,324
1760874635000,RB2501,3757.89,3765.33,3753.63,3753.63,17220,324
1760874635000,HC2501,2359.66,2367.32,2355.15,2357.94,16861,324
1760874640000,RB2501,3754.54,3760.79,3737.74,3742.91,16709,323
1760874640000,HC2501,2358.02,2358.59,2333.72,2343.58,16001,323
1760874645000,RB2501,3743.29,3751.06,3739.4,3740.15,16455,323
1760874645000,HC2501,2343.62,2347.72,2337.41,2347.72,16586,323
1760874650000,RB2501,3739.9,3748.63,3733.56,3748.63,16006,324
1760874650000,HC2501,2348.36,2352.25,2342.13,2348.91,17098,324
1760874655000,RB2501,3748.9,3748.9,3736.1,3743.69,16971,324
1760874655000,HC2501,2348.47,2363.93,2340.67,2362.28,16531,324
1760874660000,RB2501,3743.66,3753.38,3738.16,3745.68,16724,324
1760874660000,HC2501,2362.38,2362.43,2344.78,2347.92,15945,324
1760874665000,RB2501,3746.1,3753.24,3743.11,3751.79,16483,323
1760874665000,HC2501,2348.46,2354.39,2344.9,2348.1,16019,323
1760874670000,RB2501,3752.63,3756.66,3739.45,3744.97,15814,324
1760874670000,HC2501,2348.49,2349.09,2339.36,2342.84,16423,324
1760874675000,RB2501,3744.91,3745.33,3722.88,3724.62,16621,323
1760874675000,HC2501,2343.69,2347.01,2335.08,2338.82,16306,323
1760874680000,RB2501,3724.55,3735.1,3714.72,3734.62,17158,323
1760874680000,HC2501,2338.16,2360.7,2332.88,2360.7,16267,323
1760874685000,RB2501,3735.42,3752.72,3728.89,3751.23,16732,324
1760874685000,HC2501,2360.85,2363.21,2353.31,2359.72,16252,324
1760874690000,RB2501,3750.93,3767.83,3750.54,3762.62,16540,323
1760874690000,HC2501,2360.52,2368.3,2355.86,2362.98,16315,323
1760874695000,RB2501,3763.14,3782.24,3760.88,3781.55,16328,324
1760874695000,HC2501,2363.36,2385.14,2361.81,2381.33,16829,324
1760874700000,RB2501,3781.51,3789.9,3780.78,3783.02,16099,324
1760874700000,HC2501,2381.86,2385.09,2361.31,2363.68,16932,324
1760874705000,RB2501,3783.37,3789.14,3776.06,3784.63,15931,323
1760874705000,HC2501,2364.17,2373.13,2353.47,2373.13,17049,323
1760874710000,RB2501,3785.02,3805.61,3782.11,3796.93,16065,324
1760874710000,HC2501,2373.44,2379.48,2368.38,2375.31,16761,324
1760874715000,RB2501,3797.81,3817.03,3797.43,3811.93,17320,324
1760874715000,HC2501,2375.21,2380.1,2367.19,2379.62,16627,324
1760874720000,RB2501,3811.47,3818.39,3810.45,3815.49,16508,324
1760874720000,HC2501,2378.74,2386.59,2374.64,2377.23,16053,324
1760874725000,RB2501,3815.44,3819.56,3808.62,3810.78,16367,324
1760874725000,HC2501,2376.56,2387.08,2376.22,2377.98,16763,324
1760874730000,RB2501,3811,3816.96,3807,3809.35,16476,324
1760874730000,HC2501,2377.39,2394.79,2376.84,2381.34,16623,324
1760874735000,RB2501,3808.49,3814.33,3793.09,3813.47,16078,323
1760874735000,HC2501,2381.97,2382.32,2366.34,2370.7,16614,323
1760874740000,RB2501,3814.09,3816.1,3791.85,3795.63,16382,324
1760874740000,HC2501,2371.62,2387.32,2367.81,2382.29,16365,324
1760874745000,RB2501,3795.32,3804.94,3785,3785.04,16355,324
1760874745000,HC2501,2382.72,2396.43,2376.46,2391.15,17010,324
1760874750000,RB2501,3785.22,3790.3,3775.29,3783.46,17037,323
1760874750000,HC2501,2391.99,2396.73,2386.78,2387.82,16712,323
1760874755000,RB2501,3783.4,3784.31,3768.2,3774.31,16386,324
1760874755000,HC2501,2387.77,2402.57,2387.77,2399.37,16159,324
1760874760000,RB2501,3773.36,3787.4,3773.36,3785.63,16183,323
1760874760000,HC2501,2398.82,2401.29,2381.35,2388.32,16426,323
1760874765000,RB2501,3784.86,3794.73,3779.04,3793.27,17070,323
1760874765000,HC2501,2387.75,2397.23,2382.84,2395.77,16391,323
1760874770000,RB2501,3792.39,3802.06,3791.82,3799.37,16751,324
1760874770000,HC2501,2396.22,2397.03,2385.16,2394.41,16574,324
1760874775000,RB2501,3800.33,3806.32,3793.49,3798.22,16408,324
1760874775000,HC2501,2394.18,2402.33,2378.7,2385.25,16233,324
1760874780000,RB2501,3797.64,3822.58,3795.49,3806.1,16789,324
1760874780000,HC2501,2385.66,2400.66,2385.66,2399.02,16641,324
1760874785000,RB2501,3805.97,3810.53,3798.95,3800.76,15881,324
1760874785000,HC2501,2398.73,2402.68,2391.75,2397.27,16322,324
1760874790000,RB2501,3801.65,3810.23,3797.45,3805.6,16789,324
1760874790000,HC2501,2397.77,2402.06,2387.71,2394.6,16404,324
1760874795000,RB2501,3805.67,3826.43,3801.77,3816.58,16471,324
1760874795000,HC2501,2395.13,2404.3,2390.35,2398,16269,324
1760874800000,RB2501,3816,3829.81,3811.87,3823.93,16412,323
1760874800000,HC2501,2397.51,2398.59,2379.42,2386.25,16406,323
1760874805000,RB2501,3823.77,3828.42,3813.65,3820.27,16506,324
1760874805000,HC2501,2385.45,2403.98,2384.59,2396.4,17031,324
1760874810000,RB2501,3820.63,3839.71,3819.7,3837.8,17120,324
1760874810000,HC2501,2397.21,2405.7,2393.5,2395.42,16995,324
1760874815000,RB2501,3838,3842.65,3826.31,3839.38,16727,323
1760874815000,HC2501,2395.39,2399.18,2388.8,2397.66,17213,323
1760874820000,RB2501,3839.87,3841.23,3829,3839.98,16881,324
1760874820000,HC2501,2397.5,2402.16,2386.23,2394.53,16190,324
1760874825000,RB2501,3839.6,3845.29,3823.19,3826.49,16246,323
1760874825000,HC2501,2394.96,2405.34,2389.66,2401.4,16034,323
1760874830000,RB2501,3826.53,3828.05,3809.56,3822.36,16380,324
1760874830000,HC2501,2401.17,2402.53,2378.44,2380.49,16750,324
1760874835000,RB2501,3823.07,3823.08,3793.29,3799.31,16096,323
1760874835000,HC2501,2381.48,2393.62,2380.19,2390.53,16344,323
1760874840000,RB2501,3799.56,3807.83,3794.03,3796.93,16197,323
1760874840000,HC2501,2390.24,2402.42,2387.79,2396.56,16399,323
1760874845000,RB2501,3797.18,3810.04,3793.44,3810.04,16846,324
1760874845000,HC2501,2395.82,2404.5,2388.92,2392.57,16073,324
1760874850000,RB2501,3810.56,3817.52,3802.45,3809.58,16179,324
1760874850000,HC2501,2392.13,2404.5,2387.14,2404.35,16052,324
1760874855000,RB2501,3809,3815,3798.29,3799.97,16665,324
1760874855000,HC2501,2403.99,2420.01,2401.14,2412.72,15989,324
1760874860000,RB2501,3799.46,3803.85,3794.07,3802.03,15910,323
1760874860000,HC2501,2413.53,2415.98,2406.24,2411.96,16546,323
1760874865000,RB2501,3801.69,3806.62,3768.49,3773.85,17219,323
1760874865000,HC2501,2411.54,2430.02,2411.54,2422.19,16312,323
1760874870000,RB2501,3773.37,3777.73,3756.38,3766.7,16479,324
1760874870000,HC2501,2422.73,2439.45,2421.69,2436.91,16653,324
1760874875000,RB2501,3767.38,3771.57,3755.44,3757.13,15309,324
1760874875000,HC2501,2436.5,2446.86,2417.86,2419.06,16362,324
1760874880000,RB2501,3757.63,3776.17,3754.7,3773.2,16562,324
1760874880000,HC2501,2418.39,2421.5,2411.8,2411.8,16170,324
1760874885000,RB2501,3773.05,3777.93,3760.07,3764.01,16570,323
1760874885000,HC2501,2412.09,2438.72,2410.06,2433.78,16496,323
1760874890000,RB2501,3764.67,3764.67,3749.15,3749.98,16758,324
1760874890000,HC2501,2434.34,2445.32,2426.24,2442.85,17235,324
1760874895000,RB2501,3750.9,3777.49,3750.65,3777.49,17215,323
1760874895000,HC2501,2441.92,2450.98,2439.83,2441.56,16394,323
1760874900000,RB2501,3777.31,3782.61,3769.25,3776.89,16399,324
1760874900000,HC2501,2441.12,2449.89,2438.59,2442.84,16753,324
1760874905000,RB2501,3777.69,3778.5,3764.88,3773.67,16279,323
1760874905000,HC2501,2442.53,2446.93,2427.44,2427.44,16506,323
1760874910000,RB2501,3773.59,3787.93,3772.6,3780.32,16174,324
1760874910000,HC2501,2427.28,2435.31,2408.85,2411.16,16696,324
1760874915000,RB2501,3781,3788.04,3774.21,3783.17,16016,323
1760874915000,HC2501,2411.38,2418.44,2404.37,2417.77,16404,323
1760874920000,RB2501,3783.17,3786.79,3776.29,3778.97,16741,324
1760874920000,HC2501,2417.5,2427.33,2414.07,2422.79,16704,324
1760874925000,RB2501,3779.39,3782.52,3766.82,3772.13,16486,324
1760874925000,HC2501,2423.56,2433.94,2421.53,2430.68,16161,324
1760874930000,RB2501,3771.21,3772.6,3764.74,3768.31,16129,324
1760874930000,HC2501,2431,2451.91,2428.93,2446.5,16501,324
1760874935000,RB2501,3769.07,3782.08,3766.75,3780.53,17283,324
1760874935000,HC2501,2445.94,2449.68,2430.49,2431.3,17000,324
1760874940000,RB2501,3779.84,3780.47,3771.19,3775.86,16452,324
1760874940000,HC2501,2431.92,2444.2,2430.62,2433.21,16634,324
1760874945000,RB2501,3776.58,3776.58,3760.95,3762.49,16612,322
1760874945000,HC2501,2433.16,2433.85,2424.32,2430.01,16752,322
1760874950000,RB2501,3762.92,3778.2,3762.76,3772.2,17350,324
1760874950000,HC2501,2430.72,2442.24,2428.72,2438.37,16510,324
1760874955000,RB2501,3771.47,3783.27,3769.51,3775.6,16302,323
1760874955000,HC2501,2437.83,2438.24,2426.47,2429.75,16212,323
1760874960000,RB2501,3774.91,3775.1,3760.29,3769.6,16319,324
1760874960000,HC2501,2429.43,2430.23,2422.27,2425.64,16799,324
1760874965000,RB2501,3769.34,3778.36,3764.26,3772.02,15924,323
1760874965000,HC2501,2426.01,2435.67,2422.64,2429.56,16850,323
1760874970000,RB2501,3771.17,3778.84,3762.63,3778.81,16025,324
1760874970000,HC2501,2429.24,2434.88,2420.52,2428.38,17171,324
1760874975000,RB2501,3779.57,3781.9,3766.79,3772.33,16695,323
1760874975000,HC2501,2429.1,2434.51,2424.11,2424.54,16696,323
1760874980000,RB2501,3772.09,3772.86,3756.92,3765.8,16021,323
1760874980000,HC2501,2423.95,2428.83,2416.49,2422.49,16106,323
1760874985000,RB2501,3765.03,3773.21,3761.64,3768.66,16905,324
1760874985000,HC2501,2422.45,2428.72,2416.57,2428.72,16207,324
1760874990000,RB2501,3767.71,3790.47,3767.71,3790.22,15974,323
1760874990000,HC2501,2428.58,2448.07,2420.62,2446.85,16701,323
1760874995000,RB2501,3790.61,3796.47,3778.23,3779.4,16723,324
1760874995000,HC2501,2446.02,2452.53,2441.79,2449.37,15906,324
1760875000000,RB2501,3779.41,3779.41,3754.63,3754.92,16004,323
1760875000000,HC2501,2450.07,2456.55,2445.08,2447.28,16131,323
1760875005000,RB2501,3755.79,3760.53,3733.88,3740.47,16212,322
1760875005000,HC2501,2446.54,2454.07,2435.35,2438.98,15816,322
1760875010000,RB2501,3741.36,3762.62,3738.57,3762.6,15860,323
1760875010000,HC2501,2439.47,2449.38,2435.03,2444.42,16530,323
1760875015000,RB2501,3762.79,3771.34,3757.76,3768.85,17052,324
1760875015000,HC2501,2443.97,2451.95,2438.08,2451.95,16315,324
1760875020000,RB2501,3769.62,3774.28,3761.31,3761.31,15998,323
1760875020000,HC2501,2452.06,2461.56,2451.06,2459.02,17203,323
1760875025000,RB2501,3762.28,3772.07,3757.7,3766.69,16037,323
1760875025000,HC2501,2458.32,2461.39,2448.23,2452.51,16461,323
1760875030000,RB2501,3765.83,3770.55,3761.17,3767.17,17527,322
1760875030000,HC2501,2452.73,2469.95,2452.73,2469.95,16533,322
1760875035000,RB2501,3767.65,3774.92,3765.47,3770.78,16246,324
1760875035000,HC2501,2469.93,2477.57,2464.34,2471.05,16779,324
1760875040000,RB2501,3770.05,3782.74,3765.5,3781.95,16535,322
1760875040000,HC2501,2470.82,2482.05,2462.56,2480.57,16798,322
1760875045000,RB2501,3781.91,3783.76,3769.81,3780.13,16412,323
1760875045000,HC2501,2481.01,2481.57,2466.21,2474.09,16880,323
1760875050000,RB2501,3780.4,3780.4,3766.7,3775.46,15849,323
1760875050000,HC2501,2473.62,2490.97,2472.44,2485.33,17071,323
1760875055000,RB2501,3775.58,3792.28,3774.78,3782.22,16309,323
1760875055000,HC2501,2485.61,2501.39,2474.97,2500.76,16263,323
1760875060000,RB2501,3782.54,3793.84,3782.34,3790.14,16154,323
1760875060000,HC2501,2500.72,2507.51,2495.02,2502.23,15902,323
1760875065000,RB2501,3790.21,3795.94,3781.19,3783.68,16657,324
1760875065000,HC2501,2502.56,2503.12,2488.82,2489.98,15717,324
1760875070000,RB2501,3783.72,3794.4,3783.25,3793.38,16137,323
1760875070000,HC2501,2489.48,2499.03,2488.29,2492.28,16839,323
1760875075000,RB2501,3793.59,3804.11,3790.94,3801.23,16230,323
1760875075000,HC2501,2493.25,2501.06,2488,2492.11,16564,323
1760875080000,RB2501,3802.14,3807.99,3797.92,3798.76,16177,324
1760875080000,HC2501,2492.17,2493.43,2478.75,2478.83,15981,324
1760875085000,RB2501,3798.49,3803.07,3790.97,3793.56,16652,323
1760875085000,HC2501,2477.86,2492.12,2473.04,2491.81,16766,323
1760875090000,RB2501,3794.42,3812.01,3790.42,3811.82,16221,322
1760875090000,HC2501,2492.24,2493.26,2479.38,2484.53,16156,322
1760875095000,RB2501,3811.15,3820.88,3808.15,3811.02,16761,324
1760875095000,HC2501,2484.76,2494.48,2479.74,2481.7,16388,324
1760875100000,RB2501,3811.17,3815.39,3805.01,3805.01,16529,326
1760875100000,HC2501,2482.57,2484.77,2467.39,2468.8,15711,326
1760875105000,RB2501,3805.97,3807.26,3783.1,3783.1,16554,326
1760875105000,HC2501,2467.86,2468.31,2454.18,2454.5,16354,326
1760875110000,RB2501,3783.4,3790.76,3779.77,3789.06,16019,326
1760875110000,HC2501,2453.66,2461.17,2448.57,2450.85,16607,326
1760875115000,RB2501,3789.96,3791.91,3782.03,3788.3,16831,326
1760875115000,HC2501,2450.55,2454.04,2446.26,2450.53,17052,326
1760875120000,RB2501,3787.76,3819.77,3787.2,3819.77,16990,326
1760875120000,HC2501,2450.74,2463.16,2446.5,2447.1,17214,326
1760875125000,RB2501,3819.63,3824.49,3809.8,3814.36,17223,326
1760875125000,HC2501,2447.48,2448.89,2438.89,2444.6,16549,326
1760875130000,RB2501,3814.11,3828.54,3809.4,3815.68,16684,326
1760875130000,HC2501,2444.14,2466.79,2444.06,2466.34,16949,326
1760875135000,RB2501,3816.47,3818.93,3805.82,3816.35,15846,326
1760875135000,HC2501,2466.28,2467.58,2449.51,2449.51,16922,326
1760875140000,RB2501,3815.52,3818.88,3806.12,3815.86,16362,327
1760875140000,HC2501,2449.9,2453.31,2444.7,2449.24,16705,327
1760875145000,RB2501,3816.59,3828.67,3809.85,3828.48,16158,326
1760875145000,HC2501,2449.32,2449.36,2437.4,2439.85,16584,326
1760875150000,RB2501,3828.17,3848.1,3824.83,3848.02,15584,325
1760875150000,HC2501,2439.59,2447.04,2432.25,2439.19,15687,325
1760875155000,RB2501,3847.89,3848.56,3830.66,3840.75,16662,326
1760875155000,HC2501,2438.93,2448.57,2437.77,2441.83,16780,326
1760875160000,RB2501,3840.52,3857.78,3835.33,3857.55,17287,326
1760875160000,HC2501,2441.97,2454.39,2441.97,2447.12,16794,326
1760875165000,RB2501,3858.15,3858.64,3847.79,3854.22,16802,326
1760875165000,HC2501,2447.57,2466.12,2446.9,2463.44,17466,326
1760875170000,RB2501,3853.82,3860.47,3845.79,3860.19,16171,326
1760875170000,HC2501,2462.45,2469.42,2459.19,2460.06,16751,326
1760875175000,RB2501,3859.23,3865.39,3844.07,3862.9,16280,326
1760875175000,HC2501,2460.67,2469.31,2455.05,2455.05,16563,326
1760875180000,RB2501,3862.98,3882.49,3862.95,3881.47,16835,326
1760875180000,HC2501,2455.28,2468.97,2453.46,2459.32,16823,326
1760875185000,RB2501,3882.07,3893.8,3877.42,3878.5,16848,326
1760875185000,HC2501,2459.96,2477.08,2459.96,2473.76,16665,326
1760875190000,RB2501,3878.67,3878.91,3863.7,3872.88,16459,326
1760875190000,HC2501,2474.69,2477.23,2463.38,2470.61,16468,326
1760875195000,RB2501,3873.01,3892.93,3869.74,3891.6,16431,326
1760875195000,HC2501,2470.6,2472.86,2456.85,2460.26,16363,326
1760875200000,RB2501,3891.11,3910.43,3890.81,3902.41,16628,326
1760875200000,HC2501,2460.63,2470.57,2457.25,2466.64,16826,326
1760875205000,RB2501,3902.65,3911.93,3895.68,3907.17,16347,326
1760875205000,HC2501,2466.42,2471.48,2454.56,2470.85,16578,326
1760875210000,RB2501,3907.92,3925.42,3906.38,3922.31,16570,326
1760875210000,HC2501,2471.8,2488.21,2470.5,2478.99,16815,326
1760875215000,RB2501,3921.56,3927.02,3918.18,3925.45,17662,326
1760875215000,HC2501,2478.73,2481.76,2464.54,2465.67,16452,326
1760875220000,RB2501,3925.57,3937.28,3923.92,3934.09,16325,326
1760875220000,HC2501,2465.76,2478.93,2461.11,2462.41,16448,326
1760875225000,RB2501,3933.35,3934.06,3910.42,3919.55,16178,326
1760875225000,HC2501,2463.26,2476.64,2460,2475.69,16184,326
1760875230000,RB2501,3919.04,3922.74,3906.49,3909.97,15914,326
1760875230000,HC2501,2475.85,2476.11,2465.2,2470.62,16907,326
1760875235000,RB2501,3910.41,3922.19,3908.93,3913.88,16193,326
1760875235000,HC2501,2470.3,2470.68,2450.98,2454.85,16264,326
1760875240000,RB2501,3912.95,3920.22,3902.17,3908.44,16905,326
1760875240000,HC2501,2453.91,2463.32,2449.46,2454.94,16377,326
1760875245000,RB2501,3908.33,3913.66,3903.7,3903.7,16847,327
1760875245000,HC2501,2455.17,2459.79,2449.51,2450.96,16667,327
1760875250000,RB2501,3903.24,3906.03,3896.97,3901.01,16121,326
1760875250000,HC2501,2450.71,2453.6,2439.4,2441.01,16961,326
1760875255000,RB2501,3900.65,3907.33,3890.38,3907.24,17130,326
1760875255000,HC2501,2440.59,2461.74,2440.59,2460.36,16789,326
1760875260000,RB2501,3906.43,3916.48,3895.53,3909.82,16331,326
1760875260000,HC2501,2459.92,2473.2,2456.86,2473.2,16746,326
1760875265000,RB2501,3910.39,3910.5,3895.65,3906.98,16292,326
1760875265000,HC2501,2472.7,2485.77,2470.86,2482.12,16883,326
1760875270000,RB2501,3906.8,3910.94,3899.63,3903.98,16411,326
1760875270000,HC2501,2482.41,2487.53,2478.67,2483.77,16736,326
1760875275000,RB2501,3903.28,3910,3898.07,3901.15,16024,326
1760875275000,HC2501,2483.83,2485.91,2468.96,2469.85,16480,326
1760875280000,RB2501,3901.57,3918.47,3895.66,3918.47,16785,326
1760875280000,HC2501,2469.76,2476.69,2467.28,2472.07,17056,326
1760875285000,RB2501,3918.11,3945.32,3917.81,3943.62,16454,326
1760875285000,HC2501,2471.72,2494.2,2471.67,2488.59,15832,326
1760875290000,RB2501,3944.12,3957.89,3938.1,3939.96,16156,322
1760875290000,HC2501,2489.25,2493.91,2473.67,2479.07,16522,322
1760875295000,RB2501,3940.77,3942.89,3925.53,3929.43,17071,324
1760875295000,HC2501,2478.11,2487.03,2470.67,2475.61,16744,324
1760875300000,RB2501,3930.37,3940.43,3924.88,3931.79,16443,324
1760875300000,HC2501,2474.76,2486.85,2463.05,2463.55,17009,324
1760875305000,RB2501,3932.66,3948.72,3928.39,3941.26,17005,322
1760875305000,HC2501,2462.94,2475.12,2461.78,2475.12,15884,322
1760875310000,RB2501,3940.53,3941.14,3926.09,3939.05,16558,323
1760875310000,HC2501,2474.69,2487.65,2474.41,2481.72,16654,323
1760875315000,RB2501,3939.47,3955.11,3926.61,3927.46,16579,324
1760875315000,HC2501,2481.08,2512.16,2480.48,2510.44,16060,324
1760875320000,RB2501,3927.45,3934.07,3919.73,3926.84,16720,323
1760875320000,HC2501,2510.33,2510.33,2495.88,2501.12,16997,323
1760875325000,RB2501,3926.82,3926.82,3912.51,3916.4,16329,322
1760875325000,HC2501,2500.84,2515.7,2500.84,2511.37,17119,322
1760875330000,RB2501,3916.8,3921.86,3908.92,3921.35,16322,323
1760875330000,HC2501,2510.67,2510.67,2492.65,2502.66,16607,323
1760875335000,RB2501,3920.78,3933.29,3919.88,3931.46,15739,324
1760875335000,HC2501,2501.98,2519.43,2501.86,2510.32,16253,324
1760875340000,RB2501,3931.84,3949.22,3927.41,3947.66,16405,323
1760875340000,HC2501,2510.44,2517.19,2503.7,2506.8,16701,323
1760875345000,RB2501,3946.84,3953.63,3943.62,3944.07,16346,323
1760875345000,HC2501,2506.98,2506.98,2491.91,2498.47,16387,323
1760875350000,RB2501,3943.54,3955.55,3939.02,3953.27,15981,323
1760875350000,HC2501,2497.8,2500.88,2477.22,2482.36,16580,323
1760875355000,RB2501,3953.42,3970.92,3951.22,3968.55,16580,322
1760875355000,HC2501,2481.9,2497.31,2478.74,2496.08,15963,322
1760875360000,RB2501,3968.4,3974.1,3949.63,3950.89,15613,323
1760875360000,HC2501,2496.66,2500.93,2490.41,2492.64,16314,323
1760875365000,RB2501,3950.75,3957.41,3946.21,3956.19,16598,322
1760875365000,HC2501,2493.15,2503.76,2490.7,2501.15,16442,322
1760875370000,RB2501,3955.44,3959.69,3942.15,3944.76,16388,323
1760875370000,HC2501,2501.68,2506.16,2497.28,2504.35,16295,323
1760875375000,RB2501,3945.41,3948.52,3934.4,3936.41,16709,322
1760875375000,HC2501,2503.79,2511.99,2493.06,2511.99,16443,322
1760875380000,RB2501,3935.62,3936.42,3920.03,3924.84,17063,321
1760875380000,HC2501,2511.55,2517.69,2500.89,2514.53,16544,321
1760875385000,RB2501,3924.94,3926.43,3911.32,3914.98,15994,322
1760875385000,HC2501,2514.98,2526.63,2507.33,2526.63,16139,322
1760875390000,RB2501,3914.09,3930.03,3909.71,3928.34,16926,323
1760875390000,HC2501,2525.97,2536.6,2522.49,2534.6,17122,323
1760875395000,RB2501,3929.23,3938.89,3924.51,3938.29,16432,322
1760875395000,HC2501,2534.21,2536.88,2528.58,2536.03,16832,322
1760875400000,RB2501,3938.53,3938.53,3926.83,3929.96,16014,322
1760875400000,HC2501,2535.7,2541.83,2524.82,2529.56,16213,322
1760875405000,RB2501,3929.51,3930.08,3910.85,3915.29,16136,323
1760875405000,HC2501,2530.27,2532.64,2517.96,2522.85,16805,323
1760875410000,RB2501,3915.93,3915.93,3884.57,3884.57,16641,322
1760875410000,HC2501,2523.65,2528.29,2518.1,2525.63,16547,322
1760875415000,RB2501,3885.27,3895.6,3883.61,3888.18,16635,322
1760875415000,HC2501,2525.04,2528.46,2519.32,2524.65,16225,322
1760875420000,RB2501,3888.67,3890.78,3869.62,3869.62,16647,323
1760875420000,HC2501,2524.33,2538.43,2523.34,2523.43,16187,323
1760875425000,RB2501,3869.68,3874.3,3862.48,3862.64,16707,323
1760875425000,HC2501,2524.17,2536.4,2521.26,2535.96,16778,323
1760875430000,RB2501,3863.54,3864.8,3846.9,3850.54,15815,323
1760875430000,HC2501,2535.26,2535.85,2519.39,2523.58,16724,323
1760875435000,RB2501,3850.14,3862.63,3847.37,3855.81,16608,322
1760875435000,HC2501,2524.18,2527.38,2509.56,2517.22,16705,322
1760875440000,RB2501,3855.15,3857.03,3849.19,3855.88,17057,322
1760875440000,HC2501,2517.07,2520.75,2508.43,2509.25,16334,322
1760875445000,RB2501,3855.02,3856.93,3840.79,3847.76,16229,323
1760875445000,HC2501,2508.49,2518.63,2508.49,2516.2,16618,323
1760875450000,RB2501,3847.15,3872.42,3847.15,3859.38,16464,322
1760875450000,HC2501,2516.25,2517.25,2504.73,2512.06,16157,322
1760875455000,RB2501,3860.25,3862.2,3847.32,3859.56,16805,322
1760875455000,HC2501,2511.68,2516.35,2501.9,2502.01,16627,322
1760875460000,RB2501,3860.24,3861.25,3844.33,3844.49,16122,323
1760875460000,HC2501,2502.42,2507.92,2492.93,2496.18,16371,323
1760875465000,RB2501,3844.91,3849.37,3835.4,3848.16,16364,322
1760875465000,HC2501,2495.21,2495.21,2467.71,2467.71,17073,322
1760875470000,RB2501,3848.42,3848.76,3815.35,3820.08,16941,323
1760875470000,HC2501,2468.59,2470.21,2457.91,2464.14,16277,323
1760875475000,RB2501,3820.58,3824.32,3811.48,3813.06,16403,323
1760875475000,HC2501,2463.49,2469.28,2452.68,2454.8,16093,323
1760875480000,RB2501,3812.92,3817.09,3803.01,3805.66,17081,322
1760875480000,HC2501,2455.01,2460.43,2443.81,2454.97,16583,322
1760875485000,RB2501,3804.87,3817.03,3799.62,3813.65,16647,323
1760875485000,HC2501,2455.73,2458.91,2445.98,2449.76,16729,323
1760875490000,RB2501,3812.93,3822.05,3810.78,3819.57,16458,323
1760875490000,HC2501,2450.17,2458.02,2448.42,2452.12,16342,323
1760875495000,RB2501,3819.63,3824.06,3813.32,3818.39,16578,323
1760875495000,HC2501,2451.23,2454.45,2442.01,2447.79,16349,323
1760875500000,RB2501,3817.73,3825.15,3814.19,3820.47,16600,322
1760875500000,HC2501,2446.99,2448.64,2439.94,2444.1,16848,322
1760875505000,RB2501,3819.54,3832.63,3818.28,3824.12,16191,322
1760875505000,HC2501,2444.21,2447.36,2435.34,2436.22,16396,322
1760875510000,RB2501,3823.77,3828.38,3816.89,3828.38,16846,323
1760875510000,HC2501,2435.98,2437.36,2422.44,2423.79,16106,323
1760875515000,RB2501,3827.73,3831.11,3817.59,3823.14,16388,322
1760875515000,HC2501,2424.75,2440.5,2415.86,2439.7,16766,322
1760875520000,RB2501,3823.1,3836,3822.87,3826.38,15991,322
1760875520000,HC2501,2439.56,2451.95,2434.41,2448.01,16197,322
1760875525000,RB2501,3825.57,3835.42,3824.07,3833.59,15759,323
1760875525000,HC2501,2447.63,2467.87,2444.77,2466.19,16955,323
1760875530000,RB2501,3833.95,3838.45,3826.9,3830.97,15614,321
1760875530000,HC2501,2465.79,2468.45,2451.51,2453.99,17012,321
1760875535000,RB2501,3830.86,3838.06,3826.9,3837.43,16215,323
1760875535000,HC2501,2454.39,2468.43,2450.43,2450.43,16390,323
1760875540000,RB2501,3837.46,3844.65,3824.95,3844.65,16625,322
1760875540000,HC2501,2450.26,2456.96,2443.62,2453.69,15968,322
1760875545000,RB2501,3844.23,3852.11,3836.58,3843.92,16593,322
1760875545000,HC2501,2452.8,2457.9,2433.56,2437.84,16080,322
1760875550000,RB2501,3844.47,3851.07,3836.25,3841.8,15948,322
1760875550000,HC2501,2438.27,2441.86,2420.95,2422.68,16597,322
1760875555000,RB2501,3841.54,3850.51,3835.45,3838.56,16837,323
1760875555000,HC2501,2421.99,2432.89,2409.14,2410.85,16038,323
1760875560000,RB2501,3837.88,3841.24,3824.94,3839.6,16074,323
1760875560000,HC2501,2410.78,2416.54,2408.34,2410.9,16841,323
1760875565000,RB2501,3840.31,3843.92,3834.25,3843.44,16920,322
1760875565000,HC2501,2410.51,2411.26,2397.53,2399.94,16571,322
1760875570000,RB2501,3843.54,3844.08,3831.21,3836.5,16671,322
1760875570000,HC2501,2400.87,2417.27,2396.89,2411.05,16629,322
1760875575000,RB2501,3837.38,3839.49,3826.3,3838.86,15824,322
1760875575000,HC2501,2410.84,2414.7,2401.46,2403.51,16158,322
1760875580000,RB2501,3839.2,3841.97,3829.13,3833.27,15969,322
1760875580000,HC2501,2403.22,2410.96,2390.18,2390.18,16280,322
1760875585000,RB2501,3833.92,3840.55,3824.25,3825.33,17159,323
1760875585000,HC2501,2389.84,2394.87,2360.99,2360.99,16606,323
1760875590000,RB2501,3825.61,3829.61,3817.97,3824.96,16418,322
1760875590000,HC2501,2361.72,2362.47,2350.17,2352.83,16093,322
1760875595000,RB2501,3824.73,3825,3807.62,3813.94,16395,322
1760875595000,HC2501,2352.83,2368.72,2351.83,2361.7,16144,322
1760875600000,RB2501,3813.55,3817.08,3803.15,3814.46,15790,323
1760875600000,HC2501,2361.71,2378.68,2361.58,2376.38,16711,323
1760875605000,RB2501,3815.09,3816.46,3793.49,3797.79,16210,322
1760875605000,HC2501,2376.84,2383.23,2365.85,2373.04,16465,322
1760875610000,RB2501,3797.42,3805.42,3792.14,3800.13,16511,322
1760875610000,HC2501,2373.83,2377.43,2363.74,2373.98,16032,322
1760875615000,RB2501,3799.65,3809.07,3789.55,3806.53,16717,323
1760875615000,HC2501,2373.89,2385.2,2366.37,2383.7,15828,323
1760875620000,RB2501,3806.43,3813.73,3803.68,3811.79,16696,322
1760875620000,HC2501,2383.06,2394.29,2372.98,2373.99,15770,322
1760875625000,RB2501,3811.91,3836.71,3808.03,3834.4,15482,323
1760875625000,HC2501,2374.44,2374.86,2344.94,2351.11,16894,323
1760875630000,RB2501,3834.9,3845.4,3831.74,3845.33,16586,322
1760875630000,HC2501,2351.78,2359.75,2339.56,2342.14,16192,322
1760875635000,RB2501,3845.2,3846.03,3836.37,3841.36,17005,323
1760875635000,HC2501,2342.87,2345.18,2325.86,2326.63,16510,323
1760875640000,RB2501,3840.81,3841.67,3818.71,3823.07,16249,321
1760875640000,HC2501,2326.05,2327.99,2300.85,2300.85,17117,321
1760875645000,RB2501,3822.53,3831.75,3802.83,3803.74,16775,324
1760875645000,HC2501,2301.61,2306.19,2292.84,2294.5,16101,324
1760875650000,RB2501,3803.37,3825.66,3803.37,3814.5,15685,323
1760875650000,HC2501,2294.06,2329.69,2294.06,2327.09,15501,323
1760875655000,RB2501,3813.9,3815.57,3795.52,3806.86,16326,323
1760875655000,HC2501,2326.57,2332.93,2312.55,2312.96,16711,323
1760875660000,RB2501,3806.35,3811.82,3788.72,3810.57,16319,322
1760875660000,HC2501,2312.33,2324.51,2312.33,2321.69,16637,322
1760875665000,RB2501,3811.4,3827.01,3808.19,3819.27,16560,323
1760875665000,HC2501,2322.4,2326.98,2317.29,2321.17,16558,323
1760875670000,RB2501,3819.51,3829.72,3817.88,3825.33,16359,323
1760875670000,HC2501,2320.22,2322.53,2313.98,2318.59,15979,323
1760875675000,RB2501,3824.37,3826.37,3810.65,3816.18,17331,322
1760875675000,HC2501,2317.61,2320.3,2307.18,2314.79,15976,322
1760875680000,RB2501,3815.56,3816.17,3795.77,3797.86,16187,322
1760875680000,HC2501,2314.68,2315.36,2297.02,2297.27,16523,322
1760875685000,RB2501,3798.27,3813.61,3796.49,3811.29,15958,322
1760875685000,HC2501,2296.87,2308.85,2295.76,2300.37,16384,322
1760875690000,RB2501,3810.36,3815.23,3803.72,3814.67,16631,323
1760875690000,HC2501,2299.61,2304.48,2296.41,2299.93,16195,323
1760875695000,RB2501,3814.67,3816.49,3805.12,3809.2,16787,321
1760875695000,HC2501,2299.81,2310.85,2294.6,2310.09,15977,321
1760875700000,RB2501,3809.2,3810.15,3790.79,3798.51,16426,324
1760875700000,HC2501,2309.95,2310.56,2286.87,2288.5,16790,324
1760875705000,RB2501,3798.83,3807.16,3791.83,3800.87,16191,321
1760875705000,HC2501,2289.18,2296.37,2281.24,2285.93,16496,321
1760875710000,RB2501,3801.79,3813.33,3801.18,3813.33,17253,323
1760875710000,HC2501,2286.58,2289.65,2274.35,2278.09,17224,323
1760875715000,RB2501,3813.16,3819.59,3802.36,3806.61,16224,322
1760875715000,HC2501,2278.52,2281.77,2259.65,2272.47,16568,322
1760875720000,RB2501,3807.38,3835.61,3804.75,3832.69,16198,323
1760875720000,HC2501,2271.53,2287.06,2268.85,2286.09,16842,323
1760875725000,RB2501,3832.08,3851.59,3829.66,3849.73,16397,325
1760875725000,HC2501,2286.13,2288.72,2278.85,2285.58,16118,325
1760875730000,RB2501,3849.92,3856.67,3847.88,3854.55,16651,325
1760875730000,HC2501,2285.33,2289.73,2269.71,2270.04,16800,325
1760875735000,RB2501,3853.66,3853.66,3833.02,3834,16391,323
1760875735000,HC2501,2270.88,2271.86,2249.44,2258.11,17233,323
1760875740000,RB2501,3833.38,3834.25,3818.5,3828.2,16789,323
1760875740000,HC2501,2258.66,2263.06,2249.82,2255.45,16461,323
1760875745000,RB2501,3827.71,3844.38,3827.71,3843.42,16442,322
1760875745000,HC2501,2256.24,2278.44,2255.99,2276.73,16712,322
1760875750000,RB2501,3842.91,3847.84,3838.41,3845.36,16700,323
1760875750000,HC2501,2277.14,2281.39,2267.06,2277.49,16505,323
1760875755000,RB2501,3846.17,3847.1,3831.82,3832.73,16138,323
1760875755000,HC2501,2276.91,2282.41,2271.97,2276.11,16282,323
1760875760000,RB2501,3833.44,3859.07,3830.15,3856.64,16122,323
1760875760000,HC2501,2276.7,2282.08,2271.09,2274.49,16563,323
1760875765000,RB2501,3856.1,3862.4,3851.07,3857.29,16713,323
1760875765000,HC2501,2275.43,2284.91,2266.43,2283.52,16086,323
1760875770000,RB2501,3857.49,3868.89,3853.92,3853.92,16741,322
1760875770000,HC2501,2284.09,2298.36,2282,2295.7,16325,322
1760875775000,RB2501,3854.36,3870.6,3851.4,3867.63,16682,322
1760875775000,HC2501,2295.28,2305.79,2291.54,2296.86,16029,322
1760875780000,RB2501,3867.75,3878.12,3865.83,3872.85,17084,322
1760875780000,HC2501,2296.66,2318.69,2294.31,2317.62,16791,322
1760875785000,RB2501,3872.93,3882.59,3863.57,3881.74,16012,323
1760875785000,HC2501,2317.38,2318.73,2307.43,2316.08,16889,323
1760875790000,RB2501,3881.36,3885.86,3862.07,3862.07,15989,322
1760875790000,HC2501,2316.26,2323.26,2315.86,2321.07,16822,322
1760875795000,RB2501,3861.33,3862.36,3841.91,3848.62,15905,322
1760875795000,HC2501,2321.84,2324.46,2311.28,2317.15,15924,322
1760875800000,RB2501,3848.86,3859.5,3847.43,3855.04,15756,322
1760875800000,HC2501,2316.43,2316.43,2295.75,2299.2,16741,322
1760875805000,RB2501,3854.35,3863.58,3850.81,3863.58,16787,323
1760875805000,HC2501,2298.56,2309.38,2290.59,2294.41,16198,323
1760875810000,RB2501,3862.74,3863.8,3850.04,3853.05,16827,323
1760875810000,HC2501,2294.36,2301.82,2275,2276.52,16110,323
1760875815000,RB2501,3852.58,3872.84,3852.58,3871.9,16352,322
1760875815000,HC2501,2277.13,2278.79,2263.44,2264.54,16337,322
1760875820000,RB2501,3872.79,3874.84,3864.83,3871.85,16309,323
1760875820000,HC2501,2265.43,2272.62,2262.24,2272.62,16277,323
1760875825000,RB2501,3872.37,3873.92,3853.23,3855.2,16087,324
1760875825000,HC2501,2272.05,2283.18,2269.23,2272.4,16421,324
1760875830000,RB2501,3855.6,3866.57,3852.78,3863.63,16712,322
1760875830000,HC2501,2272.93,2273.23,2259.19,2263.98,16317,322
1760875835000,RB2501,3864.08,3876.64,3864.08,3874.13,16554,322
1760875835000,HC2501,2264.92,2276,2258.64,2258.64,16284,322
1760875840000,RB2501,3873.49,3878.23,3862.84,3867.43,16546,323
1760875840000,HC2501,2257.97,2291.69,2257.49,2285.2,16542,323
1760875845000,RB2501,3866.51,3870.21,3856.68,3856.68,16569,323
1760875845000,HC2501,2285.55,2291,2281.34,2290.69,16367,323
1760875850000,RB2501,3855.88,3873.37,3849.41,3869.33,16568,322
1760875850000,HC2501,2290.53,2295.76,2282.5,2291.32,16258,322
1760875855000,RB2501,3868.79,3875.58,3863.13,3863.13,16113,322
1760875855000,HC2501,2291.16,2308.67,2288.61,2307.77,17102,322
1760875860000,RB2501,3863.27,3866.05,3854.9,3856.46,16047,323
1760875860000,HC2501,2308.01,2313.24,2294.91,2298.11,16097,323
1760875865000,RB2501,3856.02,3883.5,3852.06,3882.06,16701,323
1760875865000,HC2501,2298.47,2304.44,2294.51,2295.37,16161,323
1760875870000,RB2501,3881.85,3889.85,3870.04,3876.41,16184,323
1760875870000,HC2501,2296.13,2306.42,2293.82,2300.18,16571,323
1760875875000,RB2501,3876,3888.6,3871.78,3884.57,16679,322
1760875875000,HC2501,2301.18,2309.64,2294.66,2296.02,16407,322
1760875880000,RB2501,3884.5,3897.84,3880.29,3889.83,16573,322
1760875880000,HC2501,2295.64,2298.41,2284.26,2286.22,16559,322
1760875885000,RB2501,3889.89,3894.22,3882.37,3893.25,16330,323
1760875885000,HC2501,2286.28,2301.67,2285.98,2294.49,16197,323
1760875890000,RB2501,3894.03,3898.67,3887.53,3898.67,16360,323
1760875890000,HC2501,2293.51,2307.32,2291.36,2304.22,16352,323
1760875895000,RB2501,3899.66,3912.05,3895.29,3908.43,16363,322
1760875895000,HC2501,2304.97,2308.63,2296.32,2308.28,16845,322
1760875900000,RB2501,3907.91,3908.91,3895.28,3901.59,16109,323
1760875900000,HC2501,2308.77,2313.03,2294,2294,16674,323
1760875905000,RB2501,3901.12,3910.75,3895.24,3898.65,16426,322
1760875905000,HC2501,2294.76,2297.82,2276.97,2280.4,16282,322
1760875910000,RB2501,3899.34,3910.22,3894.14,3897.32,16623,323
1760875910000,HC2501,2281.13,2284.29,2269.44,2273.91,16545,323
1760875915000,RB2501,3897.19,3904.26,3889.22,3903.83,16306,322
1760875915000,HC2501,2274.7,2277.98,2265.3,2266.42,16290,322
1760875920000,RB2501,3903.87,3910.9,3901.49,3909.91,16739,322
1760875920000,HC2501,2266.81,2274.74,2262.93,2273,16196,322
1760875925000,RB2501,3910.65,3919.05,3907.63,3912.89,16936,323
1760875925000,HC2501,2273.51,2276.43,2268.85,2269.94,16784,323
1760875930000,RB2501,3913.55,3913.95,3892.86,3898.24,16407,322
1760875930000,HC2501,2269.94,2275.39,2263.33,2267.14,16331,322
1760875935000,RB2501,3898.62,3915.02,3898.07,3912.97,16779,323
1760875935000,HC2501,2267.95,2289.71,2267.37,2276.98,16559,323
1760875940000,RB2501,3913.21,3924.42,3907.58,3921.49,16483,322
1760875940000,HC2501,2277.6,2281.46,2269.3,2279.07,15905,322
1760875945000,RB2501,3920.54,3921.27,3907.96,3908.72,17008,323
1760875945000,HC2501,2278.47,2284.1,2271.8,2272.64,16711,323
1760875950000,RB2501,3909.35,3915.41,3903.57,3906.11,16102,322
1760875950000,HC2501,2271.97,2292.43,2268.94,2289.82,16443,322
1760875955000,RB2501,3905.15,3909.75,3897.87,3909.03,16211,322
1760875955000,HC2501,2290.54,2313.05,2290.54,2301.67,16500,322
1760875960000,RB2501,3908.82,3910.83,3898.54,3904.99,16423,323
1760875960000,HC2501,2302.13,2313.09,2298.6,2302.08,16512,323
1760875965000,RB2501,3904.32,3908.16,3895.28,3896.29,17092,322
1760875965000,HC2501,2301.5,2319.6,2299.71,2316.62,17427,322
1760875970000,RB2501,3896.74,3898.2,3881.76,3890.2,15903,323
1760875970000,HC2501,2316.57,2317.93,2306.21,2312.24,16094,323
1760875975000,RB2501,3890.03,3899.73,3886.39,3895.13,16260,323
1760875975000,HC2501,2311.67,2316.85,2295.89,2304.82,17021,323
1760875980000,RB2501,3894.79,3899.79,3887.99,3892.25,16347,324
1760875980000,HC2501,2304.37,2313.11,2294.76,2301.31,16074,324
1760875985000,RB2501,3892.32,3907.42,3889.34,3907.13,16271,322
1760875985000,HC2501,2301.24,2309.57,2293.91,2298.87,16564,322
1760875990000,RB2501,3907.29,3911.21,3894.99,3895.87,16767,321
1760875990000,HC2501,2298.43,2306.96,2297.7,2297.78,16730,321
1760875995000,RB2501,3895.97,3897.69,3885.53,3895.32,16071,323
1760875995000,HC2501,2296.9,2307.47,2296.21,2306.23,16661,323
1760876000000,RB2501,3895.64,3917.24,3895.4,3909.87,16275,322
1760876000000,HC2501,2306.31,2334.9,2304.04,2334.83,16156,322
1760876005000,RB2501,3909.37,3911.85,3902.64,3908.23,16424,322
1760876005000,HC2501,2334.62,2340.15,2322.8,2323.51,16019,322
1760876010000,RB2501,3908.55,3918.12,3905.01,3918.12,16372,322
1760876010000,HC2501,2324.37,2340.79,2322.74,2340.55,16182,322
1760876015000,RB2501,3917.41,3924.38,3913.52,3915.86,16504,323
1760876015000,HC2501,2341.14,2348.18,2336.57,2337.47,15959,323
1760876020000,RB2501,3915.21,3922.97,3907.84,3911.93,16210,323
1760876020000,HC2501,2338.06,2344.56,2334.39,2341.09,16833,323
1760876025000,RB2501,3911.2,3920.79,3905.7,3917.71,16755,323
1760876025000,HC2501,2341.43,2357.21,2341.32,2357.03,17297,323
1760876030000,RB2501,3917.1,3925.34,3914.63,3925.26,16427,322
1760876030000,HC2501,2356.71,2357.58,2341.88,2345.3,16330,322
1760876035000,RB2501,3925.31,3935.99,3922.41,3932.75,16449,323
1760876035000,HC2501,2344.73,2351.98,2340.21,2341.02,15894,323
1760876040000,RB2501,3932.55,3943.73,3930.88,3937.55,16594,323
1760876040000,HC2501,2340.56,2355.01,2340.52,2345.23,16464,323
1760876045000,RB2501,3937.91,3950.32,3937.91,3946.09,16612,322
1760876045000,HC2501,2345.01,2363.67,2342.3,2360.71,16343,322
1760876050000,RB2501,3946.45,3951.38,3940.89,3943.59,17078,323
1760876050000,HC2501,2360.6,2367.58,2356.42,2363.26,17107,323
1760876055000,RB2501,3944.43,3945.76,3931.01,3933.67,16976,321
1760876055000,HC2501,2364,2370.44,2357.07,2357.46,16805,321
1760876060000,RB2501,3933.1,3950.8,3932.7,3941.8,16757,323
1760876060000,HC2501,2357.13,2366.61,2353.14,2366.61,17157,323
1760876065000,RB2501,3940.89,3954.65,3930.02,3937.2,16619,322
1760876065000,HC2501,2366.51,2371.06,2354.19,2359.89,17401,322
1760876070000,RB2501,3937.53,3938.09,3921.41,3927.05,16661,322
1760876070000,HC2501,2360.42,2367.3,2355.97,2361.53,16210,322
1760876075000,RB2501,3927.38,3930.78,3917.81,3927.69,16439,322
1760876075000,HC2501,2362.08,2365.36,2351.58,2353.02,16955,322
1760876080000,RB2501,3928.41,3940.32,3925.13,3937.46,16733,323
1760876080000,HC2501,2353.79,2353.89,2332.17,2338.21,16588,323
1760876085000,RB2501,3937.31,3943.25,3930.35,3943.25,17349,322
1760876085000,HC2501,2338.62,2345.87,2336.94,2340.81,16235,322
1760876090000,RB2501,3943.51,3959.44,3943.18,3959.44,16537,323
1760876090000,HC2501,2340.4,2341.11,2326.43,2332.78,16349,323
1760876095000,RB2501,3959.45,3967.73,3953.98,3960.66,16016,323
1760876095000,HC2501,2333.72,2333.92,2322.47,2325.78,16289,323
1760876100000,RB2501,3961.34,3967.69,3954.98,3956.41,16290,322
1760876100000,HC2501,2326.15,2340.16,2324.99,2334.27,16612,322
1760876105000,RB2501,3955.83,3957.35,3940.88,3947.41,15436,322
1760876105000,HC2501,2334.31,2345.16,2330.96,2338.01,16343,322
1760876110000,RB2501,3946.95,3954.98,3944.29,3949.69,16307,322
1760876110000,HC2501,2338.41,2338.83,2324.82,2332.62,16557,322
1760876115000,RB2501,3949.33,3954.61,3939.48,3949.91,16197,322
1760876115000,HC2501,2333.35,2334.05,2313.6,2318.76,16714,322
1760876120000,RB2501,3949.93,3963.95,3949.93,3958.72,16047,322
1760876120000,HC2501,2318.31,2318.64,2307.13,2309.06,17063,322
1760876125000,RB2501,3957.84,3959.06,3938.29,3945.85,16185,322
1760876125000,HC2501,2310,2312.95,2290,2290.4,16269,322
1760876130000,RB2501,3946.83,3960.91,3946.83,3951.26,16697,323
1760876130000,HC2501,2290.54,2293.19,2283.49,2287.99,16152,323
1760876135000,RB2501,3950.27,3956.33,3940.26,3945.8,16976,322
1760876135000,HC2501,2288.79,2289.72,2277.9,2278.99,16359,322
1760876140000,RB2501,3946.6,3960.75,3939.6,3959.84,16610,322
1760876140000,HC2501,2279.9,2279.9,2264.38,2265.62,16053,322
1760876145000,RB2501,3960.61,3969.93,3954.45,3969.7,17089,323
1760876145000,HC2501,2266.06,2276.76,2264.52,2268.17,15912,323
1760876150000,RB2501,3968.88,3980.11,3967.13,3974.74,16118,322
1760876150000,HC2501,2267.64,2282.43,2267.64,2271.12,16369,322
1760876155000,RB2501,3974.86,3980.44,3963.43,3963.75,16281,322
1760876155000,HC2501,2271.47,2287.85,2266.79,2285.73,16285,322
1760876160000,RB2501,3963.75,3964.87,3945.47,3945.47,16436,323
1760876160000,HC2501,2284.81,2297.98,2284.81,2292.79,16218,323
1760876165000,RB2501,3945.65,3946.12,3929.68,3933.17,16980,323
1760876165000,HC2501,2293.65,2303.62,2281.41,2303.62,16157,323
1760876170000,RB2501,3932.19,3942.78,3927.17,3941.91,16661,322
1760876170000,HC2501,2302.65,2306.63,2290.56,2291.6,16913,322
1760876175000,RB2501,3941.75,3955.7,3940.93,3943.33,16132,323
1760876175000,HC2501,2292.27,2297.86,2288.22,2289.42,16751,323
1760876180000,RB2501,3943.27,3953.44,3940.79,3944.58,15968,322
1760876180000,HC2501,2289.38,2315.26,2289.38,2306.18,15880,322
1760876185000,RB2501,3945.52,3948.79,3938.97,3944.12,16737,322
1760876185000,HC2501,2306.57,2321.63,2306.57,2317.61,16078,322
1760876190000,RB2501,3944.03,3946.78,3932.08,3943.3,16253,322
1760876190000,HC2501,2316.81,2322.72,2300.33,2301.8,16346,322
1760876195000,RB2501,3943.94,3949.04,3927.9,3928.99,16671,323
1760876195000,HC2501,2301.38,2305.67,2295.38,2297.21,16097,323
1760876200000,RB2501,3928.54,3929.53,3903.94,3904.04,16530,322
1760876200000,HC2501,2296.46,2302.81,2291.84,2300.14,16012,322
1760876205000,RB2501,3903.11,3903.78,3890.36,3895.31,16588,322
1760876205000,HC2501,2299.22,2314.46,2293.22,2311.57,16676,322
1760876210000,RB2501,3896.15,3909.73,3891.39,3906.98,16447,322
1760876210000,HC2501,2312.51,2316.92,2306.27,2310.42,16837,322
1760876215000,RB2501,3906.13,3917.08,3902.56,3911.06,16825,322
1760876215000,HC2501,2310.03,2331.25,2310.03,2329,16041,322
1760876220000,RB2501,3910.67,3919.1,3904.88,3907.65,16563,323
1760876220000,HC2501,2328.53,2331.81,2313.99,2315.04,16661,323
1760876225000,RB2501,3908.3,3917.72,3906.81,3912.24,16798,321
1760876225000,HC2501,2315.04,2317.69,2301.15,2303.15,15719,321
1760876230000,RB2501,3911.26,3932.64,3907.41,3927.87,16372,323
1760876230000,HC2501,2302.52,2307.88,2295.7,2296.83,16668,323
1760876235000,RB2501,3928.7,3935.32,3918.18,3934.31,16159,322
1760876235000,HC2501,2296.98,2309.45,2289.47,2307.98,15894,322
1760876240000,RB2501,3934.51,3937.94,3920.22,3925.97,16783,323
1760876240000,HC2501,2308.61,2314.58,2291.46,2291.46,16324,323
1760876245000,RB2501,3926.17,3937.5,3921.45,3929.73,15971,322
1760876245000,HC2501,2290.82,2298.2,2282.78,2298.2,16714,322
1760876250000,RB2501,3929.54,3931.49,3920.78,3921.31,16708,323
1760876250000,HC2501,2299.17,2300.69,2290.14,2294.18,16562,323
1760876255000,RB2501,3920.62,3935.47,3920.58,3930.04,16775,323
1760876255000,HC2501,2294.82,2305.7,2289.25,2292.88,16360,323
1760876260000,RB2501,3930.79,3949.4,3929.48,3948.06,16525,322
1760876260000,HC2501,2292.34,2295.47,2282.41,2288,16748,322
1760876265000,RB2501,3947.11,3949.94,3939.02,3947.66,16459,322
1760876265000,HC2501,2287.56,2295.07,2280.47,2292.94,16459,322
1760876270000,RB2501,3946.87,3952.54,3939.95,3942.62,16661,323
1760876270000,HC2501,2293.58,2294.4,2286.2,2286.9,16491,323
1760876275000,RB2501,3943.01,3955.29,3941.61,3953.32,16369,322
1760876275000,HC2501,2286.27,2288.87,2271.29,2283.27,16103,322
1760876280000,RB2501,3953.84,3958.11,3945.97,3947.46,16661,323
1760876280000,HC2501,2283.28,2287.95,2270.55,2271.08,15872,323
1760876285000,RB2501,3946.81,3960.88,3937.38,3957.49,16210,322
1760876285000,HC2501,2271.77,2285.9,2270.48,2284.4,16149,322
1760876290000,RB2501,3957.77,3968.47,3949.64,3968.04,16374,323
1760876290000,HC2501,2285.37,2292.45,2282.99,2286.55,16560,323
1760876295000,RB2501,3967.32,3969.12,3958.11,3968.51,17114,322
1760876295000,HC2501,2287,2297.94,2281.84,2296.9,16268,322
1760876300000,RB2501,3969.24,3980.1,3966.36,3970.07,16177,322
1760876300000,HC2501,2296.97,2305.54,2284.28,2305.54,16559,322
1760876305000,RB2501,3969.79,3981.08,3968.7,3972.87,16564,322
1760876305000,HC2501,2305.52,2317.15,2302.29,2302.29,16179,322
1760876310000,RB2501,3973.85,3978.91,3969.96,3975.62,16174,323
1760876310000,HC2501,2301.9,2309.28,2296.3,2308.81,16341,323
1760876315000,RB2501,3976.1,3981.85,3966.18,3967.93,16117,322
1760876315000,HC2501,2308.51,2316.77,2305.54,2310.69,16568,322
1760876320000,RB2501,3967.47,3978.39,3965.05,3977.34,17131,322
1760876320000,HC2501,2310.58,2322.64,2305.59,2317.06,16356,322
1760876325000,RB2501,3977.81,3991.32,3976.41,3986.21,16819,322
1760876325000,HC2501,2317.44,2320.32,2307.11,2313.68,16488,322
1760876330000,RB2501,3986.35,3987.4,3971.5,3972.36,16518,323
1760876330000,HC2501,2314.33,2318.89,2297.14,2298.51,16828,323
1760876335000,RB2501,3971.44,3972.31,3955.52,3959.25,16525,322
1760876335000,HC2501,2297.82,2305.58,2292.86,2294.45,16760,322
1760876340000,RB2501,3959.16,3968.3,3952.67,3965.71,16519,322
1760876340000,HC2501,2294.19,2305.62,2292.72,2294.64,16560,322
1760876345000,RB2501,3965.84,3965.84,3954.83,3960.28,16664,323
1760876345000,HC2501,2295.17,2299.8,2288.82,2297.98,16570,323
1760876350000,RB2501,3960.09,3985.11,3958.12,3983.34,17049,323
1760876350000,HC2501,2297.74,2310.02,2296.01,2309.61,16143,323
1760876355000,RB2501,3984.17,3996.24,3976.48,3986.13,16121,323
1760876355000,HC2501,2309.82,2320.69,2304.98,2306.1,16496,323
1760876360000,RB2501,3986.49,3996.28,3980.43,3996.28,16305,322
1760876360000,HC2501,2306.67,2320.4,2306.26,2311.57,16534,322
1760876365000,RB2501,3995.83,4004.79,3992.62,3996.43,16790,322
1760876365000,HC2501,2311.51,2323.67,2305.7,2323.67,16436,322
1760876370000,RB2501,3995.46,3999.81,3987.12,3987.91,15952,322
1760876370000,HC2501,2323.76,2326.41,2316.77,2318.79,16615,322
1760876375000,RB2501,3988.08,3995.65,3980.81,3991.78,16835,323
1760876375000,HC2501,2318.25,2319.41,2300.37,2302.86,16628,323
1760876380000,RB2501,3991.7,4002.61,3988.4,3990.6,15918,322
1760876380000,HC2501,2303.82,2309.18,2299.15,2303.45,16051,322
1760876385000,RB2501,3991.59,3998.85,3981.98,3997.54,16472,323
1760876385000,HC2501,2303.38,2304.31,2295.84,2300.52,16770,323
1760876390000,RB2501,3996.65,4001.34,3989.03,3993.13,16824,322
1760876390000,HC2501,2301.15,2304.19,2288.59,2302.42,17154,322
1760876395000,RB2501,3993.11,4010.61,3990.44,4002.88,16662,323
1760876395000,HC2501,2302.34,2318.13,2300.11,2317.11,16438,323
1760876400000,RB2501,4003.64,4015.46,4003.37,4013.12,16438,322
1760876400000,HC2501,2317.09,2321.15,2309.35,2319.35,15940,322
1760876405000,RB2501,4013.02,4015.9,3999.72,4010.26,16209,322
1760876405000,HC2501,2318.36,2323.72,2312.34,2317.69,16645,322
1760876410000,RB2501,4010.5,4015.18,3999.58,3999.58,16102,323
1760876410000,HC2501,2317.64,2325.63,2311.03,2311.03,15982,323
1760876415000,RB2501,3999.04,4005.13,3993.84,3995.51,16196,322
1760876415000,HC2501,2311.15,2313.14,2295.95,2305.95,16156,322
1760876420000,RB2501,3995.95,3995.95,3971.05,3974.11,16336,323
1760876420000,HC2501,2306.85,2311.83,2281.49,2283.62,16609,323
1760876425000,RB2501,3974.6,3990.17,3967,3990.17,17184,323
1760876425000,HC2501,2283.89,2287.28,2269.74,2278.75,16195,323
1760876430000,RB2501,3990.76,3994.39,3981.05,3983.39,16027,322
1760876430000,HC2501,2278.46,2278.84,2263.46,2263.46,15847,322
1760876435000,RB2501,3984.22,3993.52,3974.93,3974.93,16379,322
1760876435000,HC2501,2263.61,2273.86,2257.55,2273.27,16471,322
1760876440000,RB2501,3975.52,3978.51,3964.45,3968.79,16035,323
1760876440000,HC2501,2272.53,2287.62,2271.79,2287.62,17244,323
1760876445000,RB2501,3969.54,3976.22,3963.28,3970.86,16258,322
1760876445000,HC2501,2288.03,2290.57,2278.11,2285.67,17290,322
1760876450000,RB2501,3970.9,3971.19,3961.77,3968.7,16793,323
1760876450000,HC2501,2286,2302.82,2280.63,2296.23,16841,323
1760876455000,RB2501,3969.67,3971.62,3958.88,3965.6,16314,321
1760876455000,HC2501,2296.52,2322.43,2292.12,2319.5,15978,321
1760876460000,RB2501,3965.19,3973.23,3958.75,3965.37,16911,323
1760876460000,HC2501,2319.57,2332.95,2312.07,2325.05,16711,323
1760876465000,RB2501,3966.13,3974.31,3959.86,3965.05,16102,322
1760876465000,HC2501,2324.09,2343.92,2323.97,2339.54,15368,322
1760876470000,RB2501,3965.77,3966.22,3954.07,3962.97,17200,323
1760876470000,HC2501,2340.39,2357.32,2340.39,2353.13,16503,323
1760876475000,RB2501,3962.03,3963.03,3947.2,3953.2,16059,322
1760876475000,HC2501,2352.72,2355.7,2340.15,2347.64,16617,322
1760876480000,RB2501,3953.97,3956.85,3943.76,3943.76,16546,323
1760876480000,HC2501,2347.08,2349.74,2341.33,2343.14,16258,323
1760876485000,RB2501,3944.42,3948.98,3936.63,3936.66,16792,322
1760876485000,HC2501,2342.7,2350.62,2334.58,2336.82,16410,322
1760876490000,RB2501,3936.99,3945.42,3936.58,3940.22,17016,323
1760876490000,HC2501,2337.5,2345.41,2332.29,2343.88,16889,323
1760876495000,RB2501,3939.32,3950.58,3936.71,3944.99,16762,321
1760876495000,HC2501,2344.84,2357.1,2341.87,2353.54,16014,321
1760876500000,RB2501,3945.17,3948.72,3936.32,3938.83,16054,323
1760876500000,HC2501,2353.53,2362.21,2343.03,2362.21,16305,323
1760876505000,RB2501,3939.14,3953.02,3934.62,3947.84,17000,324
1760876505000,HC2501,2361.88,2377.21,2359.14,2373.76,17174,324
1760876510000,RB2501,3946.95,3959.47,3939.83,3958.22,16773,323
1760876510000,HC2501,2373.55,2377.88,2364.33,2367.54,16351,323
1760876515000,RB2501,3958.95,3960.51,3946.11,3958.95,16405,322
1760876515000,HC2501,2368.14,2371.25,2350.23,2353.56,16654,322
1760876520000,RB2501,3959.36,3964.97,3953.15,3956.75,16383,323
1760876520000,HC2501,2353.18,2373.05,2351.07,2372.98,16602,323
1760876525000,RB2501,3956.2,3971.96,3951.27,3970.97,16186,322
1760876525000,HC2501,2373.39,2375.78,2350.99,2363.36,15687,322
1760876530000,RB2501,3971.6,3973.72,3958.21,3962.55,16439,322
1760876530000,HC2501,2364.2,2366.89,2355.89,2362.91,16161,322
1760876535000,RB2501,3962.24,3969.56,3953.6,3957.15,15800,322
1760876535000,HC2501,2362.35,2365.42,2356.02,2360.98,15909,322
1760876540000,RB2501,3957.02,3971.16,3954.41,3967.96,16108,323
1760876540000,HC2501,2361.56,2375.71,2355.94,2368.12,16898,323
1760876545000,RB2501,3967.75,3978.93,3966.06,3970.39,16458,322
1760876545000,HC2501,2368.7,2374.43,2355.47,2357.42,16491,322
1760876550000,RB2501,3969.58,3979.52,3961.77,3961.77,16231,323
1760876550000,HC2501,2358.27,2375.31,2358.27,2365.94,16746,323
1760876555000,RB2501,3962.54,3973.34,3955.73,3969.59,15916,322
1760876555000,HC2501,2366.66,2367.6,2334.06,2334.75,16840,322
1760876560000,RB2501,3970.32,3971.54,3947.93,3949.13,16438,322
1760876560000,HC2501,2334.5,2346.52,2333.45,2337.77,16690,322
1760876565000,RB2501,3948.22,3952.01,3941.83,3946.35,16577,323
1760876565000,HC2501,2337.05,2340.62,2324.64,2328.18,16037,323
1760876570000,RB2501,3945.41,3956.7,3942.53,3950.85,16438,322
1760876570000,HC2501,2328.39,2340.8,2324.99,2340.22,16396,322
1760876575000,RB2501,3951.6,3956.46,3938.02,3940.38,16266,324
1760876575000,HC2501,2341.1,2345.59,2328.1,2333.8,16577,324
1760876580000,RB2501,3940.82,3941.55,3928.49,3939.2,16840,322
1760876580000,HC2501,2334.05,2338.45,2327.11,2333.96,17086,322
1760876585000,RB2501,3939.96,3958.48,3936.2,3956.98,16890,322
1760876585000,HC2501,2334.76,2346.82,2328.06,2331.03,15719,322
1760876590000,RB2501,3956.57,3966.33,3946.37,3950.81,16535,323
1760876590000,HC2501,2330.68,2340.43,2318.46,2321.25,16962,323
1760876595000,RB2501,3950.37,3958.4,3948.12,3955.28,16462,322
1760876595000,HC2501,2320.34,2333.41,2319.58,2323.66,16549,322
1760876600000,RB2501,3955.59,3968.84,3954.08,3964.31,16590,323
1760876600000,HC2501,2324.14,2331.12,2322.75,2328.6,17300,323
1760876605000,RB2501,3965.01,3965.98,3956.04,3960.43,16384,322
1760876605000,HC2501,2328.59,2331.01,2319.03,2324.46,16310,322
1760876610000,RB2501,3960.04,3963.54,3941.54,3945.01,16057,323
1760876610000,HC2501,2323.67,2326.44,2310.7,2322.87,16547,323
1760876615000,RB2501,3945.65,3970.79,3944.87,3970.26,16361,322
1760876615000,HC2501,2323.77,2341.21,2319.21,2333.72,16214,322
1760876620000,RB2501,3970.9,3976.28,3966.28,3973.02,15915,323
1760876620000,HC2501,2333.41,2345.14,2332.14,2337.77,16491,323
1760876625000,RB2501,3972.29,3976.7,3961.12,3973.19,16457,323
1760876625000,HC2501,2338.58,2341.08,2331.19,2336.23,17369,323
1760876630000,RB2501,3973.3,3981.09,3965.16,3979.55,16370,322
1760876630000,HC2501,2335.58,2350.07,2335.3,2348.04,16712,322
1760876635000,RB2501,3980.26,3997.26,3974.96,3994.8,16402,323
1760876635000,HC2501,2348.2,2360.62,2346.55,2358.4,16471,323
1760876640000,RB2501,3995.26,4002.71,3988.86,3996.59,16361,323
1760876640000,HC2501,2358.86,2361.98,2348.81,2351.94,15616,323
1760876645000,RB2501,3996.16,4000.05,3986.46,3997.88,16515,322
1760876645000,HC2501,2351.64,2364.93,2344.41,2359.93,16423,322
1760876650000,RB2501,3996.99,4000.82,3980.08,3983.47,16699,323
1760876650000,HC2501,2360.84,2374.07,2359.75,2372.69,15832,323
1760876655000,RB2501,3984.11,3986.99,3973.27,3984.9,17098,323
1760876655000,HC2501,2373.01,2379.04,2366.98,2372.06,16019,323
1760876660000,RB2501,3985.14,3988.9,3975.28,3975.91,16552,322
1760876660000,HC2501,2371.44,2375.7,2364.27,2372,16710,322
1760876665000,RB2501,3975.28,3994.88,3971.85,3994.51,17569,322
1760876665000,HC2501,2372.65,2383.22,2371.34,2380.47,16278,322
1760876670000,RB2501,3994.11,3998.92,3988.61,3994.48,16727,322
1760876670000,HC2501,2380.92,2386.4,2373.14,2374.64,15720,322
1760876675000,RB2501,3994.46,4000.15,3990.35,3990.58,16555,324
1760876675000,HC2501,2375.05,2379.26,2363.12,2367.46,16173,324
1760876680000,RB2501,3990.45,4007.32,3989.68,4002.8,16407,322
1760876680000,HC2501,2368.34,2374.51,2361.55,2374.23,16624,322
1760876685000,RB2501,4002.43,4009.77,3994.1,4005.78,16101,322
1760876685000,HC2501,2373.93,2374.07,2352.58,2354.43,16262,322
1760876690000,RB2501,4004.93,4019.82,4004.93,4011.53,16847,323
1760876690000,HC2501,2354.45,2355.3,2333.9,2333.9,16270,323
1760876695000,RB2501,4011.11,4012.41,4003.6,4007.74,16416,323
1760876695000,HC2501,2334.38,2348.39,2334.38,2342.94,16496,323
1760876700000,RB2501,4007.33,4015.47,4001.44,4002.04,15895,322
1760876700000,HC2501,2342.44,2360.93,2340.43,2358.06,16617,322
1760876705000,RB2501,4001.4,4007.15,3985.86,3996.41,16272,322
1760876705000,HC2501,2357.93,2365.5,2352.46,2352.84,15806,322
1760876710000,RB2501,3996.65,3999.87,3979.77,3980.05,16890,322
1760876710000,HC2501,2353.15,2354.69,2343.07,2351.29,15650,322
1760876715000,RB2501,3979.97,3980.98,3969.48,3973.53,15987,322
1760876715000,HC2501,2352.16,2353.63,2335.8,2339.82,16372,322
1760876720000,RB2501,3973.75,3980.29,3968.11,3975.32,16404,323
1760876720000,HC2501,2340.49,2343.52,2329.72,2335.57,16308,323
1760876725000,RB2501,3974.51,3975.73,3957.51,3962.61,16240,322
1760876725000,HC2501,2336.36,2349.97,2331.77,2347.88,16931,322
1760876730000,RB2501,3963.45,3973.06,3958.39,3962.82,15446,322
1760876730000,HC2501,2348.04,2358.41,2341.72,2347.02,16566,322
1760876735000,RB2501,3962.03,3964.57,3947.37,3956.24,16771,322
1760876735000,HC2501,2346.85,2350.28,2336.4,2341.13,16679,322
1760876740000,RB2501,3957.06,3959.23,3950.72,3954.18,17274,323
1760876740000,HC2501,2341.87,2353.86,2340.6,2349.08,16831,323
1760876745000,RB2501,3953.56,3962.81,3952.2,3954.75,16564,322
1760876745000,HC2501,2348.11,2357.84,2345.9,2350.16,16617,322
1760876750000,RB2501,3953.94,3967.05,3953.01,3963.19,17011,323
1760876750000,HC2501,2349.46,2350.41,2340.77,2343.94,16846,323
1760876755000,RB2501,3962.68,3963.62,3935.78,3936.66,16322,323
1760876755000,HC2501,2343.23,2352.87,2336.55,2343.42,17084,323
1760876760000,RB2501,3936.79,3958.42,3936.79,3954.86,16500,323
1760876760000,HC2501,2342.72,2345.69,2331.56,2331.81,16196,323
1760876765000,RB2501,3955.73,3955.73,3942.1,3945.91,16611,322
1760876765000,HC2501,2332.58,2346.2,2328.57,2329.47,16237,322
1760876770000,RB2501,3945.18,3953.06,3941.71,3944.72,16413,322
1760876770000,HC2501,2329.97,2340.89,2327.75,2335.28,16007,322
1760876775000,RB2501,3945.58,3948.56,3936.94,3942.45,15806,323
1760876775000,HC2501,2334.97,2342.93,2334.39,2339.76,16187,323
1760876780000,RB2501,3942.72,3951.54,3924.11,3928.61,16599,323
1760876780000,HC2501,2340.27,2344.57,2334.82,2343.95,16377,323
1760876785000,RB2501,3928.59,3937.78,3906.29,3906.29,16061,323
1760876785000,HC2501,2343.85,2343.9,2333.56,2337.68,16147,323
1760876790000,RB2501,3906.37,3909.37,3898.06,3898.18,16837,323
1760876790000,HC2501,2337,2338.19,2314.72,2315.4,16452,323
1760876795000,RB2501,3898.83,3904.61,3890.09,3902.57,16474,323
1760876795000,HC2501,2316.32,2317.04,2291.53,2291.53,16496,323
1760876800000,RB2501,3902.34,3909.09,3883.89,3887.21,17120,323
1760876800000,HC2501,2291.28,2296.21,2276.98,2294.95,16234,323
1760876805000,RB2501,3886.45,3893.71,3884.87,3891.79,16666,322
1760876805000,HC2501,2295.42,2302.92,2293.35,2297.11,16205,322
1760876810000,RB2501,3891.07,3894.23,3882.7,3892.44,16374,322
1760876810000,HC2501,2296.61,2298.07,2282.17,2293.66,16289,322
1760876815000,RB2501,3892.74,3892.74,3876.81,3881.07,16465,322
1760876815000,HC2501,2293.27,2302.51,2290.72,2301.78,15954,322
1760876820000,RB2501,3880.57,3889.09,3875.91,3883.8,16367,323
1760876820000,HC2501,2301.46,2313.69,2298.68,2309.5,16820,323
1760876825000,RB2501,3884.34,3891.09,3868.47,3879.29,16696,323
1760876825000,HC2501,2308.58,2315.21,2295.16,2301.83,16257,323
1760876830000,RB2501,3879.39,3882.57,3873.43,3877.19,16039,323
1760876830000,HC2501,2301.94,2315.84,2299.05,2313.24,16556,323
1760876835000,RB2501,3877.67,3887.2,3873.75,3878.71,16660,322
1760876835000,HC2501,2313.88,2315.18,2295.12,2301.49,15869,322
1760876840000,RB2501,3877.81,3885.1,3859.05,3864.84,16315,322
1760876840000,HC2501,2302.4,2324.55,2301.57,2322.21,16764,322
1760876845000,RB2501,3865.72,3870.86,3858.66,3866.57,17100,322
1760876845000,HC2501,2322.88,2333.25,2322.09,2332.03,16155,322
1760876850000,RB2501,3865.93,3866.12,3846.85,3855.79,16202,323
1760876850000,HC2501,2331.27,2332.22,2319.64,2331.43,16654,323
1760876855000,RB2501,3856.19,3862.55,3842.95,3843.06,16326,322
1760876855000,HC2501,2332.15,2332.15,2312.07,2318.07,16063,322
1760876860000,RB2501,3843.67,3843.67,3829.86,3834.7,16356,322
1760876860000,HC2501,2317.36,2335.44,2313.67,2316.65,16575,322
1760876865000,RB2501,3834.57,3857.87,3830.06,3854.26,16599,323
1760876865000,HC2501,2317.39,2330.59,2313.76,2330.58,16491,323
1760876870000,RB2501,3853.58,3855.61,3843.21,3851.64,16316,322
1760876870000,HC2501,2330.57,2354.8,2328.9,2346.32,16461,322
1760876875000,RB2501,3850.87,3860,3850.87,3854.5,16383,323
1760876875000,HC2501,2345.4,2358.71,2340.74,2356.46,17264,323
1760876880000,RB2501,3853.94,3857.98,3845.49,3854.89,16511,322
1760876880000,HC2501,2355.57,2359.12,2347.23,2353.84,17386,322
1760876885000,RB2501,3854.67,3857.31,3845.13,3855.39,16572,322
1760876885000,HC2501,2354.81,2360.62,2351,2358.26,16013,322
1760876890000,RB2501,3855.6,3862.53,3849.21,3854.65,16682,323
1760876890000,HC2501,2358.67,2369.2,2357.67,2363.14,16388,323
1760876895000,RB2501,3854.63,3860.22,3850.31,3854.28,16160,323
1760876895000,HC2501,2362.14,2362.16,2340.86,2349.2,15789,323
1760876900000,RB2501,3853.63,3855.48,3843.73,3845.16,16501,322
1760876900000,HC2501,2349.49,2352.49,2344.26,2351.45,16364,322
1760876905000,RB2501,3844.3,3856.86,3838.15,3855.02,16167,322
1760876905000,HC2501,2350.52,2360.34,2348.23,2354.13,16771,322
1760876910000,RB2501,3854.82,3860.83,3842.64,3850.1,16289,323
1760876910000,HC2501,2354.8,2368.67,2354.8,2365.86,16484,323
1760876915000,RB2501,3849.24,3855.82,3844.03,3851.02,16035,322
1760876915000,HC2501,2366.04,2370.81,2359.7,2368.93,16700,322
1760876920000,RB2501,3850.6,3852.43,3831.86,3834.41,16087,323
1760876920000,HC2501,2369,2373.62,2362.07,2364.24,16481,323
1760876925000,RB2501,3833.48,3851.45,3832.55,3847.41,16395,322
1760876925000,HC2501,2363.44,2383.61,2362.51,2378.46,16486,322
1760876930000,RB2501,3846.82,3850.83,3822.27,3822.86,16131,323
1760876930000,HC2501,2378.51,2383.04,2365.93,2378.5,16618,323
1760876935000,RB2501,3823.4,3826.09,3810.9,3811.56,15769,322
1760876935000,HC2501,2378.16,2378.25,2365.89,2369.66,16407,322
1760876940000,RB2501,3812.41,3812.92,3795.6,3796.77,17176,323
1760876940000,HC2501,2370.39,2381.63,2365.56,2380.21,15836,323
1760876945000,RB2501,3797.23,3807.48,3795.14,3804.37,16587,322
1760876945000,HC2501,2380.05,2399.9,2380.04,2394.35,16403,322
1760876950000,RB2501,3804.42,3815.18,3802,3803.27,16722,322
1760876950000,HC2501,2394.89,2398.91,2375.73,2378.1,16322,322
1760876955000,RB2501,3804.12,3804.12,3784.68,3795.41,17093,322
1760876955000,HC2501,2378.63,2390.61,2377.32,2383.32,16756,322
1760876960000,RB2501,3795.24,3796.12,3764.92,3765.29,16916,323
1760876960000,HC2501,2382.96,2393.03,2377.62,2388.87,16748,323
1760876965000,RB2501,3765.7,3772.57,3763.37,3771.21,16569,323
1760876965000,HC2501,2388.54,2401.55,2381.19,2398.03,16558,323
1760876970000,RB2501,3771.77,3787.27,3770.47,3787.12,15976,322
1760876970000,HC2501,2398.55,2407.46,2393.78,2406.39,16496,322
1760876975000,RB2501,3787.42,3797.74,3785.26,3789.43,16578,322
1760876975000,HC2501,2406.08,2421.54,2404.39,2417.13,15982,322
1760876980000,RB2501,3790.33,3802.53,3788.91,3794.59,17183,322
1760876980000,HC2501,2416.48,2416.71,2401.28,2403.44,17020,322
1760876985000,RB2501,3794.53,3798.15,3775.83,3789.49,15933,323
1760876985000,HC2501,2404.03,2408.68,2391.4,2401.64,16498,323
1760876990000,RB2501,3789.33,3792.9,3778.73,3788.59,16318,322
1760876990000,HC2501,2400.79,2413.27,2398.49,2398.63,16511,322
1760876995000,RB2501,3788.33,3789.02,3768.58,3771.39,16663,323
1760876995000,HC2501,2398.55,2414.62,2396.87,2410.96,16861,323
1760877000000,RB2501,3771.47,3780.06,3765.62,3766.71,16786,322
1760877000000,HC2501,2410.79,2420.68,2403.64,2413.7,17015,322
1760877005000,RB2501,3767.1,3770.19,3756.56,3762.36,15964,322
1760877005000,HC2501,2413.15,2423.09,2409.9,2412.59,16976,322
1760877010000,RB2501,3763.1,3769.07,3758.96,3766.63,16878,323
1760877010000,HC2501,2413.35,2416.25,2400.43,2413.3,16400,323
1760877015000,RB2501,3766.89,3775.57,3764.79,3764.79,15702,322
1760877015000,HC2501,2413.16,2422.14,2407.45,2410.59,16137,322
1760877020000,RB2501,3765.43,3772.92,3757.63,3760.49,16270,322
1760877020000,HC2501,2409.87,2411.95,2399.09,2406,16177,322
1760877025000,RB2501,3760.23,3780.75,3759.19,3780.75,16344,323
1760877025000,HC2501,2405.15,2405.42,2385.42,2387.27,16130,323
1760877030000,RB2501,3780.6,3780.97,3758.34,3758.34,16623,322
1760877030000,HC2501,2386.52,2407.21,2384.96,2400.41,16252,322
1760877035000,RB2501,3757.97,3764.95,3753.07,3758.77,17035,323
1760877035000,HC2501,2400.03,2400.03,2375.43,2382.98,16329,323
1760877040000,RB2501,3758.55,3762.09,3748.75,3749.55,16745,322
1760877040000,HC2501,2383.02,2397.31,2374.4,2395,16139,322
1760877045000,RB2501,3749.05,3771.81,3747.39,3771.21,16582,323
1760877045000,HC2501,2394.86,2400.78,2385.52,2400.32,16661,323
1760877050000,RB2501,3770.58,3772.03,3757.2,3757.2,16972,322
1760877050000,HC2501,2399.66,2402.32,2395.03,2396.56,16226,322
1760877055000,RB2501,3757.49,3762.3,3753.57,3755.89,16614,323
1760877055000,HC2501,2397.48,2399.54,2386.35,2395.54,15758,323
1760877060000,RB2501,3755.17,3763.42,3753.92,3756.88,16648,322
1760877060000,HC2501,2395.03,2400.82,2384.38,2385.56,17046,322
1760877065000,RB2501,3757.87,3768.58,3750.84,3763.48,15568,322
1760877065000,HC2501,2385.99,2401.3,2382.67,2396.06,16150,322
1760877070000,RB2501,3763.4,3767.25,3756.55,3759.09,16596,323
1760877070000,HC2501,2395.33,2395.94,2378.31,2391.01,17063,323
1760877075000,RB2501,3758.49,3766.47,3749.98,3756.29,16684,323
1760877075000,HC2501,2391.49,2396.52,2383.12,2383.71,16542,323
1760877080000,RB2501,3756.5,3756.89,3737.23,3738.38,16445,322
1760877080000,HC2501,2384.17,2384.2,2372.55,2383.94,16375,322
1760877085000,RB2501,3737.98,3743.51,3731.88,3739.55,15837,323
1760877085000,HC2501,2383.12,2384.45,2367.23,2374.39,15640,323
1760877090000,RB2501,3739.07,3743.52,3731.34,3740.79,16310,322
1760877090000,HC2501,2373.82,2392.15,2372.35,2385.75,16710,322
1760877095000,RB2501,3741.64,3742.38,3726.98,3728.27,16533,322
1760877095000,HC2501,2385.01,2390,2380.96,2385.76,16296,322
1760877100000,RB2501,3728.69,3742.69,3727.24,3737.73,16025,322
1760877100000,HC2501,2384.85,2386.43,2373.4,2375.63,16403,322
1760877105000,RB2501,3738.26,3758.29,3737.25,3744.13,15783,323
1760877105000,HC2501,2375.11,2380.5,2370.59,2370.64,16364,323
1760877110000,RB2501,3745.11,3749.85,3741.15,3744.82,16909,322
1760877110000,HC2501,2370.1,2374.85,2363.97,2371.21,16099,322
1760877115000,RB2501,3744.27,3758.39,3740.36,3756.83,16086,323
1760877115000,HC2501,2371.17,2380.38,2359.91,2362.09,16658,323
1760877120000,RB2501,3756.9,3761.41,3749.58,3761.06,17255,322
1760877120000,HC2501,2362.92,2362.92,2345.5,2348.58,17059,322
1760877125000,RB2501,3761.4,3787.6,3760.82,3783.24,16139,323
1760877125000,HC2501,2348.88,2350.52,2338.91,2345.89,16004,323
1760877130000,RB2501,3782.88,3794.56,3777.7,3782.5,15642,322
1760877130000,HC2501,2345.37,2349.87,2339.41,2343.18,16558,322
1760877135000,RB2501,3781.69,3797.11,3771.13,3793.93,16385,322
1760877135000,HC2501,2343.55,2345.2,2332.58,2338.05,16136,322
1760877140000,RB2501,3794.41,3802.76,3792.7,3798.51,16114,324
1760877140000,HC2501,2337.4,2345.04,2328.44,2342.41,16165,324
1760877145000,RB2501,3797.53,3806.47,3790.81,3798.9,16673,322
1760877145000,HC2501,2341.75,2347.02,2337.29,2343.2,16572,322
1760877150000,RB2501,3798.34,3817.95,3798.34,3814.2,16591,323
1760877150000,HC2501,2342.83,2343.4,2325.25,2332.74,16161,323
1760877155000,RB2501,3813.58,3827.34,3810.1,3824.1,16467,322
1760877155000,HC2501,2333.36,2347.53,2331.38,2341.81,16203,322
1760877160000,RB2501,3823.19,3836.38,3818.68,3830.08,16536,323
1760877160000,HC2501,2341.8,2345.94,2333.73,2340.57,16774,323
1760877165000,RB2501,3830.22,3844.21,3829.32,3834.37,16741,323
1760877165000,HC2501,2340.8,2349.05,2335.7,2347.96,16299,323
1760877170000,RB2501,3834.97,3838.68,3820.06,3829.08,16590,322
1760877170000,HC2501,2347.83,2360.89,2345.93,2359.58,16207,322
1760877175000,RB2501,3829.56,3842.44,3829.2,3842.44,16619,322
1760877175000,HC2501,2359.1,2382.28,2354.13,2375.86,16258,322
1760877180000,RB2501,3843.2,3847,3826.01,3827.43,16063,322
1760877180000,HC2501,2375.5,2381.37,2374.33,2378.64,16367,322
1760877185000,RB2501,3828.01,3832.25,3816.36,3816.72,16530,323
1760877185000,HC2501,2378.23,2389.31,2369.16,2369.81,16673,323
1760877190000,RB2501,3816.77,3831.54,3816.77,3818.39,16751,321
1760877190000,HC2501,2369.08,2375.59,2367.41,2371.48,16482,321
1760877195000,RB2501,3818.72,3823.8,3815.07,3819.74,16985,323
1760877195000,HC2501,2372.31,2378.82,2369.46,2378.08,16579,323
1760877200000,RB2501,3819.87,3826.38,3803.27,3810.49,16261,322
1760877200000,HC2501,2378.11,2386.01,2374.67,2377.23,17151,322
1760877205000,RB2501,3809.57,3821.64,3807.29,3817.52,16672,323
1760877205000,HC2501,2378.12,2394.02,2378.12,2392.23,16418,323
1760877210000,RB2501,3818.22,3820.93,3811.69,3814.53,16721,322
1760877210000,HC2501,2392.82,2392.82,2373.65,2373.78,16819,322
1760877215000,RB2501,3814.64,3827.36,3811.23,3816.02,16201,322
1760877215000,HC2501,2373.33,2378.73,2358.65,2364.4,16743,322
1760877220000,RB2501,3815.15,3832.13,3814.54,3824.96,16325,323
1760877220000,HC2501,2363.68,2363.84,2353.04,2359.14,16529,323
1760877225000,RB2501,3824.29,3829.61,3816.42,3827.95,16093,322
1760877225000,HC2501,2358.73,2364.76,2343.44,2347.32,16033,322
1760877230000,RB2501,3827.7,3834.61,3821.97,3826.99,17152,322
1760877230000,HC2501,2346.55,2348.06,2334.88,2337.12,16505,322
1760877235000,RB2501,3826.87,3838.5,3826.09,3835.94,16767,323
1760877235000,HC2501,2337,2341.42,2329.46,2337.96,16028,323
1760877240000,RB2501,3835.31,3845.43,3830.95,3830.95,16392,323
1760877240000,HC2501,2337.59,2343.08,2333.02,2338,16370,323
1760877245000,RB2501,3831.9,3840.38,3827.97,3832.27,15910,321
1760877245000,HC2501,2337.08,2343.91,2324.84,2328.93,16122,321
1760877250000,RB2501,3831.37,3833.18,3815.41,3828.59,16484,323
1760877250000,HC2501,2329.42,2329.42,2307.71,2307.97,15999,323
1760877255000,RB2501,3828.68,3838.99,3827.85,3836.07,16339,323
1760877255000,HC2501,2308.04,2309.02,2293.73,2299.51,16674,323
1760877260000,RB2501,3835.95,3841.22,3827.48,3828.54,16588,322
1760877260000,HC2501,2300.22,2308.3,2297,2303.44,17134,322
1760877265000,RB2501,3829.31,3841.23,3827.8,3838.32,16473,323
1760877265000,HC2501,2304.24,2308.37,2290.63,2293.02,16221,323
1760877270000,RB2501,3837.35,3843.32,3830.37,3841.37,16333,323
1760877270000,HC2501,2293.4,2313.15,2287.81,2310.43,16789,323
1760877275000,RB2501,3841.78,3847.16,3823.76,3823.76,15946,322
1760877275000,HC2501,2309.47,2322.58,2305.82,2320.4,16922,322
1760877280000,RB2501,3823.5,3832,3818.13,3829.05,15819,322
1760877280000,HC2501,2320.81,2334.99,2318.08,2323.96,16515,322
1760877285000,RB2501,3829.83,3831.84,3818.83,3824.41,16159,323
1760877285000,HC2501,2323.01,2328.49,2318.98,2326.3,17195,323
1760877290000,RB2501,3824.9,3828.12,3810.25,3816.38,16265,322
1760877290000,HC2501,2327.13,2350.11,2327.13,2342.76,16289,322
1760877295000,RB2501,3815.77,3816.18,3792.62,3793.6,16587,323
1760877295000,HC2501,2342.82,2342.82,2328.6,2329.4,16764,323
1760877300000,RB2501,3793.72,3814.32,3792.23,3813.4,16700,322
1760877300000,HC2501,2329.24,2339.36,2323.71,2329.88,16763,322
1760877305000,RB2501,3813.55,3826.41,3813.15,3825.65,16650,322
1760877305000,HC2501,2329.6,2333.75,2320.48,2322.44,16522,322
1760877310000,RB2501,3826.19,3833.24,3818.31,3818.31,16657,324
1760877310000,HC2501,2323.15,2336.82,2320.53,2336.82,16171,324
1760877315000,RB2501,3817.41,3827.23,3815.87,3818.89,16576,322
1760877315000,HC2501,2336.04,2354.65,2335.02,2346.91,16429,322
1760877320000,RB2501,3819.57,3825.71,3812.91,3825.3,16165,322
1760877320000,HC2501,2346.87,2361.33,2345.53,2354.29,16890,322
1760877325000,RB2501,3825.4,3842.43,3825.3,3842.43,16109,322
1760877325000,HC2501,2353.36,2360.15,2349.19,2356.95,16259,322
1760877330000,RB2501,3841.85,3845.95,3831.14,3843.37,16444,323
1760877330000,HC2501,2357,2361.76,2349.04,2358.26,16649,323
1760877335000,RB2501,3842.42,3853.75,3838.48,3852.91,16135,322
1760877335000,HC2501,2359.07,2372.92,2354.81,2364.69,16511,322
1760877340000,RB2501,3852.05,3861.86,3842.28,3857.67,16631,322
1760877340000,HC2501,2363.87,2368.85,2359.63,2359.63,17118,322
1760877345000,RB2501,3857.48,3868.04,3850.93,3864.38,16286,323
1760877345000,HC2501,2359.81,2379.52,2358.88,2377.38,16110,323
1760877350000,RB2501,3863.71,3863.71,3847.72,3848.49,16784,322
1760877350000,HC2501,2377.42,2387.27,2364.1,2366.29,16229,322
1760877355000,RB2501,3849.08,3859.85,3843.41,3854.1,16303,324
1760877355000,HC2501,2366.45,2371.86,2354.26,2365.92,16655,324
1760877360000,RB2501,3853.54,3855.83,3838.91,3848.03,16159,322
1760877360000,HC2501,2366.38,2383.13,2365.82,2382.51,16262,322
1760877365000,RB2501,3847.76,3847.76,3821.11,3824.86,16253,322
1760877365000,HC2501,2382.8,2388.3,2371.36,2372.09,16495,322
1760877370000,RB2501,3824.6,3834.46,3816.32,3831.54,16081,322
1760877370000,HC2501,2371.35,2382.74,2370.1,2374.71,16645,322
1760877375000,RB2501,3830.75,3840.14,3826.91,3838.57,16481,322
1760877375000,HC2501,2374.07,2378.19,2358.04,2361.43,16020,322
1760877380000,RB2501,3838.62,3854.46,3829.94,3851.38,16639,323
1760877380000,HC2501,2361.89,2368.28,2353.31,2363.45,15996,323
1760877385000,RB2501,3851.67,3855.19,3845.94,3846.66,16238,322
1760877385000,HC2501,2363.67,2375.31,2359.83,2370.58,16232,322
1760877390000,RB2501,3845.79,3866.26,3844.78,3865.51,16209,322
1760877390000,HC2501,2370.02,2372.17,2348.66,2348.66,16384,322
1760877395000,RB2501,3866.29,3879.86,3864.75,3871.14,16813,323
1760877395000,HC2501,2349.06,2356.36,2343.65,2355.55,16864,323
1760877400000,RB2501,3870.38,3886.66,3865.9,3885.01,16393,323
1760877400000,HC2501,2356.31,2363.73,2347.64,2349.46,16209,323
1760877405000,RB2501,3885.25,3893.09,3879.17,3888.42,15702,322
1760877405000,HC2501,2348.52,2354.6,2339.21,2345.94,16295,322
1760877410000,RB2501,3887.78,3905.93,3887.78,3896.48,16923,322
1760877410000,HC2501,2346.45,2353.71,2340.82,2341.09,16039,322
1760877415000,RB2501,3895.54,3903.4,3893.9,3899.94,17248,323
1760877415000,HC2501,2340.71,2345.75,2331.83,2345.75,16934,323
1760877420000,RB2501,3900.24,3919.79,3899.12,3919.04,16154,323
1760877420000,HC2501,2345.92,2348.42,2336.52,2341.75,16094,323
1760877425000,RB2501,3919.79,3923.02,3913.08,3917.25,16325,322
1760877425000,HC2501,2341.83,2343.88,2329.8,2330.38,16415,322
1760877430000,RB2501,3917.27,3917.27,3901.43,3910.1,16672,323
1760877430000,HC2501,2329.4,2338.41,2323.71,2328.28,15757,323
1760877435000,RB2501,3909.45,3915.89,3900.92,3912.31,16344,322
1760877435000,HC2501,2328.79,2343.55,2327.12,2332.14,15978,322
1760877440000,RB2501,3911.47,3913.32,3900.91,3904.14,16144,322
1760877440000,HC2501,2331.24,2344.28,2329.11,2333,15988,322
1760877445000,RB2501,3903.74,3903.74,3891.39,3895.3,16782,323
1760877445000,HC2501,2333.72,2338.72,2326.42,2331.41,16151,323
1760877450000,RB2501,3895.15,3895.15,3884.97,3887.19,16238,322
1760877450000,HC2501,2332.32,2333.96,2317,2323.97,16411,322
1760877455000,RB2501,3887.9,3888.57,3879.52,3880.65,16691,322
1760877455000,HC2501,2323.79,2326.58,2313.08,2317.68,17445,322
1760877460000,RB2501,3879.78,3898.97,3877.67,3888.59,16679,323
1760877460000,HC2501,2317.17,2336.09,2316.47,2322.39,16415,323
1760877465000,RB2501,3888.38,3890.89,3873.75,3875.18,16315,323
1760877465000,HC2501,2322.32,2329.3,2318.22,2323.74,16809,323
1760877470000,RB2501,3875.98,3889.91,3875.4,3885.24,16412,323
1760877470000,HC2501,2324.34,2327.42,2316.73,2323.4,16849,323
1760877475000,RB2501,3885.77,3886,3870.09,3870.09,16926,323
1760877475000,HC2501,2323.15,2325.13,2313.17,2317.02,16826,323
1760877480000,RB2501,3869.28,3882.37,3861.54,3880.74,16132,323
1760877480000,HC2501,2317.81,2319.07,2299.54,2308.26,16374,323
1760877485000,RB2501,3881.69,3884.02,3854.88,3855.69,16065,322
1760877485000,HC2501,2308.92,2314.56,2293.89,2295.53,16350,322
1760877490000,RB2501,3856.41,3857.82,3844.02,3847.67,16371,322
1760877490000,HC2501,2295.85,2298.14,2290.26,2290.51,16810,322
1760877495000,RB2501,3847.8,3852.83,3838.88,3838.88,16512,323
1760877495000,HC2501,2290.88,2293.53,2280.31,2283.43,16508,323
1760877500000,RB2501,3839.46,3854.32,3838.03,3851.56,16361,322
1760877500000,HC2501,2282.46,2284.26,2272.19,2282.45,16691,322
1760877505000,RB2501,3851.81,3856.04,3845.29,3847.39,17211,322
1760877505000,HC2501,2281.88,2288.52,2271.76,2277.68,16821,322
1760877510000,RB2501,3848.24,3855.23,3836.23,3855.16,16230,322
1760877510000,HC2501,2276.94,2279.33,2260.83,2260.83,16369,322
1760877515000,RB2501,3854.41,3859.64,3846.07,3853.81,15919,323
1760877515000,HC2501,2261.45,2272.27,2257.69,2269.25,16466,323
1760877520000,RB2501,3854.41,3856.5,3827.22,3827.26,16363,322
1760877520000,HC2501,2269.91,2274.15,2263.05,2265.54,16904,322
1760877525000,RB2501,3827.88,3834.36,3816.29,3832.76,16539,323
1760877525000,HC2501,2266.01,2290.89,2265.89,2286.04,16696,323
1760877530000,RB2501,3833.48,3855.29,3832.08,3855.17,16460,322
1760877530000,HC2501,2287.04,2293.21,2278.13,2279.33,16477,322
1760877535000,RB2501,3854.51,3875.76,3854.51,3873.22,16936,322
1760877535000,HC2501,2279.5,2293.59,2277.95,2290.37,16187,322
1760877540000,RB2501,3873.86,3873.86,3859.23,3866.2,16387,323
1760877540000,HC2501,2291.12,2291.12,2278.88,2282.29,17034,323
1760877545000,RB2501,3866.01,3883.39,3864.88,3880.72,16467,322
1760877545000,HC2501,2282.4,2292.37,2276.36,2292.06,16775,322
1760877550000,RB2501,3880.74,3892.72,3876.35,3887.49,16570,322
1760877550000,HC2501,2292.98,2294.94,2280.39,2282.78,16111,322
1760877555000,RB2501,3887.33,3887.86,3868,3876.32,16545,323
1760877555000,HC2501,2282.06,2286.03,2266.11,2272.75,16545,323
1760877560000,RB2501,3875.35,3887.62,3874.66,3883.9,16124,323
1760877560000,HC2501,2273.31,2284.36,2270.47,2273.54,16631,323
1760877565000,RB2501,3883.46,3891.15,3876.07,3887.46,16513,322
1760877565000,HC2501,2273.28,2273.85,2257.12,2261.18,16295,322
1760877570000,RB2501,3888.01,3893.31,3880.73,3881.7,16725,322
1760877570000,HC2501,2260.32,2292.22,2257.1,2290.32,16730,322
1760877575000,RB2501,3880.8,3892.32,3878.3,3885.17,16353,322
1760877575000,HC2501,2290.55,2294.8,2277.72,2285.84,16470,322
1760877580000,RB2501,3884.92,3893.4,3881.45,3891.09,16775,322
1760877580000,HC2501,2286.17,2289.85,2277.8,2287.89,16946,322
1760877585000,RB2501,3890.82,3899.2,3888.99,3896.91,16408,321
1760877585000,HC2501,2288.2,2295.03,2278.07,2284.26,16296,321
1760877590000,RB2501,3897.45,3908.62,3894.92,3899.4,16391,323
1760877590000,HC2501,2284.83,2306.61,2278.06,2302.61,16529,323
1760877595000,RB2501,3900.19,3903.38,3891.97,3897.18,16632,322
1760877595000,HC2501,2303.14,2311.26,2293.35,2307.86,16976,322
1760877600000,RB2501,3897.1,3905.12,3890.87,3891.33,16811,323
1760877600000,HC2501,2307.09,2318.67,2304.44,2310.83,16532,323
1760877605000,RB2501,3891.12,3904.28,3889.65,3896.79,16677,322
1760877605000,HC2501,2310.81,2315.38,2299.23,2302.98,15721,322
1760877610000,RB2501,3895.8,3898.27,3883.55,3891.76,16542,323
1760877610000,HC2501,2302.25,2309.22,2292.5,2300.22,16661,323
1760877615000,RB2501,3892.36,3899.09,3875.21,3880.96,15996,323
1760877615000,HC2501,2299.96,2301.95,2279.96,2280.25,16556,323
1760877620000,RB2501,3880.18,3892.41,3876.53,3885.38,16748,322
1760877620000,HC2501,2281.07,2282.12,2264.04,2264.04,15675,322
1760877625000,RB2501,3885.17,3888.16,3877.64,3883.9,16757,323
1760877625000,HC2501,2264.45,2267.87,2249.82,2252.59,16892,323
1760877630000,RB2501,3883.59,3890.73,3876.94,3886.29,16179,323
1760877630000,HC2501,2253.45,2265.52,2250.79,2251.66,16505,323
1760877635000,RB2501,3886.54,3894.48,3882.14,3887.37,17400,322
1760877635000,HC2501,2252.39,2265.77,2250.15,2260.39,16798,322
1760877640000,RB2501,3887.63,3892.66,3883.41,3886.33,16529,322
1760877640000,HC2501,2259.77,2263.86,2230.51,2231.07,15913,322
1760877645000,RB2501,3886.11,3893.53,3883.26,3888.31,16947,323
1760877645000,HC2501,2231.62,2232.19,2213.3,2214.31,16029,323
1760877650000,RB2501,3888.06,3897.84,3881.98,3883.69,16399,322
1760877650000,HC2501,2213.35,2218.18,2196.68,2197.26,15736,322
1760877655000,RB2501,3882.93,3896.45,3880.58,3895.5,16236,323
1760877655000,HC2501,2197.63,2199.05,2188.93,2192.32,16606,323
1760877660000,RB2501,3896.14,3906.12,3889.45,3901.59,16921,323
1760877660000,HC2501,2192.58,2200.15,2188.4,2190.25,16029,323
1760877665000,RB2501,3901.99,3913.73,3898.44,3899.15,16681,322
1760877665000,HC2501,2190.47,2203.48,2183.48,2193.32,16612,322
1760877670000,RB2501,3899.25,3918.16,3898.43,3912.59,16004,323
1760877670000,HC2501,2193.85,2226.74,2190.88,2226.47,15905,323
1760877675000,RB2501,3912.94,3922.31,3907.85,3918.12,17371,322
1760877675000,HC2501,2226.58,2245.46,2220.34,2240.31,16632,322
1760877680000,RB2501,3917.14,3919.05,3891.02,3898.93,17015,322
1760877680000,HC2501,2241.07,2246.27,2228.53,2246.27,16127,322
1760877685000,RB2501,3898.74,3923.33,3898.74,3923.33,15878,323
1760877685000,HC2501,2246.6,2267.74,2245.85,2267.39,16404,323
1760877690000,RB2501,3922.63,3922.8,3908.45,3913.47,16235,322
1760877690000,HC2501,2267.87,2290.84,2267.15,2281.16,16540,322
1760877695000,RB2501,3914.32,3918.59,3901.73,3912.48,16362,323
1760877695000,HC2501,2282.12,2285.62,2261.29,2261.36,15898,323
1760877700000,RB2501,3911.66,3919.1,3909.15,3919.1,16719,323
1760877700000,HC2501,2260.76,2269.24,2253.37,2255.25,16069,323
1760877705000,RB2501,3918.96,3919.84,3890.33,3891.09,16536,323
1760877705000,HC2501,2255.38,2266.79,2254.12,2257.01,16443,323
1760877710000,RB2501,3891.41,3891.83,3883.74,3886.84,16600,322
1760877710000,HC2501,2256.57,2266.65,2248.56,2251.76,16251,322
1760877715000,RB2501,3887.39,3887.39,3873.09,3873.48,16440,322
1760877715000,HC2501,2252.67,2252.92,2236.22,2238.55,16044,322
1760877720000,RB2501,3874.18,3875.55,3850.08,3852.2,16692,323
1760877720000,HC2501,2237.74,2241,2225.86,2230.09,17066,323
1760877725000,RB2501,3851.72,3860.38,3845.4,3858.37,16906,322
1760877725000,HC2501,2230.16,2238.7,2227.57,2234.77,16755,322
1760877730000,RB2501,3858.64,3874.95,3855.2,3874.75,16086,322
1760877730000,HC2501,2235.01,2235.01,2213.41,2217.09,17014,322
1760877735000,RB2501,3874.15,3880.39,3862.19,3874.45,16128,322
1760877735000,HC2501,2217.7,2220.32,2206.66,2209.87,16685,322
1760877740000,RB2501,3874.71,3881.91,3869.81,3870.33,16756,322
1760877740000,HC2501,2210.59,2210.78,2192.84,2203.35,16320,322
1760877745000,RB2501,3869.91,3869.91,3855.2,3857.97,16107,323
1760877745000,HC2501,2203.32,2210.12,2188.95,2190.88,16470,323
1760877750000,RB2501,3857.22,3863.56,3854.35,3862.08,16748,323
1760877750000,HC2501,2190.5,2195.71,2185.06,2192.48,16451,323
1760877755000,RB2501,3861.53,3868.41,3855.51,3866.06,16595,322
1760877755000,HC2501,2193.17,2197.78,2188.5,2191.58,15825,322
1760877760000,RB2501,3866.01,3869.04,3853.41,3861.09,16582,323
1760877760000,HC2501,2190.61,2195.21,2174.85,2179.49,16369,323
1760877765000,RB2501,3860.63,3873.31,3857.8,3862.37,16515,323
1760877765000,HC2501,2179.57,2182.09,2171.84,2177.64,16307,323
1760877770000,RB2501,3862.49,3869.55,3840.87,3844.16,16278,322
1760877770000,HC2501,2177.32,2183.75,2171.63,2178.19,16282,322
1760877775000,RB2501,3844.01,3854.7,3836.35,3851.63,16149,322
1760877775000,HC2501,2178.32,2188.02,2178.02,2182.12,16402,322
1760877780000,RB2501,3851.22,3855.44,3835.34,3835.6,16616,322
1760877780000,HC2501,2182.11,2196.51,2182.11,2193.62,16658,322
1760877785000,RB2501,3835.65,3840.1,3827.96,3832.48,16281,322
1760877785000,HC2501,2192.64,2204.9,2192.24,2204.11,16626,322
1760877790000,RB2501,3832,3832.96,3823.89,3829.27,16507,322
1760877790000,HC2501,2203.42,2210.67,2201.5,2207.74,16924,322
1760877795000,RB2501,3830.1,3837.8,3825.51,3825.56,16894,322
1760877795000,HC2501,2207.92,2222.57,2206.85,2216.73,16894,322
1760877800000,RB2501,3826.38,3827.27,3818.25,3824.43,16802,322
1760877800000,HC2501,2216.38,2225.54,2209.71,2213.01,16546,322
1760877805000,RB2501,3825.23,3834.68,3818.69,3827.59,15799,322
1760877805000,HC2501,2213.66,2222.33,2210.12,2214.89,16156,322
1760877810000,RB2501,3828.03,3840.4,3823.14,3837.16,16336,323
1760877810000,HC2501,2215.84,2232.69,2209.35,2219.88,16977,323
1760877815000,RB2501,3836.42,3837.95,3827.37,3836.24,16285,323
1760877815000,HC2501,2218.88,2229.39,2215.77,2215.77,16512,323
1760877820000,RB2501,3836.84,3837.85,3824.9,3835.86,15835,319
1760877820000,HC2501,2214.88,2221.02,2209.2,2218.63,16196,319
1760877825000,RB2501,3836.85,3838.07,3827.92,3835.1,16050,323
1760877825000,HC2501,2219.33,2224.09,2209.15,2216.23,15788,323
1760877830000,RB2501,3835.28,3852.41,3832.97,3850.75,16540,322
1760877830000,HC2501,2215.64,2219.65,2208.22,2216.48,16462,322
1760877835000,RB2501,3850.86,3864.02,3848.49,3863.3,15982,323
1760877835000,HC2501,2216.56,2223.33,2210.94,2212.82,16174,323
1760877840000,RB2501,3862.44,3871.63,3856.06,3859.96,15920,323
1760877840000,HC2501,2212.97,2226.67,2208.18,2214.25,16298,323
1760877845000,RB2501,3860.56,3866.75,3856.8,3865.05,16922,319
1760877845000,HC2501,2213.43,2216.29,2204.11,2205.26,16235,319
1760877850000,RB2501,3864.99,3878.08,3859.79,3875.99,16551,323
1760877850000,HC2501,2204.58,2220.93,2201.86,2218.82,15901,323
1760877855000,RB2501,3876.73,3881.71,3869.74,3874.78,16394,322
1760877855000,HC2501,2219.15,2222.71,2211.12,2211.34,16666,322
1760877860000,RB2501,3873.91,3882.13,3864.87,3879.23,16414,323
1760877860000,HC2501,2212.18,2241.75,2210.44,2239.59,16695,323
1760877865000,RB2501,3878.94,3884.69,3872.67,3876.94,16345,321
1760877865000,HC2501,2239.56,2239.57,2215.69,2225.27,16570,321
1760877870000,RB2501,3876.58,3883.11,3870.48,3879.34,16328,322
1760877870000,HC2501,2225.14,2230.67,2220.6,2226.92,16422,322
1760877875000,RB2501,3879.02,3883.83,3869.02,3871.18,16078,322
1760877875000,HC2501,2225.97,2231.76,2216.54,2217.95,16343,322
1760877880000,RB2501,3871.79,3876.88,3852.74,3853.76,16172,322
1760877880000,HC2501,2218.15,2220.97,2211.93,2211.93,16337,322
1760877885000,RB2501,3854.76,3862.75,3848.7,3859.21,16469,323
1760877885000,HC2501,2212.39,2216.39,2202.21,2203.92,16972,323
1760877890000,RB2501,3859.69,3866.1,3840.78,3843.69,15699,319
1760877890000,HC2501,2203.7,2212.83,2200.7,2211.87,16351,319
1760877895000,RB2501,3844.41,3844.41,3815.06,3817.92,15975,321
1760877895000,HC2501,2212.82,2215.25,2202.75,2204.16,16201,321
1760877900000,RB2501,3818.51,3821.96,3809.6,3814.94,16622,323
1760877900000,HC2501,2203.56,2210.2,2199.66,2208.03,16669,323
1760877905000,RB2501,3815.39,3819.24,3804.62,3809.64,16666,322
1760877905000,HC2501,2208.82,2210.16,2191.8,2199.67,16428,322
1760877910000,RB2501,3810.41,3826.02,3809.85,3810.11,16937,323
1760877910000,HC2501,2200.03,2219.18,2199.76,2219.18,16711,323
1760877915000,RB2501,3810.69,3813.28,3800.83,3811.31,16296,323
1760877915000,HC2501,2218.19,2221.16,2209.86,2215.72,16275,323
1760877920000,RB2501,3811.89,3823.48,3809.9,3820.29,16919,323
1760877920000,HC2501,2216.5,2222.92,2210.25,2210.73,15831,323
1760877925000,RB2501,3820.27,3824.1,3810.62,3817.13,15509,322
1760877925000,HC2501,2210.27,2224.03,2208.3,2209.92,16263,322
1760877930000,RB2501,3816.78,3851.53,3815.95,3850.47,16988,322
1760877930000,HC2501,2209.19,2219.32,2206.67,2211.39,16373,322
1760877935000,RB2501,3850,3872.49,3850,3871.79,16247,323
1760877935000,HC2501,2210.54,2216.02,2197.09,2209.1,16342,323
1760877940000,RB2501,3871.34,3887.81,3870.12,3883.36,16141,322
1760877940000,HC2501,2210.07,2216.03,2203.71,2208.77,16316,322
1760877945000,RB2501,3883.96,3891.94,3880.92,3888.82,15563,322
1760877945000,HC2501,2208.05,2210.93,2187.78,2191.86,16780,322
1760877950000,RB2501,3888.98,3903.3,3886.54,3892.45,16449,322
1760877950000,HC2501,2192.36,2205.05,2189.98,2200.61,16209,322
1760877955000,RB2501,3891.56,3899.78,3891.56,3894.32,16022,323
1760877955000,HC2501,2200.43,2205.06,2190.8,2197.64,16732,323
1760877960000,RB2501,3894.17,3901.08,3888.99,3894.56,16573,322
1760877960000,HC2501,2197.17,2199.65,2180.81,2189.89,16404,322
1760877965000,RB2501,3894.62,3900.52,3888.14,3891.98,15654,323
1760877965000,HC2501,2190.11,2197.92,2187.09,2191.8,16596,323
1760877970000,RB2501,3891.98,3912.9,3889.77,3912.24,16610,321
1760877970000,HC2501,2192.11,2192.49,2177.55,2178.53,16792,321
1760877975000,RB2501,3911.85,3916.95,3897.95,3898.88,16281,322
1760877975000,HC2501,2178.73,2184.85,2174.11,2180.38,16039,322
1760877980000,RB2501,3899.3,3903.12,3889.92,3893.84,16670,322
1760877980000,HC2501,2179.93,2181.5,2165.06,2167.98,16083,322
1760877985000,RB2501,3893.62,3895.91,3886.14,3890.99,16727,323
1760877985000,HC2501,2167.89,2167.89,2149.38,2150.02,16222,323
1760877990000,RB2501,3890.41,3903.92,3884.44,3900.84,16504,323
1760877990000,HC2501,2149.19,2158.38,2148.25,2151.4,16766,323
1760877995000,RB2501,3899.85,3901.45,3891.54,3894.11,15920,322
1760877995000,HC2501,2151.53,2162.06,2141.74,2145.32,16574,322
1760878000000,RB2501,3893.16,3895.87,3888.65,3891.27,16796,323
1760878000000,HC2501,2145.65,2147.75,2130.42,2133.3,16134,323
1760878005000,RB2501,3891.02,3894.33,3882.42,3888.98,16414,322
1760878005000,HC2501,2134.14,2135.46,2123.57,2128.71,16634,322
1760878010000,RB2501,3888.04,3902.87,3885.61,3891.25,17059,323
1760878010000,HC2501,2128.48,2144.14,2119.31,2141.85,16570,323
1760878015000,RB2501,3891.11,3909.9,3890.29,3905.74,16693,323
1760878015000,HC2501,2141.7,2164.39,2140.53,2156.36,16407,323
1760878020000,RB2501,3906.7,3910.17,3895.85,3895.85,16408,322
1760878020000,HC2501,2155.65,2171.18,2153.12,2165.37,16401,322
1760878025000,RB2501,3895.42,3900.83,3884.46,3884.46,16719,322
1760878025000,HC2501,2166.23,2175.84,2164.73,2167.21,16932,322
1760878030000,RB2501,3883.59,3895.88,3880.07,3888.49,16716,323
1760878030000,HC2501,2167.38,2167.61,2156.89,2161.26,16035,323
1760878035000,RB2501,3888.3,3889.45,3875.46,3877.09,16459,322
1760878035000,HC2501,2162.05,2165.13,2149.12,2154.63,15807,322
1760878040000,RB2501,3877,3886.49,3871.26,3883.34,16960,323
1760878040000,HC2501,2154.98,2185.29,2154.63,2182.84,17083,323
1760878045000,RB2501,3883.12,3897.89,3882.2,3897.89,16417,322
1760878045000,HC2501,2182.06,2195.22,2179.21,2192.63,16538,322
1760878050000,RB2501,3898.15,3902.9,3889.62,3898.69,17099,323
1760878050000,HC2501,2193.5,2199.73,2184.25,2192.93,16377,323
1760878055000,RB2501,3898.29,3903.38,3888.71,3890.38,16106,322
1760878055000,HC2501,2193.58,2205.11,2185.99,2205.11,16766,322
1760878060000,RB2501,3889.99,3906.96,3888.24,3900.59,16549,323
1760878060000,HC2501,2204.91,2213.12,2199.4,2211.25,16283,323
1760878065000,RB2501,3900.96,3913.61,3895.94,3912.99,16897,323
1760878065000,HC2501,2212.02,2214.02,2201.35,2206.74,16289,323
1760878070000,RB2501,3913.13,3915.25,3902.67,3913.61,16088,322
1760878070000,HC2501,2205.96,2215.74,2195.01,2212.68,17118,322
1760878075000,RB2501,3912.67,3925.44,3905.19,3924.47,15903,322
1760878075000,HC2501,2212.72,2213.8,2187.46,2187.46,15923,322
1760878080000,RB2501,3925.27,3934.61,3917.8,3930.35,16174,323
1760878080000,HC2501,2187.33,2199.41,2186.88,2199.15,16008,323
1760878085000,RB2501,3930.46,3933.16,3920.74,3923.74,16102,322
1760878085000,HC2501,2200.06,2206.76,2193.55,2195.09,16773,322
1760878090000,RB2501,3923.95,3929.04,3911.92,3928.02,16942,323
1760878090000,HC2501,2195.52,2204.42,2193.08,2203.9,15951,323
1760878095000,RB2501,3928.55,3932.53,3910.97,3910.97,16238,321
1760878095000,HC2501,2204.48,2224.63,2202.78,2215.63,16216,321
1760878100000,RB2501,3911.93,3911.93,3900.16,3900.6,16344,323
1760878100000,HC2501,2216.41,2219.43,2197.1,2205.2,16519,323
1760878105000,RB2501,3899.75,3910.26,3894.15,3894.6,16766,322
1760878105000,HC2501,2204.9,2210.04,2194.48,2200.81,16076,322
1760878110000,RB2501,3895.5,3902.61,3885.47,3887.25,17375,323
1760878110000,HC2501,2201.01,2202.88,2189.62,2199.63,16195,323
1760878115000,RB2501,3886.82,3903.05,3884.25,3901.96,16296,322
1760878115000,HC2501,2199.9,2206.58,2189.74,2189.74,16683,322
1760878120000,RB2501,3902.03,3902.17,3880.15,3890.62,16730,322
1760878120000,HC2501,2190.47,2199.33,2178.57,2184.11,16577,322
1760878125000,RB2501,3889.83,3908.18,3888.14,3891.96,16238,322
1760878125000,HC2501,2184.55,2185.85,2170.34,2170.53,15888,322
1760878130000,RB2501,3891.24,3891.24,3880.03,3886.87,16026,322
1760878130000,HC2501,2170.22,2171.25,2152.48,2164.87,16574,322
1760878135000,RB2501,3886.42,3888.69,3859.57,3861.19,16672,323
1760878135000,HC2501,2165.28,2172.38,2161.43,2162.9,16102,323
1760878140000,RB2501,3860.44,3864.56,3855.8,3858.76,17051,322
1760878140000,HC2501,2162.64,2173.11,2158.19,2165.03,17216,322
1760878145000,RB2501,3857.82,3865.48,3850.91,3852.8,16380,322
1760878145000,HC2501,2164.8,2177.49,2163.78,2170.05,16124,322
1760878150000,RB2501,3852.71,3857.13,3847.57,3848.89,16290,323
1760878150000,HC2501,2170.33,2172.28,2162.65,2166.93,16641,323
1760878155000,RB2501,3847.94,3853.52,3837.91,3847.92,16515,323
1760878155000,HC2501,2166.02,2180.27,2163.56,2173.47,16514,323
1760878160000,RB2501,3848.45,3849.33,3821.92,3826.87,16905,322
1760878160000,HC2501,2173.93,2183.31,2172.21,2172.21,16925,322
1760878165000,RB2501,3827.66,3834.42,3824,3831.71,16633,322
1760878165000,HC2501,2173.12,2186.33,2171.19,2172.54,16348,322
1760878170000,RB2501,3830.93,3834.1,3825.38,3825.58,17188,323
1760878170000,HC2501,2172.71,2172.71,2154.82,2164.53,16437,323
1760878175000,RB2501,3824.98,3829.19,3811.47,3815.46,16277,322
1760878175000,HC2501,2165.06,2168.76,2160.74,2162.64,16283,322
1760878180000,RB2501,3815.21,3816.74,3805.56,3814.59,16433,323
1760878180000,HC2501,2163.5,2175.28,2162.57,2174.1,16946,323
1760878185000,RB2501,3815.53,3816.57,3807.54,3807.95,16574,322
1760878185000,HC2501,2173.46,2175.89,2159.51,2167.39,16425,322
1760878190000,RB2501,3807.43,3823,3800.81,3819.09,15956,322
1760878190000,HC2501,2167.38,2168.03,2149.9,2151.14,16393,322
1760878195000,RB2501,3818.61,3821.71,3810.28,3818.04,16683,322
1760878195000,HC2501,2151.08,2154.23,2137.99,2142.33,16294,322
1760878200000,RB2501,3817.37,3828.67,3815.84,3820.71,16541,323
1760878200000,HC2501,2141.97,2150.69,2137.13,2150.36,16682,323
1760878205000,RB2501,3820.57,3833.95,3819.91,3833.95,16684,323
1760878205000,HC2501,2151.36,2156.66,2144.44,2153.18,16688,323
1760878210000,RB2501,3834.01,3836.93,3816.6,3833.42,16473,323
1760878210000,HC2501,2153.06,2171.89,2150.04,2169.14,15903,323
1760878215000,RB2501,3834.17,3851.24,3832.73,3848.56,16840,323
1760878215000,HC2501,2169.92,2193.9,2169.92,2193.34,16585,323
1760878220000,RB2501,3848.75,3849.08,3829.6,3845.05,17161,321
1760878220000,HC2501,2192.39,2199.57,2188.44,2197.44,16528,321
1760878225000,RB2501,3845.5,3845.55,3835.28,3836.47,16207,323
1760878225000,HC2501,2197.45,2211.42,2197.45,2205.01,16703,323
1760878230000,RB2501,3837.14,3839.15,3822.29,3829.57,16655,322
1760878230000,HC2501,2204.29,2206.59,2188.32,2188.32,16347,322
1760878235000,RB2501,3830.34,3835.98,3819.93,3823.44,16300,323
1760878235000,HC2501,2187.76,2188.38,2177.72,2183.46,16533,323
1760878240000,RB2501,3824.01,3830.43,3817.34,3825.38,15896,322
1760878240000,HC2501,2183.66,2188.52,2177.09,2183.66,16459,322
1760878245000,RB2501,3824.63,3840.3,3821.01,3834.31,17193,323
1760878245000,HC2501,2184.3,2198.16,2183.87,2195.52,17117,323
1760878250000,RB2501,3834.57,3834.57,3808.41,3808.41,16265,323
1760878250000,HC2501,2195.36,2217.83,2191.4,2217.22,16863,323
1760878255000,RB2501,3807.55,3829.36,3805.96,3822.77,16528,322
1760878255000,HC2501,2216.48,2222.46,2204.01,2210.93,16733,322
1760878260000,RB2501,3822.18,3836.96,3821.6,3835.06,16136,324
1760878260000,HC2501,2211.66,2215.07,2204.01,2213.89,16884,324
1760878265000,RB2501,3834.83,3839.67,3823,3825.64,16249,322
1760878265000,HC2501,2214.35,2239.52,2212.02,2235.76,16525,322
1760878270000,RB2501,3825.84,3831.69,3819.39,3824.18,16243,323
1760878270000,HC2501,2235.97,2243.18,2229.96,2232.99,16673,323
1760878275000,RB2501,3824.13,3830.95,3817.72,3823.1,16532,322
1760878275000,HC2501,2233.48,2238.3,2225.47,2237.29,16283,322
1760878280000,RB2501,3822.15,3826.17,3811.44,3811.44,16831,322
1760878280000,HC2501,2236.65,2267.71,2236.08,2265.81,16606,322
1760878285000,RB2501,3810.45,3825.49,3806.56,3818.75,16100,322
1760878285000,HC2501,2266.32,2281.54,2265.18,2281.54,16372,322
1760878290000,RB2501,3818.68,3831.2,3813.11,3831.2,16773,322
1760878290000,HC2501,2280.95,2282.88,2258.95,2259.88,16417,322
1760878295000,RB2501,3830.96,3833.38,3825.97,3830.95,15536,321
1760878295000,HC2501,2260.61,2263.46,2254.17,2259.19,16776,321
1760878300000,RB2501,3831.09,3847.98,3826.79,3837.17,16398,323
1760878300000,HC2501,2259.32,2274.31,2257.06,2271.51,16237,323
1760878305000,RB2501,3837.11,3852.87,3834.47,3848.65,16329,323
1760878305000,HC2501,2271.13,2289.94,2268.77,2289.89,16883,323
1760878310000,RB2501,3847.68,3850.81,3828.23,3834.47,16735,322
1760878310000,HC2501,2289.78,2300.25,2286.67,2300.25,16537,322
1760878315000,RB2501,3833.55,3841.87,3829.66,3835.35,16850,323
1760878315000,HC2501,2300.14,2313.97,2297.81,2312.47,16221,323
1760878320000,RB2501,3834.38,3840.04,3825.16,3827.89,17296,323
1760878320000,HC2501,2311.94,2318.86,2302.41,2304.6,16356,323
1760878325000,RB2501,3828.05,3836.59,3825.76,3830.35,16716,322
1760878325000,HC2501,2305.15,2315.69,2303.3,2312.37,16401,322
1760878330000,RB2501,3829.64,3847.08,3827.54,3843.74,16510,322
1760878330000,HC2501,2312.69,2321.84,2308.46,2321.24,16620,322
1760878335000,RB2501,3843.67,3857.46,3843.67,3848.19,16289,323
1760878335000,HC2501,2321.13,2327.02,2309.61,2315.39,16659,323
1760878340000,RB2501,3848.43,3855.86,3837.61,3839.55,16376,323
1760878340000,HC2501,2314.5,2329.01,2309.8,2312.55,16699,323
1760878345000,RB2501,3838.76,3843.04,3833.8,3840.61,16774,322
1760878345000,HC2501,2313.13,2320.11,2312.5,2312.67,17042,322
1760878350000,RB2501,3840.37,3856.98,3838.37,3853.61,16449,323
1760878350000,HC2501,2313.3,2317.17,2302.88,2312.81,16329,323
1760878355000,RB2501,3853.86,3855.36,3837.63,3839.54,16439,323
1760878355000,HC2501,2312.4,2320.8,2308.3,2312.6,16747,323
1760878360000,RB2501,3840.53,3849.15,3835.07,3836.81,17001,322
1760878360000,HC2501,2312.13,2312.72,2291.69,2291.69,16851,322
1760878365000,RB2501,3836.16,3846.95,3832.96,3835.75,16363,322
1760878365000,HC2501,2291.33,2293.87,2277.37,2293.18,16539,322
1760878370000,RB2501,3835.57,3844.88,3827.09,3843.85,16606,323
1760878370000,HC2501,2293.37,2308.51,2289.5,2290.85,16469,323
1760878375000,RB2501,3844.03,3850.55,3839.49,3845.73,16616,323
1760878375000,HC2501,2290.96,2300.62,2288.25,2292.12,16429,323
1760878380000,RB2501,3846.04,3855.88,3843.46,3855.3,16419,323
1760878380000,HC2501,2291.33,2303.13,2290.51,2295.57,16593,323
1760878385000,RB2501,3854.94,3858.85,3845.26,3854.16,17065,322
1760878385000,HC2501,2295.22,2305.67,2292.31,2302.63,16214,322
1760878390000,RB2501,3853.89,3855.16,3842.14,3850.16,16370,322
1760878390000,HC2501,2303.57,2305.55,2296.79,2300.17,16832,322
1760878395000,RB2501,3850.05,3856.82,3847.15,3855.77,16641,323
1760878395000,HC2501,2299.92,2322.32,2299.25,2316.77,16932,323
1760878400000,RB2501,3856.45,3856.45,3841.67,3845.34,15941,322
1760878400000,HC2501,2317.42,2317.73,2296.72,2301.8,16739,322
1760878405000,RB2501,3846.14,3848,3829.53,3831.3,16276,323
1760878405000,HC2501,2302.53,2318.61,2301,2313.95,15933,323
1760878410000,RB2501,3831.71,3842.56,3828.29,3842.56,16541,322
1760878410000,HC2501,2313.84,2321.63,2310.09,2311.6,16434,322
1760878415000,RB2501,3842.91,3853.94,3837.95,3843.63,16004,322
1760878415000,HC2501,2311.07,2327.33,2309.2,2327.33,15979,322
1760878420000,RB2501,3843.23,3850.49,3826.19,3827.81,16771,323
1760878420000,HC2501,2327.6,2340.59,2327.29,2333.8,16628,323
1760878425000,RB2501,3827.4,3834.53,3822.94,3827.97,16283,322
1760878425000,HC2501,2333.02,2339.16,2323.31,2337.85,16191,322
1760878430000,RB2501,3827.03,3852.7,3825.05,3850.83,16783,322
1760878430000,HC2501,2338.53,2344.85,2330.96,2342.39,16604,322
1760878435000,RB2501,3850.26,3855.27,3820.07,3821.19,16055,324
1760878435000,HC2501,2341.47,2348.12,2336.33,2347.15,16639,324
1760878440000,RB2501,3821.71,3827,3810.49,3810.49,16487,322
1760878440000,HC2501,2347.07,2367.84,2345.68,2366.58,15924,322
1760878445000,RB2501,3810.99,3816.91,3801.14,3815.74,16995,322
1760878445000,HC2501,2365.84,2382.86,2365.01,2379.3,16100,322
1760878450000,RB2501,3816.13,3833.41,3814.18,3833.13,16854,323
1760878450000,HC2501,2379.6,2382.17,2368.56,2374.83,16307,323
1760878455000,RB2501,3833.69,3837.78,3817.03,3818.12,16372,322
1760878455000,HC2501,2375.33,2375.92,2363.04,2370.25,16238,322
1760878460000,RB2501,3818.09,3822.07,3814.95,3816.42,16442,323
1760878460000,HC2501,2369.9,2376.13,2366.3,2371.62,16942,323
1760878465000,RB2501,3816.07,3824.32,3811.88,3814.95,16958,322
1760878465000,HC2501,2371.41,2372.35,2347.83,2349.51,17041,322
1760878470000,RB2501,3815.37,3817.81,3810.43,3813.17,16401,323
1760878470000,HC2501,2350.47,2357.79,2347.91,2353.69,16089,323
1760878475000,RB2501,3812.57,3818.29,3797.2,3818.29,16448,322
1760878475000,HC2501,2353.91,2354.23,2342.14,2352.12,16143,322
1760878480000,RB2501,3818.16,3824.17,3810.77,3821.52,16455,322
1760878480000,HC2501,2352.4,2357.72,2345.49,2353.4,16872,322
1760878485000,RB2501,3821.02,3825.45,3806.86,3809.7,16173,322
1760878485000,HC2501,2353.07,2358.2,2347.16,2352.5,16665,322
1760878490000,RB2501,3810.07,3815.18,3794.65,3797.72,16853,323
1760878490000,HC2501,2352.49,2366.97,2349.67,2361.56,16525,323
1760878495000,RB2501,3797.07,3808.6,3794.96,3796.86,16540,323
1760878495000,HC2501,2361.74,2369.8,2356.29,2358.19,16125,323
1760878500000,RB2501,3796.71,3822.96,3795.3,3822.67,16069,322
1760878500000,HC2501,2358.32,2366.07,2353.61,2362.75,16403,322
1760878505000,RB2501,3822.72,3834.42,3818.91,3830.15,16362,322
1760878505000,HC2501,2362.58,2377.92,2360.09,2368.67,17063,322
1760878510000,RB2501,3830.58,3848.98,3828.41,3835.22,16730,323
1760878510000,HC2501,2369.45,2373.67,2361.79,2369.08,17053,323
1760878515000,RB2501,3834.58,3846.12,3833.74,3839.34,16831,323
1760878515000,HC2501,2369.12,2383.85,2361.13,2361.75,16329,323
1760878520000,RB2501,3838.5,3840.07,3823.76,3824.55,16404,322
1760878520000,HC2501,2362.38,2363.53,2346.42,2352.66,16523,322
1760878525000,RB2501,3825.31,3827.98,3810,3817.8,16516,322
1760878525000,HC2501,2353.27,2353.93,2340.84,2347.59,15975,322
1760878530000,RB2501,3818.36,3833.64,3814.99,3819.62,16659,323
1760878530000,HC2501,2347.04,2356.14,2339.91,2340.39,16087,323
1760878535000,RB2501,3820.35,3834.11,3820.35,3827.76,15940,322
1760878535000,HC2501,2341.28,2354.71,2339.71,2352.41,16046,322
1760878540000,RB2501,3827.55,3839.16,3826.77,3834.66,16468,322
1760878540000,HC2501,2351.52,2357.37,2347.41,2349.27,16403,322
1760878545000,RB2501,3834.64,3839.81,3816.35,3821.85,16971,323
1760878545000,HC2501,2348.34,2348.96,2318.65,2324.91,16623,323
1760878550000,RB2501,3821.33,3827.16,3820.2,3821.5,16363,323
1760878550000,HC2501,2324.43,2326.59,2316.98,2317.87,16747,323
1760878555000,RB2501,3821.3,3823.71,3804.2,3810.41,16082,322
1760878555000,HC2501,2318.49,2330.26,2316.63,2325.04,15638,322
1760878560000,RB2501,3809.75,3819.47,3797.96,3799.43,16454,324
1760878560000,HC2501,2324.08,2327.83,2317.14,2323.49,16505,324
1760878565000,RB2501,3799.19,3818.24,3796,3814.01,16826,322
1760878565000,HC2501,2323.22,2331.47,2314.33,2319.1,16141,322
1760878570000,RB2501,3814.13,3816,3804.28,3810.83,17005,322
1760878570000,HC2501,2318.79,2344.02,2318.79,2341.08,16682,322
1760878575000,RB2501,3810.04,3825.62,3810.04,3823.86,16000,323
1760878575000,HC2501,2340.91,2344.75,2328.23,2328.79,17076,323
1760878580000,RB2501,3823.35,3843.16,3818.65,3840.47,16375,324
1760878580000,HC2501,2329.53,2351.84,2329.53,2350.47,16714,324
1760878585000,RB2501,3839.73,3842.69,3831.27,3833.71,16734,323
1760878585000,HC2501,2349.94,2365,2346.66,2362.84,16833,323
1760878590000,RB2501,3833.21,3836.69,3823.49,3827.97,16617,323
1760878590000,HC2501,2362.25,2363.71,2342.28,2348.05,16689,323
1760878595000,RB2501,3827.36,3827.95,3804.87,3811.74,16179,322
1760878595000,HC2501,2348.95,2367.3,2348.95,2363.04,16411,322
1760878600000,RB2501,3811.22,3817.32,3807.35,3812.16,16072,323
1760878600000,HC2501,2362.1,2369.56,2353.2,2365.51,16034,323
1760878605000,RB2501,3813.12,3824.44,3808.25,3808.25,16356,323
1760878605000,HC2501,2364.87,2382.89,2361.77,2376.95,16711,323
1760878610000,RB2501,3807.31,3808.55,3790.76,3790.76,16854,323
1760878610000,HC2501,2377.79,2382.2,2369.96,2372.85,16246,323
1760878615000,RB2501,3790.22,3796.59,3787.59,3790.48,16326,322
1760878615000,HC2501,2372.82,2376.17,2362.86,2370.55,16215,322
1760878620000,RB2501,3789.63,3800.46,3779.27,3794.64,16559,323
1760878620000,HC2501,2370.62,2371.59,2352.39,2352.39,16352,323
1760878625000,RB2501,3794.26,3810.84,3784.55,3789.92,16799,323
1760878625000,HC2501,2352.42,2355.52,2340.18,2341.37,16171,323
1760878630000,RB2501,3789.04,3798.18,3787.55,3790.1,16666,323
1760878630000,HC2501,2342.23,2355.68,2338,2352.47,17300,323
1760878635000,RB2501,3789.13,3790.01,3775.92,3781.99,16075,322
1760878635000,HC2501,2353.37,2369.26,2351.15,2363.82,16214,322
1760878640000,RB2501,3782.98,3784.43,3768.81,3777.51,15957,322
1760878640000,HC2501,2364.32,2366.09,2346.35,2358.94,15695,322
1760878645000,RB2501,3777.06,3786.21,3767.59,3784.07,16174,323
1760878645000,HC2501,2359.7,2370.56,2351.68,2368.5,16248,323
1760878650000,RB2501,3783.68,3787.02,3763.07,3764.81,15960,322
1760878650000,HC2501,2368.9,2372.92,2359.03,2363.51,16496,322
1760878655000,RB2501,3764.39,3764.39,3744.04,3744.43,16454,322
1760878655000,HC2501,2362.56,2369.64,2358.27,2368.04,15751,322
1760878660000,RB2501,3745.23,3754.14,3737.78,3741.03,16514,323
1760878660000,HC2501,2367.63,2379.48,2364.5,2371.32,16059,323
1760878665000,RB2501,3740.25,3741.46,3726.28,3726.4,16162,322
1760878665000,HC2501,2371.53,2380.84,2369.2,2378.91,16350,322
1760878670000,RB2501,3727.4,3750.53,3727.4,3742.98,15592,322
1760878670000,HC2501,2378.19,2383.18,2372.61,2381.41,16825,322
1760878675000,RB2501,3743.92,3753.73,3740.63,3753.04,16464,323
1760878675000,HC2501,2381.78,2388.65,2375.01,2381.61,16658,323
1760878680000,RB2501,3752.51,3767.27,3748.46,3766.47,15875,322
1760878680000,HC2501,2382.21,2393.85,2381.7,2390.69,16420,322
1760878685000,RB2501,3765.77,3779.59,3764.84,3769.68,16021,323
1760878685000,HC2501,2390.95,2401.19,2381.17,2384.38,16915,323
1760878690000,RB2501,3770.57,3771.5,3757.73,3761.76,16200,322
1760878690000,HC2501,2383.39,2407.62,2382.19,2402.69,15976,322
1760878695000,RB2501,3762.7,3762.77,3746.22,3750.13,16025,322
1760878695000,HC2501,2403.24,2409.69,2394.6,2406.86,16270,322
1760878700000,RB2501,3749.46,3760.93,3743.04,3754.51,16927,322
1760878700000,HC2501,2406.04,2407.78,2391.5,2393.84,16664,322
1760878705000,RB2501,3755.36,3759.89,3748.8,3750.99,16599,323
1760878705000,HC2501,2392.9,2418.81,2392.69,2410.79,16605,323
1760878710000,RB2501,3751.77,3752.66,3737.55,3740.5,16737,322
1760878710000,HC2501,2410.94,2414.66,2402.56,2413.63,15838,322
1760878715000,RB2501,3740.67,3743.52,3733.3,3740.57,16390,322
1760878715000,HC2501,2413.54,2420.57,2405.78,2408.03,15980,322
1760878720000,RB2501,3739.96,3750.04,3735.58,3736.67,16449,322
1760878720000,HC2501,2407.2,2414.71,2398.45,2410.53,16654,322
1760878725000,RB2501,3737.39,3741.79,3731.16,3740.23,16038,323
1760878725000,HC2501,2410.19,2410.19,2398.36,2403.41,16906,323
1760878730000,RB2501,3740.39,3743.24,3733.91,3736.83,16661,323
1760878730000,HC2501,2402.73,2403.99,2393.27,2402.86,16120,323
1760878735000,RB2501,3736.63,3738.42,3716.19,3722.08,16747,322
1760878735000,HC2501,2402.63,2406.19,2397.27,2398.54,16423,322
1760878740000,RB2501,3721.62,3730.48,3715.86,3728.54,17053,323
1760878740000,HC2501,2397.98,2401.94,2388.31,2396.96,16969,323
1760878745000,RB2501,3727.93,3742.19,3725.86,3742.19,16281,321
1760878745000,HC2501,2396.83,2399.28,2391.05,2391.05,15798,321
1760878750000,RB2501,3742.81,3753.14,3741.83,3747.09,16086,323
1760878750000,HC2501,2391.9,2396.16,2387.32,2394.36,17240,323
1760878755000,RB2501,3746.31,3747.05,3730.6,3736.01,16804,323
1760878755000,HC2501,2394.24,2407.98,2392.28,2406.15,16395,323
1760878760000,RB2501,3735.69,3747.55,3731.75,3742.4,16883,322
1760878760000,HC2501,2406.14,2411.16,2398.25,2403.7,16600,322
1760878765000,RB2501,3743.07,3761.3,3740.88,3757.36,16371,323
1760878765000,HC2501,2404.69,2406.36,2395.51,2404.21,16954,323
1760878770000,RB2501,3758.3,3775.96,3756.73,3770.87,16603,322
1760878770000,HC2501,2404.45,2415.59,2397.03,2411.09,16103,322
1760878775000,RB2501,3770.04,3784.12,3769.08,3770.33,16533,323
1760878775000,HC2501,2412.05,2413.17,2393.67,2393.96,17485,323
1760878780000,RB2501,3770.11,3777.69,3763.26,3768.38,16602,323
1760878780000,HC2501,2394.63,2403.74,2392.69,2399.81,16458,323
1760878785000,RB2501,3767.76,3774.68,3764.18,3767.58,16061,322
1760878785000,HC2501,2399.7,2412.16,2397.92,2411.73,17034,322
1760878790000,RB2501,3766.99,3772.92,3762.88,3766.24,16546,322
1760878790000,HC2501,2411.32,2419.22,2401.67,2414.59,16386,322
1760878795000,RB2501,3765.94,3773.24,3761.49,3772.79,16269,322
1760878795000,HC2501,2414.06,2425.72,2410.95,2421.11,16709,322
1760878800000,RB2501,3772.61,3774.51,3760,3762.32,15767,323
1760878800000,HC2501,2422.05,2424.66,2408.19,2422.4,16987,323
1760878805000,RB2501,3762.63,3767,3751.51,3758.62,16579,323
1760878805000,HC2501,2421.86,2427,2415.51,2420.19,16736,323
1760878810000,RB2501,3758.02,3760.96,3738.57,3743.43,16184,322
1760878810000,HC2501,2419.37,2422.13,2413.05,2415.22,16600,322
1760878815000,RB2501,3743.27,3752.32,3732.39,3749.57,17059,323
1760878815000,HC2501,2414.55,2420.59,2405.26,2409.72,16080,323
1760878820000,RB2501,3750.2,3764.05,3749.27,3756.75,16578,323
1760878820000,HC2501,2410.44,2415.57,2404.17,2411.46,17026,323
1760878825000,RB2501,3756.67,3758.23,3742.28,3742.61,16386,323
1760878825000,HC2501,2410.68,2438.64,2407.77,2433.74,16278,323
1760878830000,RB2501,3742.31,3756.9,3739.49,3756.26,16550,322
1760878830000,HC2501,2432.75,2437.29,2420.84,2420.84,16212,322
1760878835000,RB2501,3755.71,3755.71,3740.87,3745.54,16321,322
1760878835000,HC2501,2421.73,2427.08,2415.86,2423.11,16063,322
1760878840000,RB2501,3745.93,3746.2,3729.7,3742.87,16544,323
1760878840000,HC2501,2423.29,2447.48,2421.17,2445.28,16037,323
1760878845000,RB2501,3742.25,3743.63,3728.78,3731.9,16681,323
1760878845000,HC2501,2445.13,2454.01,2439.64,2441.78,16528,323
1760878850000,RB2501,3731.25,3732.3,3720.79,3729.76,16729,323
1760878850000,HC2501,2442.47,2461.03,2441.11,2459.3,16493,323
1760878855000,RB2501,3729.03,3729.11,3716.16,3717.76,16775,322
1760878855000,HC2501,2458.38,2459.81,2448.96,2457.24,15813,322
1760878860000,RB2501,3717.76,3722.14,3699.5,3700.86,15878,323
1760878860000,HC2501,2457.06,2472.2,2457.06,2471.64,16164,323
1760878865000,RB2501,3701.4,3705.6,3694.19,3695.35,16802,322
1760878865000,HC2501,2471.07,2479.48,2465.6,2477.02,16827,322
1760878870000,RB2501,3695.58,3699.93,3666.64,3672.54,16275,322
1760878870000,HC2501,2477.64,2489.56,2471.47,2486.69,15850,322
1760878875000,RB2501,3672.6,3689.77,3670.98,3671.46,16503,323
1760878875000,HC2501,2485.76,2492.44,2473.86,2474.82,16843,323
1760878880000,RB2501,3671.65,3682.63,3668.95,3678.26,16102,323
1760878880000,HC2501,2474.34,2475.57,2458.08,2460.9,15940,323
1760878885000,RB2501,3678.71,3703.16,3678.71,3700.64,16355,323
1760878885000,HC2501,2461.87,2462.81,2448.48,2453.49,17272,323
1760878890000,RB2501,3701.33,3706.9,3683.75,3685.12,16916,322
1760878890000,HC2501,2453.5,2458.23,2446.9,2453.05,16806,322
1760878895000,RB2501,3684.75,3695.11,3682.21,3689.37,16222,323
1760878895000,HC2501,2453.68,2460.39,2448.9,2455.01,16529,323
1760878900000,RB2501,3689.83,3695.27,3684.22,3693,16413,322
1760878900000,HC2501,2454.35,2464.2,2451.64,2461.07,17591,322
1760878905000,RB2501,3693.03,3703.59,3693.03,3701.91,16520,322
1760878905000,HC2501,2462.04,2464.29,2454.21,2459.75,15978,322
1760878910000,RB2501,3701.54,3707.01,3693.9,3704.35,16488,323
1760878910000,HC2501,2459.57,2466.92,2445.8,2466.61,16867,323
1760878915000,RB2501,3703.96,3711.35,3696.69,3699.5,15972,322
1760878915000,HC2501,2467.1,2481.73,2465.53,2480.26,15912,322
1760878920000,RB2501,3700.47,3700.78,3685.9,3694.7,17131,322
1760878920000,HC2501,2481.12,2484.95,2462.5,2464.51,15690,322
1760878925000,RB2501,3695.59,3698.51,3684.4,3684.78,16137,323
1760878925000,HC2501,2464.48,2466.74,2451.83,2456.89,16558,323
1760878930000,RB2501,3685.13,3693.64,3682.1,3689.41,16080,322
1760878930000,HC2501,2456.62,2463.71,2451.69,2462.23,16647,322
1760878935000,RB2501,3688.63,3689.79,3678.14,3680.44,16323,323
1760878935000,HC2501,2463.14,2465.52,2444.07,2449.12,16140,323
1760878940000,RB2501,3681.13,3687.64,3677.28,3683.43,16511,323
1760878940000,HC2501,2449.16,2455.49,2440.44,2443.54,16307,323
1760878945000,RB2501,3683.23,3694.41,3683.23,3684.02,16315,323
1760878945000,HC2501,2443.7,2448.84,2435.58,2438.24,16097,323
1760878950000,RB2501,3684.23,3687.03,3658.13,3660.99,16408,322
1760878950000,HC2501,2437.24,2437.24,2425.92,2433.3,16555,322
1760878955000,RB2501,3660.11,3670.74,3657.61,3659.01,17086,323
1760878955000,HC2501,2433.39,2442.87,2429.12,2429.12,16474,323
1760878960000,RB2501,3658.67,3680.04,3656.74,3677.41,16113,322
1760878960000,HC2501,2429,2431.29,2414.54,2417.22,16587,322
1760878965000,RB2501,3676.63,3690.25,3676.29,3677.44,16128,322
1760878965000,HC2501,2416.73,2429.85,2414.39,2427.27,16752,322
1760878970000,RB2501,3678.11,3689.97,3676.11,3677.21,16401,323
1760878970000,HC2501,2426.33,2438.42,2424.85,2435.92,16012,323
1760878975000,RB2501,3677.99,3678.94,3662.39,3665.61,16553,323
1760878975000,HC2501,2435.75,2447.07,2434.88,2443.7,16488,323
1760878980000,RB2501,3666.23,3685.46,3664.35,3680.75,16514,323
1760878980000,HC2501,2444.35,2449.52,2436.59,2447.05,17151,323
1760878985000,RB2501,3681.3,3696.53,3679.43,3695.66,16512,322
1760878985000,HC2501,2446.88,2450.51,2432.95,2441.36,15996,322
1760878990000,RB2501,3695.51,3703.31,3690.26,3695.65,16323,322
1760878990000,HC2501,2441.05,2460.63,2438.09,2454.02,16575,322
1760878995000,RB2501,3696.64,3697.36,3675.75,3676.31,16524,323
1760878995000,HC2501,2454.96,2462.42,2450.9,2455.55,17220,323
1760879000000,RB2501,3676.38,3676.52,3661.53,3666.39,16478,322
1760879000000,HC2501,2455.43,2463.57,2447.71,2455.5,16402,322
1760879005000,RB2501,3666.5,3685,3665.74,3681.1,16266,322
1760879005000,HC2501,2454.71,2463.04,2452.66,2456.84,16752,322
1760879010000,RB2501,3680.54,3692.62,3679.86,3688.71,16493,323
1760879010000,HC2501,2457.4,2464.03,2452.86,2456.67,16443,323
1760879015000,RB2501,3689.54,3695.48,3686.71,3688.5,16891,323
1760879015000,HC2501,2456.48,2456.89,2441.2,2454.84,16210,323
1760879020000,RB2501,3687.79,3691.65,3679.39,3690.81,16606,322
1760879020000,HC2501,2455.82,2455.83,2429.54,2432.81,16704,322
1760879025000,RB2501,3689.82,3692.23,3682.04,3685.26,16810,324
1760879025000,HC2501,2433.05,2443.22,2428.06,2442.39,15975,324
1760879030000,RB2501,3685.48,3687.22,3679.37,3684.95,16310,323
1760879030000,HC2501,2442.95,2452.82,2441.46,2448.73,16869,323
1760879035000,RB2501,3684.54,3705.21,3683.94,3705.21,16652,322
1760879035000,HC2501,2449.27,2452.52,2432.6,2441.8,16369,322
1760879040000,RB2501,3704.95,3712.38,3699.47,3701.02,16483,323
1760879040000,HC2501,2440.98,2458.68,2439.71,2453.78,16645,323
1760879045000,RB2501,3701.58,3707.48,3693.06,3703.12,16311,323
1760879045000,HC2501,2454.05,2469.83,2452.59,2465.14,16163,323
1760879050000,RB2501,3702.35,3704.88,3682.9,3682.95,16955,323
1760879050000,HC2501,2465.97,2466.95,2448.12,2454.66,16237,323
1760879055000,RB2501,3682.81,3685.5,3674.05,3674.93,15782,322
1760879055000,HC2501,2454.28,2454.28,2437.98,2444.71,15879,322
1760879060000,RB2501,3674.36,3676.91,3665.38,3668.02,16594,322
1760879060000,HC2501,2445.16,2445.16,2433.65,2441.43,16978,322
1760879065000,RB2501,3668.44,3681.69,3665.29,3681.69,16620,323
1760879065000,HC2501,2441.26,2454.54,2441.26,2446.3,16653,323
1760879070000,RB2501,3682.49,3696.13,3678.4,3691.37,16664,322
1760879070000,HC2501,2446.6,2459.09,2441.11,2459.09,16252,322
1760879075000,RB2501,3690.83,3699.83,3678.63,3683.88,16075,322
1760879075000,HC2501,2459.32,2476.88,2459.14,2475.23,16397,322
1760879080000,RB2501,3683.2,3686.84,3671.2,3676.27,15833,322
1760879080000,HC2501,2474.45,2487.92,2473.28,2474.16,16929,322
1760879085000,RB2501,3677.13,3691.72,3674.76,3691.61,16150,322
1760879085000,HC2501,2474.16,2481.33,2466.75,2466.94,16769,322
1760879090000,RB2501,3690.96,3692.45,3682.61,3685.43,16617,323
1760879090000,HC2501,2466.79,2477.04,2463.12,2470.85,16557,323
1760879095000,RB2501,3686.16,3705.41,3673.26,3705.41,16719,322
1760879095000,HC2501,2470.15,2472.41,2462.87,2470.6,17248,322
1760879100000,RB2501,3704.64,3723.65,3703.67,3722.46,17107,323
1760879100000,HC2501,2469.73,2472.19,2464.92,2469.11,17013,323
1760879105000,RB2501,3721.82,3734.46,3715.39,3715.39,15895,322
1760879105000,HC2501,2468.98,2470.63,2457.09,2458.77,16616,322
1760879110000,RB2501,3714.5,3726.35,3706.92,3724.74,16058,322
1760879110000,HC2501,2459.51,2470.84,2457.74,2462.83,16443,322
1760879115000,RB2501,3725.13,3731.78,3704.57,3707.83,16800,323
1760879115000,HC2501,2462.39,2471.43,2453.92,2464.61,16447,323
1760879120000,RB2501,3708.28,3710.38,3695.77,3706.13,16339,322
1760879120000,HC2501,2464.64,2473.5,2455.74,2457.99,17043,322
1760879125000,RB2501,3706.57,3716.93,3703.5,3711.15,15795,323
1760879125000,HC2501,2457.83,2467.61,2456.19,2463.62,16383,323
1760879130000,RB2501,3711.01,3717.27,3708.66,3709.89,16077,322
1760879130000,HC2501,2463.64,2473.23,2460.13,2461.24,16327,322
1760879135000,RB2501,3709.6,3711.22,3700.3,3710.54,16736,323
1760879135000,HC2501,2460.39,2472.04,2453.56,2465.38,16269,323
1760879140000,RB2501,3710.28,3727.95,3708.86,3709.06,16810,322
1760879140000,HC2501,2465.11,2471.05,2458.65,2468.85,16287,322
1760879145000,RB2501,3708.29,3717.48,3703.83,3713.94,16253,322
1760879145000,HC2501,2469.65,2478.14,2467.15,2469.61,15787,322
1760879150000,RB2501,3713.19,3715.86,3695.51,3711.49,15469,322
1760879150000,HC2501,2469.27,2484.94,2467.38,2484.94,16575,322
1760879155000,RB2501,3710.63,3714.04,3703.99,3712.56,16840,323
1760879155000,HC2501,2484.08,2484.11,2459.86,2460.82,16489,323
1760879160000,RB2501,3713.03,3713.22,3696.12,3701.14,16759,324
1760879160000,HC2501,2460.54,2464.18,2451.18,2461.07,16193,324
1760879165000,RB2501,3700.89,3701.17,3687.78,3691.69,16658,321
1760879165000,HC2501,2461.43,2469.95,2457.93,2459.69,16637,321
1760879170000,RB2501,3692.33,3696.71,3682.13,3693.95,16905,323
1760879170000,HC2501,2459.88,2470.33,2454.82,2465.16,16614,323
1760879175000,RB2501,3694.73,3699.32,3688.8,3691.01,16300,322
1760879175000,HC2501,2464.65,2469.06,2460.76,2467.51,16273,322
1760879180000,RB2501,3690.96,3694.71,3683.51,3692.66,15601,324
1760879180000,HC2501,2467.33,2474.69,2463.68,2469.46,16274,324
1760879185000,RB2501,3692.12,3709.87,3687.32,3704.11,16265,322
1760879185000,HC2501,2470.39,2479.58,2469.12,2477.78,16046,322
1760879190000,RB2501,3703.9,3708.5,3694.62,3706.01,16147,322
1760879190000,HC2501,2476.91,2488.51,2475.74,2487.07,16344,322
1760879195000,RB2501,3705.13,3709.96,3699.14,3709.5,16274,323
1760879195000,HC2501,2486.31,2490.9,2478.48,2479.72,16860,323
1760879200000,RB2501,3709.57,3710.27,3688.09,3688.21,16451,322
1760879200000,HC2501,2478.79,2488.61,2469.4,2470.23,16659,322
1760879205000,RB2501,3688.63,3698.45,3686,3693.61,15718,323
1760879205000,HC2501,2471.03,2474.84,2452.95,2456.19,16171,323
1760879210000,RB2501,3693.34,3696.3,3685,3688.78,15576,323
1760879210000,HC2501,2456.22,2465.54,2451.98,2452.73,16546,323
1760879215000,RB2501,3689.67,3696.89,3683.24,3687.56,16601,323
1760879215000,HC2501,2452.45,2460.18,2443,2451.28,15918,323
1760879220000,RB2501,3687.14,3698.05,3686,3696.77,16113,322
1760879220000,HC2501,2451.39,2472.79,2444.56,2467.17,16387,322
1760879225000,RB2501,3696.5,3697.39,3686.81,3693.8,16418,323
1760879225000,HC2501,2466.43,2476.58,2463.35,2463.35,16391,323
1760879230000,RB2501,3692.97,3701.02,3686.47,3693.03,16689,323
1760879230000,HC2501,2464.3,2471.05,2460.37,2470.06,16546,323
1760879235000,RB2501,3692.59,3697.57,3679.85,3681.6,16933,323
1760879235000,HC2501,2469.15,2475.17,2458.9,2475.17,15793,323
1760879240000,RB2501,3681.16,3681.16,3661.79,3669.87,16945,323
1760879240000,HC2501,2474.78,2484.4,2471.75,2473.93,16228,323
1760879245000,RB2501,3670.7,3679.78,3664.69,3676.85,15762,323
1760879245000,HC2501,2472.95,2489.64,2470.32,2484.34,16933,323
1760879250000,RB2501,3677.51,3691.55,3676.74,3678.45,15787,322
1760879250000,HC2501,2483.45,2497.16,2476.14,2495.73,16667,322
1760879255000,RB2501,3678.36,3693.39,3672.64,3690.82,16547,322
1760879255000,HC2501,2496.29,2498.9,2484.19,2484.67,16511,322
1760879260000,RB2501,3690.75,3710.59,3685.84,3708.86,16383,324
1760879260000,HC2501,2484.18,2487.03,2467.66,2474.36,16263,324
1760879265000,RB2501,3708.63,3717.55,3702.74,3706.94,16765,322
1760879265000,HC2501,2474.27,2483.27,2461.8,2463.39,17214,322
1760879270000,RB2501,3707.59,3714.24,3701.2,3711.21,16443,322
1760879270000,HC2501,2462.95,2481.95,2460.83,2481.95,16835,322
1760879275000,RB2501,3710.86,3710.86,3700.93,3709.65,16357,323
1760879275000,HC2501,2481.7,2483.96,2466.83,2473.67,16722,323
1760879280000,RB2501,3708.7,3713.23,3703.86,3708.16,16934,322
1760879280000,HC2501,2473.95,2489.28,2473.22,2486.86,16311,322
1760879285000,RB2501,3707.61,3724.75,3706.51,3723.99,16258,322
1760879285000,HC2501,2485.97,2491.87,2475.93,2479.35,16744,322
1760879290000,RB2501,3723.29,3741.16,3723.29,3729.66,16393,323
1760879290000,HC2501,2479.72,2492.66,2466.26,2492.66,16648,323
1760879295000,RB2501,3729.15,3732.88,3709.08,3714.91,16631,323
1760879295000,HC2501,2493.61,2498.22,2485.85,2488.6,16577,323
1760879300000,RB2501,3715.37,3724.86,3708.7,3709.36,17037,323
1760879300000,HC2501,2488.16,2492.5,2479.77,2490.94,17069,323
1760879305000,RB2501,3709.83,3710.9,3679.99,3681.67,15784,322
1760879305000,HC2501,2491.93,2511.82,2489.86,2510.74,16680,322
1760879310000,RB2501,3681.57,3709.11,3681.2,3706.99,16411,323
1760879310000,HC2501,2511.62,2520.17,2507.73,2519,16182,323
1760879315000,RB2501,3706.43,3723.58,3705.21,3722.01,16624,322
1760879315000,HC2501,2518.17,2525.9,2510.61,2517.07,16217,322
1760879320000,RB2501,3722.72,3730.12,3720.36,3727.12,15844,323
1760879320000,HC2501,2516.26,2526.91,2512.33,2517.94,16208,323
1760879325000,RB2501,3726.15,3726.52,3711.92,3720.29,16008,322
1760879325000,HC2501,2517.66,2528.04,2515.34,2521.77,16817,322
1760879330000,RB2501,3720.47,3740.28,3713.08,3738.7,16595,322
1760879330000,HC2501,2521.87,2546.04,2521.01,2544.05,16718,322
1760879335000,RB2501,3739.18,3745.95,3732.37,3736.06,16589,323
1760879335000,HC2501,2544.99,2556.83,2541.39,2551.99,16271,323
1760879340000,RB2501,3736.76,3738.55,3712.41,3724.34,16818,321
1760879340000,HC2501,2552.84,2553.11,2545.53,2551.24,16296,321
1760879345000,RB2501,3725.27,3731.93,3721.73,3724.61,16817,322
1760879345000,HC2501,2551,2558.63,2547.55,2547.55,17381,322
1760879350000,RB2501,3724.05,3727.35,3716.98,3719.55,16291,322
1760879350000,HC2501,2547.82,2564.61,2545.69,2546.91,16654,322
1760879355000,RB2501,3719.34,3725.14,3712.27,3719.17,16432,323
1760879355000,HC2501,2547.16,2559.55,2542.02,2559.55,16491,323
1760879360000,RB2501,3719.08,3724.46,3706.58,3715.89,16884,322
1760879360000,HC2501,2559.7,2570.84,2556.36,2563.94,16380,322
1760879365000,RB2501,3716.26,3718.77,3695.54,3695.54,16615,322
1760879365000,HC2501,2564.58,2573.36,2559.31,2572.85,16903,322
1760879370000,RB2501,3694.9,3699.01,3679.1,3682.78,16312,323
1760879370000,HC2501,2573.26,2575.73,2561.46,2570.86,16546,323
1760879375000,RB2501,3682.96,3690.17,3677.74,3682.59,15688,322
1760879375000,HC2501,2571.26,2585.48,2566.12,2584.28,15846,322
1760879380000,RB2501,3682.72,3688.38,3675.96,3677.94,16813,323
1760879380000,HC2501,2584.67,2591.11,2581.56,2581.89,16826,323
1760879385000,RB2501,3678.19,3697,3675.79,3696.67,16789,322
1760879385000,HC2501,2582.35,2596.49,2580.91,2583.48,17014,322
1760879390000,RB2501,3697.31,3722.66,3696.42,3721.23,16147,323
1760879390000,HC2501,2582.77,2587.59,2579.21,2582.08,16424,323
1760879395000,RB2501,3721.85,3733.84,3720.15,3733.81,16159,323
1760879395000,HC2501,2582.1,2589.04,2574.15,2575.9,16346,323
1760879400000,RB2501,3734.23,3740.03,3727.23,3735.8,16006,322
1760879400000,HC2501,2575.33,2590.05,2570.37,2574.87,16324,322
1760879405000,RB2501,3736.32,3741.06,3727.94,3728.68,15328,323
1760879405000,HC2501,2574.84,2580.75,2557.81,2558.01,15911,323
1760879410000,RB2501,3728.44,3745.66,3727.41,3745.59,16807,322
1760879410000,HC2501,2558.67,2566.57,2547.54,2549.88,15663,322
1760879415000,RB2501,3746.48,3747.2,3726.49,3731.58,16281,323
1760879415000,HC2501,2550.37,2562.16,2548.65,2552.71,16595,323
1760879420000,RB2501,3730.85,3733.8,3718.93,3720.92,16412,323
1760879420000,HC2501,2552.96,2567.88,2542.56,2563.46,16422,323
1760879425000,RB2501,3720.18,3746.02,3719.53,3737.97,17106,322
1760879425000,HC2501,2564.38,2567.72,2555.81,2561.85,16202,322
1760879430000,RB2501,3738.12,3750.16,3735.82,3749.01,16663,323
1760879430000,HC2501,2561.44,2574.19,2560.73,2567.88,16224,323
1760879435000,RB2501,3749.48,3750.13,3730.07,3732.52,16658,322
1760879435000,HC2501,2567.41,2568.21,2547.77,2549.46,16223,322
1760879440000,RB2501,3732.81,3740.06,3725.65,3737.01,17062,324
1760879440000,HC2501,2549.43,2549.79,2538.04,2545.03,17492,324
1760879445000,RB2501,3737.58,3747.19,3733.4,3734.63,16718,323
1760879445000,HC2501,2544.1,2545.52,2527.77,2535.1,16948,323
1760879450000,RB2501,3734.02,3737.86,3725.57,3732.59,16538,323
1760879450000,HC2501,2535.96,2539.05,2527.93,2539.05,16697,323
1760879455000,RB2501,3733.07,3756.25,3732.38,3752.05,16617,323
1760879455000,HC2501,2539.31,2552.58,2537.77,2550.59,16671,323
1760879460000,RB2501,3751.66,3756.51,3739.29,3746.02,16436,323
1760879460000,HC2501,2550.15,2563.46,2548.38,2554.55,16815,323
1760879465000,RB2501,3745.92,3746.9,3736.43,3737.04,16603,322
1760879465000,HC2501,2554.91,2557.37,2543.12,2548.21,17186,322
1760879470000,RB2501,3737.62,3746.51,3730.6,3736.56,17019,323
1760879470000,HC2501,2547.4,2552.54,2539.81,2548.04,16460,323
1760879475000,RB2501,3735.61,3736.9,3727,3730.12,15789,323
1760879475000,HC2501,2547.14,2579.01,2545.53,2578.87,16148,323
1760879480000,RB2501,3729.3,3740.01,3723.7,3737.7,15949,322
1760879480000,HC2501,2579.64,2594.16,2578.87,2591.52,16647,322
1760879485000,RB2501,3738.34,3740.97,3727.39,3729.63,16246,322
1760879485000,HC2501,2591.76,2593.03,2577.87,2588.85,16692,322
1760879490000,RB2501,3730.6,3742.24,3727.92,3740.12,15733,323
1760879490000,HC2501,2588.37,2596.11,2585.88,2596.11,16085,323
1760879495000,RB2501,3741.06,3750.16,3736.54,3739.35,16588,322
1760879495000,HC2501,2596.7,2600.98,2589.19,2593.23,16827,322
1760879500000,RB2501,3738.54,3753.79,3736.21,3747.66,16694,323
1760879500000,HC2501,2592.75,2608.18,2592.41,2604.6,17256,323
1760879505000,RB2501,3746.68,3754.63,3737.88,3745.86,15959,322
1760879505000,HC2501,2604.25,2609.4,2597.68,2603.89,16058,322
1760879510000,RB2501,3744.97,3767.26,3740.43,3760.57,16262,322
1760879510000,HC2501,2603.65,2608.97,2599.42,2607.84,16297,322
1760879515000,RB2501,3759.7,3769.56,3757.52,3769.56,16751,323
1760879515000,HC2501,2608.43,2609.79,2598.15,2600.91,16177,323
1760879520000,RB2501,3769.77,3776.45,3764.98,3768.47,15801,322
1760879520000,HC2501,2601.05,2604.54,2589.72,2593.51,15557,322
1760879525000,RB2501,3768.46,3774.43,3760.85,3762.19,16050,320
1760879525000,HC2501,2594.39,2600.15,2590.98,2594.38,16514,320
1760879530000,RB2501,3762.08,3767.13,3745.12,3745.52,16508,320
1760879530000,HC2501,2593.53,2595.85,2584.11,2592.62,16047,320
1760879535000,RB2501,3744.99,3753.54,3738.96,3741.09,16618,319
1760879535000,HC2501,2593.43,2616.16,2593.43,2615.47,16210,319
1760879540000,RB2501,3741.44,3749.97,3738.7,3743.57,16895,319
1760879540000,HC2501,2615.5,2616.98,2595.68,2602.35,16378,319
1760879545000,RB2501,3743.72,3753.2,3738.18,3750.4,16457,319
1760879545000,HC2501,2602.17,2612.61,2595.57,2611.22,16127,319
1760879550000,RB2501,3749.42,3755.05,3738.21,3743.37,16668,323
1760879550000,HC2501,2611.82,2634.05,2611.15,2631.41,16615,323
1760879555000,RB2501,3743.37,3748.59,3733.77,3739.98,15855,319
1760879555000,HC2501,2630.53,2643.05,2626.14,2643.05,16446,319
1760879560000,RB2501,3739.57,3741.5,3725.47,3733.14,16249,319
1760879560000,HC2501,2643.01,2653.24,2636.64,2652.97,16452,319
1760879565000,RB2501,3733.84,3733.84,3703.78,3713,16780,320
1760879565000,HC2501,2652.71,2655.9,2643.44,2648.92,15734,320
1760879570000,RB2501,3712.42,3715.44,3702.71,3710.41,16416,319
1760879570000,HC2501,2648.83,2656.71,2643.86,2644.6,16552,319
1760879575000,RB2501,3711.32,3720.75,3701.54,3718.4,15556,317
1760879575000,HC2501,2644.66,2656.94,2639.72,2646.19,16470,317
1760879580000,RB2501,3717.58,3717.98,3707.95,3710.13,16537,320
1760879580000,HC2501,2645.8,2658.41,2644.27,2651.31,16297,320
1760879585000,RB2501,3709.9,3711.56,3688.59,3692.54,17313,323
1760879585000,HC2501,2650.82,2656.32,2638.13,2640.71,16188,323
1760879590000,RB2501,3692.53,3703.71,3689.15,3692.64,15816,320
1760879590000,HC2501,2640.79,2642.83,2631.39,2637.64,16134,320
1760879595000,RB2501,3692.06,3698.86,3682.78,3689.87,16032,322
1760879595000,HC2501,2638.59,2645.26,2631.61,2638.24,16606,322
1760879600000,RB2501,3689.79,3707.82,3686.38,3707.1,17104,323
1760879600000,HC2501,2637.86,2638.25,2624.17,2625.12,16747,323
1760879605000,RB2501,3707.9,3717.5,3705.35,3714.75,16131,319
1760879605000,HC2501,2624.22,2626.75,2616.11,2621.95,16635,319
1760879610000,RB2501,3715.67,3722.28,3706.16,3717.63,16069,321
1760879610000,HC2501,2621.68,2633.22,2621.16,2626.6,16397,321
1760879615000,RB2501,3717.3,3719.71,3700.15,3701.03,15989,320
1760879615000,HC2501,2627.3,2639.31,2621.98,2637.31,16391,320
1760879620000,RB2501,3701.84,3704.24,3680.8,3695.83,16297,320
1760879620000,HC2501,2637.17,2638.65,2619.78,2624.03,16615,320
1760879625000,RB2501,3695.92,3703.77,3685.44,3701.53,16850,320
1760879625000,HC2501,2623.27,2627.43,2611.04,2611.84,16560,320
1760879630000,RB2501,3700.68,3703.64,3689.8,3691.19,16131,317
1760879630000,HC2501,2612.48,2637.47,2612.04,2634.25,15838,317
1760879635000,RB2501,3690.97,3707.55,3690.51,3706.54,16732,319
1760879635000,HC2501,2635.02,2647.13,2633.18,2640.66,16408,319
1760879640000,RB2501,3707.35,3715.8,3704.3,3705.52,16512,320
1760879640000,HC2501,2640.7,2645.73,2636.35,2641.24,16097,320
1760879645000,RB2501,3704.75,3705.43,3690.45,3691.96,16124,319
1760879645000,HC2501,2641.65,2641.69,2617.33,2632.65,16698,319
1760879650000,RB2501,3692.15,3697.84,3674.6,3678.37,16564,320
1760879650000,HC2501,2633.46,2633.46,2621.92,2624.74,16369,320
1760879655000,RB2501,3677.5,3678.01,3663.5,3665.6,16498,322
1760879655000,HC2501,2625.7,2653.76,2624.63,2642.38,16838,322
1760879660000,RB2501,3664.69,3672.09,3651.41,3651.41,16370,323
1760879660000,HC2501,2642.27,2643.7,2622.95,2627.07,16854,323
1760879665000,RB2501,3651.47,3655.33,3646.53,3650.73,15750,322
1760879665000,HC2501,2626.36,2640.74,2624.9,2632.1,16055,322
1760879670000,RB2501,3650.22,3671.04,3650.07,3667.74,15635,320
1760879670000,HC2501,2632.4,2645.24,2626.6,2644.21,16264,320
1760879675000,RB2501,3667.81,3672.55,3655.92,3659.03,15978,322
1760879675000,HC2501,2643.57,2646.92,2632.11,2632.43,16041,322
1760879680000,RB2501,3659.3,3661.04,3646.26,3648.26,16286,323
1760879680000,HC2501,2632.17,2636.97,2618.63,2623.33,16543,323
1760879685000,RB2501,3649.24,3659.02,3645.62,3659.02,16432,323
1760879685000,HC2501,2624.06,2632.44,2622.88,2628.95,15925,323
1760879690000,RB2501,3659.58,3678.08,3657.86,3672.33,16443,320
1760879690000,HC2501,2629.74,2630.41,2615.96,2616.71,16065,320
1760879695000,RB2501,3672.89,3681.76,3667.88,3678.15,16733,323
1760879695000,HC2501,2617.61,2636.65,2615.29,2636.14,16584,323
1760879700000,RB2501,3678.88,3688.83,3676.29,3684.76,16377,323
1760879700000,HC2501,2635.72,2661.11,2634.45,2655.73,16477,323
1760879705000,RB2501,3684.97,3685.4,3670.66,3679.99,16947,320
1760879705000,HC2501,2655.17,2656.15,2642.85,2644.84,16825,320
1760879710000,RB2501,3680.26,3692.21,3676.06,3677.55,16387,323
1760879710000,HC2501,2644.95,2645.85,2631.49,2639.87,16593,323
1760879715000,RB2501,3676.66,3703.84,3676.44,3703.43,15793,316
1760879715000,HC2501,2638.95,2644.66,2636.16,2642.18,15913,316
1760879720000,RB2501,3703.22,3712.14,3698.92,3710.58,16293,320
1760879720000,HC2501,2643.01,2657.21,2642.64,2656.51,16134,320
1760879725000,RB2501,3711.49,3725.28,3704.37,3723.16,15984,318
1760879725000,HC2501,2656.31,2680.8,2655.62,2678.81,16127,318
1760879730000,RB2501,3723.81,3741.39,3723.62,3741.39,16261,323
1760879730000,HC2501,2678.75,2681.97,2670.7,2672.1,16939,323
1760879735000,RB2501,3741.52,3755.72,3737.4,3749.96,16537,319
1760879735000,HC2501,2673.01,2676.56,2664.39,2672.55,16718,319
1760879740000,RB2501,3750.74,3756.39,3746.43,3747.31,16251,320
1760879740000,HC2501,2672.2,2678.16,2665.88,2672.01,15661,320
1760879745000,RB2501,3746.97,3759.19,3744.47,3752.87,16729,323
1760879745000,HC2501,2671.03,2671.03,2650.84,2660.2,16373,323
1760879750000,RB2501,3752.25,3761.42,3746.57,3753.81,16813,323
1760879750000,HC2501,2660.2,2663.26,2655.62,2660.2,16714,323
1760879755000,RB2501,3754.19,3763.77,3750.72,3750.72,16285,322
1760879755000,HC2501,2659.98,2666.81,2652.23,2659.8,16001,322
1760879760000,RB2501,3749.73,3749.73,3733.78,3739.65,16364,320
1760879760000,HC2501,2660.45,2664.03,2649.95,2656.63,15709,320
1760879765000,RB2501,3739.65,3760.01,3738.05,3757.62,16281,319
1760879765000,HC2501,2656.46,2666.97,2649.52,2662.89,16548,319
1760879770000,RB2501,3757.69,3770.92,3755.62,3770.76,16488,323
1760879770000,HC2501,2663.1,2675.68,2663.1,2669.2,16951,323
1760879775000,RB2501,3769.99,3770.87,3756.43,3768.73,16038,318
1760879775000,HC2501,2668.35,2679.23,2659.84,2666.1,16285,318
1760879780000,RB2501,3768.05,3769.7,3738.13,3739.44,16274,323
1760879780000,HC2501,2666.07,2678.83,2665.2,2673.92,16718,323
1760879785000,RB2501,3739.31,3740.57,3715.94,3723.19,16460,321
1760879785000,HC2501,2674.07,2679.85,2664.3,2670.53,16470,321
1760879790000,RB2501,3722.61,3724.63,3712.32,3716.21,16943,323
1760879790000,HC2501,2669.77,2674.9,2661.73,2673.14,16381,323
1760879795000,RB2501,3716.47,3742.87,3716.13,3742.47,16292,319
1760879795000,HC2501,2672.45,2676.6,2663.69,2666.76,16659,319
1760879800000,RB2501,3742.81,3749.1,3733.64,3746.47,16221,316
1760879800000,HC2501,2666.75,2678.35,2663.66,2676.66,16147,316
1760879805000,RB2501,3746.22,3757.81,3740.37,3753.57,16581,319
1760879805000,HC2501,2676.08,2687.06,2670.89,2673.92,15946,319
1760879810000,RB2501,3754.34,3761.03,3747.61,3754.21,16131,319
1760879810000,HC2501,2673.65,2674.93,2655.74,2666.07,16369,319
1760879815000,RB2501,3754.44,3779.8,3753.92,3777.95,15516,319
1760879815000,HC2501,2665.41,2684,2662.05,2683.42,16293,319
1760879820000,RB2501,3778.7,3779.22,3768.46,3776.51,16714,320
1760879820000,HC2501,2683.86,2683.94,2669.95,2678.71,15936,320
1760879825000,RB2501,3776.5,3782.49,3770.09,3780.22,16737,320
1760879825000,HC2501,2678.08,2684.35,2674.19,2675.19,16301,320
1760879830000,RB2501,3780.59,3794.99,3780.33,3793.79,16903,323
1760879830000,HC2501,2675.34,2676.11,2659.3,2665.33,16662,323
1760879835000,RB2501,3794.31,3807.82,3792.73,3804.59,15988,322
1760879835000,HC2501,2664.95,2686.02,2664.67,2685.09,16186,322
1760879840000,RB2501,3804.17,3820.17,3802.9,3816.81,16923,323
1760879840000,HC2501,2685.76,2687.47,2678.21,2685.36,16489,323
1760879845000,RB2501,3816.49,3824.44,3811.03,3816.4,16478,322
1760879845000,HC2501,2686.17,2691.1,2677.38,2685.32,16227,322
1760879850000,RB2501,3816.17,3823.49,3804.42,3815.08,15868,320
1760879850000,HC2501,2685.56,2691.6,2680.71,2681.5,15919,320
1760879855000,RB2501,3815.22,3818.51,3805.97,3812.96,15679,320
1760879855000,HC2501,2681.26,2691.83,2677.23,2689.58,16528,320
1760879860000,RB2501,3812.75,3829.54,3809.7,3827.24,16348,322
1760879860000,HC2501,2688.96,2695.63,2684.3,2695.63,16360,322
1760879865000,RB2501,3826.56,3840.99,3826.27,3835.68,15653,320
1760879865000,HC2501,2694.64,2698.68,2684.43,2693.45,16778,320
1760879870000,RB2501,3835.48,3849.19,3835.27,3847.29,16245,320
1760879870000,HC2501,2693.97,2696.55,2678.34,2681.99,16368,320
1760879875000,RB2501,3846.37,3847.18,3830.75,3834.22,15997,319
1760879875000,HC2501,2682.84,2690.03,2674.47,2677.66,16127,319
1760879880000,RB2501,3834.44,3839.95,3830.84,3830.84,16085,319
1760879880000,HC2501,2676.78,2677.04,2667.38,2673.19,16365,319
1760879885000,RB2501,3830.34,3834.67,3816.12,3826.56,16653,323
1760879885000,HC2501,2673.62,2678.24,2668.05,2676.17,16857,323
1760879890000,RB2501,3826.6,3829.59,3813.7,3814.72,16790,319
1760879890000,HC2501,2677.05,2681.16,2660.82,2660.82,16426,319
1760879895000,RB2501,3815.36,3831.57,3815.36,3825.06,16403,320
1760879895000,HC2501,2659.89,2675.55,2658.96,2672.33,16312,320
1760879900000,RB2501,3825.26,3836.8,3822.01,3836.77,16388,323
1760879900000,HC2501,2672.04,2676.43,2662.66,2672.16,16791,323
1760879905000,RB2501,3836.06,3838.2,3830.16,3836.13,15900,319
1760879905000,HC2501,2671.54,2671.54,2660.26,2664.73,16059,319
1760879910000,RB2501,3836.77,3853.72,3831.35,3843.73,16725,322
1760879910000,HC2501,2664.47,2669.73,2655.76,2656.78,15837,322
1760879915000,RB2501,3842.96,3845.34,3831.15,3831.61,16535,319
1760879915000,HC2501,2656.85,2659.33,2642.08,2644.31,16102,319
1760879920000,RB2501,3832.22,3844.57,3827.11,3844.37,16832,323
1760879920000,HC2501,2644.79,2650.59,2640.4,2643.6,16063,323
1760879925000,RB2501,3844.26,3857.56,3839.3,3851.75,16902,322
1760879925000,HC2501,2642.89,2674.06,2639,2674.06,15697,322
1760879930000,RB2501,3852.22,3867.14,3849.37,3864.05,16927,320
1760879930000,HC2501,2674.45,2689.72,2671.1,2682.9,16319,320
1760879935000,RB2501,3863.44,3885.8,3861.64,3885.35,15682,320
1760879935000,HC2501,2681.98,2690.32,2678.25,2690.26,16769,320
1760879940000,RB2501,3884.83,3899.43,3880.58,3893.12,16412,322
1760879940000,HC2501,2689.36,2694.14,2680.51,2690.06,16164,322
1760879945000,RB2501,3892.26,3908.64,3884.82,3906.03,16147,320
1760879945000,HC2501,2689.3,2702.93,2681.85,2702.93,16351,320
1760879950000,RB2501,3906.19,3922.05,3905.39,3919.4,16508,323
1760879950000,HC2501,2702.49,2703.81,2692.44,2695.85,16845,323
1760879955000,RB2501,3918.53,3927.79,3917.02,3922.38,15928,319
1760879955000,HC2501,2696.45,2702.93,2682.38,2682.86,16264,319
1760879960000,RB2501,3921.51,3929.45,3918.11,3929.26,16479,319
1760879960000,HC2501,2683.12,2686.99,2672.53,2679.02,16942,319
1760879965000,RB2501,3929.31,3932.91,3922.3,3929.18,16194,320
1760879965000,HC2501,2679.14,2698.81,2678.29,2698.81,16708,320
1760879970000,RB2501,3928.82,3937.44,3926.84,3928.73,16629,319
1760879970000,HC2501,2699.8,2714.01,2699.1,2701.83,15997,319
1760879975000,RB2501,3927.76,3938.15,3922.44,3934.15,16182,322
1760879975000,HC2501,2701.61,2703.41,2694.27,2699.14,16489,322
1760879980000,RB2501,3933.29,3948.76,3931.16,3945.78,16501,322
1760879980000,HC2501,2699.27,2712.35,2696.76,2710.87,16567,322
1760879985000,RB2501,3945.47,3951.83,3939.23,3951.83,17041,323
1760879985000,HC2501,2711.44,2715.19,2709.09,2711.64,16185,323
1760879990000,RB2501,3952.2,3955.51,3934.26,3934.73,16531,322
1760879990000,HC2501,2710.95,2725.03,2704.09,2721.6,16012,322
1760879995000,RB2501,3934.49,3934.57,3921.07,3933.3,16320,323
1760879995000,HC2501,2722.09,2737.8,2720.82,2731.86,16529,323
1760880000000,RB2501,3934.29,3939.01,3919.27,3921.22,16070,322
1760880000000,HC2501,2732.25,2743.87,2732.25,2737.79,15971,322
1760880005000,RB2501,3921.85,3925.24,3918.11,3923.61,16395,322
1760880005000,HC2501,2736.97,2750.41,2736.3,2749.29,16146,322
1760880010000,RB2501,3923.37,3946.34,3922.74,3944.35,15965,323
1760880010000,HC2501,2748.8,2765.03,2747.13,2762.99,16378,323
1760880015000,RB2501,3944.7,3955.37,3943.49,3946.56,16629,323
1760880015000,HC2501,2762.69,2771.98,2760.62,2766.21,16830,323
1760880020000,RB2501,3946.55,3958.81,3942.85,3955.55,16243,323
1760880020000,HC2501,2766.79,2769.1,2759.8,2764.57,16749,323
1760880025000,RB2501,3954.84,3958.35,3946.32,3949.65,16560,323
1760880025000,HC2501,2763.95,2770.46,2753.91,2770.37,15820,323
1760880030000,RB2501,3949.06,3963,3943.37,3953.02,16345,322
1760880030000,HC2501,2770.84,2788.63,2768.15,2782.09,16053,322
1760880035000,RB2501,3952.93,3957.16,3943.86,3945.92,16568,322
1760880035000,HC2501,2781.46,2788.21,2777.66,2787.27,15920,322
1760880040000,RB2501,3945.54,3946.18,3936.02,3936.62,16615,323
1760880040000,HC2501,2786.79,2803.11,2785.47,2799.42,16226,323
1760880045000,RB2501,3936.76,3955.08,3936.45,3953.45,16533,323
1760880045000,HC2501,2799.56,2803.91,2793.42,2797.19,16432,323
1760880050000,RB2501,3953.89,3953.89,3934.59,3941.39,15812,322
1760880050000,HC2501,2797.29,2814.54,2797.29,2804.81,16389,322
1760880055000,RB2501,3942.26,3957.57,3941.98,3951.19,16853,323
1760880055000,HC2501,2803.82,2827.36,2802.19,2822.78,16808,323
1760880060000,RB2501,3951.04,3956.75,3946.99,3955.37,16170,323
1760880060000,HC2501,2823.76,2832.58,2821.3,2830.45,16913,323
1760880065000,RB2501,3955.74,3965.93,3941.23,3941.7,15933,323
1760880065000,HC2501,2831.41,2840.44,2829.61,2834.83,16624,323
1760880070000,RB2501,3942.64,3946.85,3933.7,3936.5,16308,323
1760880070000,HC2501,2834.07,2837.86,2823.61,2832.52,16364,323
1760880075000,RB2501,3936.61,3939.94,3927.68,3930.65,16144,323
1760880075000,HC2501,2832,2834.96,2816.3,2820.76,16307,323
1760880080000,RB2501,3929.97,3933.04,3924.99,3928.83,15920,323
1760880080000,HC2501,2820.08,2827.62,2815.37,2817.11,16405,323
1760880085000,RB2501,3928.58,3946.04,3925.37,3944.94,16462,322
1760880085000,HC2501,2817.16,2817.21,2797.12,2802.56,16244,322
1760880090000,RB2501,3944.77,3947.56,3932.39,3932.67,16462,323
1760880090000,HC2501,2802.83,2802.83,2779,2781.52,17233,323
1760880095000,RB2501,3932.93,3934.14,3920.66,3924.73,16603,323
1760880095000,HC2501,2781.36,2789.36,2780.43,2786.01,15873,323
1760880100000,RB2501,3923.92,3946.69,3923.92,3946.02,16549,323
1760880100000,HC2501,2786.89,2793.77,2784.74,2789.43,16220,323
1760880105000,RB2501,3946.67,3948.33,3931.94,3933.36,16211,323
1760880105000,HC2501,2789.84,2811.32,2789.13,2809.12,16495,323
1760880110000,RB2501,3933.27,3946.96,3926.12,3945.39,16262,322
1760880110000,HC2501,2810.03,2813.18,2804.68,2804.68,15932,322
1760880115000,RB2501,3945.04,3967.36,3939.63,3959,16752,322
1760880115000,HC2501,2805.67,2817.39,2800.54,2814.66,16394,322
1760880120000,RB2501,3958.14,3990.38,3955.54,3985.5,15747,323
1760880120000,HC2501,2815.4,2823.45,2812.58,2813.71,16967,323
1760880125000,RB2501,3986.46,3988.57,3972.27,3979.25,16230,322
1760880125000,HC2501,2814.4,2816.56,2800.85,2814.44,15733,322
1760880130000,RB2501,3979.15,3984.17,3974.14,3976.41,16249,323
1760880130000,HC2501,2814.53,2826.58,2808.87,2824.97,16388,323
1760880135000,RB2501,3976.9,3976.9,3964.84,3971.7,16005,322
1760880135000,HC2501,2825.04,2841.45,2821.26,2835.95,16224,322
1760880140000,RB2501,3971.75,3989.99,3968.92,3987.23,16736,322
1760880140000,HC2501,2836.05,2842.94,2830.21,2835.97,16015,322
1760880145000,RB2501,3987.42,3991.35,3976.73,3991.35,16507,323
1760880145000,HC2501,2835.23,2840.57,2820.76,2821.52,16170,323
1760880150000,RB2501,3991.67,3998.47,3986.37,3996.68,16606,322
1760880150000,HC2501,2822.43,2828.26,2813.74,2815.71,16704,322
1760880155000,RB2501,3997.21,4003,3987.5,3996.89,16962,323
1760880155000,HC2501,2816.38,2823.51,2809.64,2809.64,16629,323
1760880160000,RB2501,3996.57,4005.55,3993.36,3995.94,16232,323
1760880160000,HC2501,2810.59,2810.94,2790.34,2800.8,16143,323
1760880165000,RB2501,3996.53,3999.22,3985.91,3998.75,16192,322
1760880165000,HC2501,2800.75,2807.18,2796.23,2806.65,16741,322
1760880170000,RB2501,3999.54,4010.92,3996.72,4009.12,16464,322
1760880170000,HC2501,2807.31,2818.19,2804.39,2817.92,16119,322
1760880175000,RB2501,4008.22,4014.39,3999.27,4008.94,16151,323
1760880175000,HC2501,2816.98,2828.31,2810.89,2820.71,16284,323
1760880180000,RB2501,4008.17,4032.79,4005.51,4028.72,16078,322
1760880180000,HC2501,2819.87,2826,2810.82,2813.94,16934,322
1760880185000,RB2501,4029.21,4032.73,4017.76,4032.62,15850,323
1760880185000,HC2501,2813.49,2822.34,2808.69,2821.09,16634,323
1760880190000,RB2501,4032.99,4043.74,4026.34,4039.51,16055,322
1760880190000,HC2501,2820.56,2833.35,2817.23,2833.09,16523,322
1760880195000,RB2501,4040.36,4050.11,4027.52,4027.52,16963,322
1760880195000,HC2501,2832.53,2846.1,2830.97,2841.32,16423,322
1760880200000,RB2501,4027.81,4033.03,4022.95,4031.95,16726,323
1760880200000,HC2501,2840.62,2856.59,2840.52,2846.52,16548,323
1760880205000,RB2501,4031.73,4032.14,4021.66,4028.23,15813,323
1760880205000,HC2501,2846.96,2852.92,2839.99,2843.94,16184,323
1760880210000,RB2501,4027.76,4034.59,4021.37,4034.59,16202,322
1760880210000,HC2501,2843.99,2860.38,2843.99,2859.11,16933,322
1760880215000,RB2501,4035.38,4040.65,4022.65,4028.91,16313,322
1760880215000,HC2501,2860.08,2883.21,2854.38,2881.51,16324,322
1760880220000,RB2501,4029.48,4037.21,4025.35,4026.22,17021,323
1760880220000,HC2501,2881.62,2882.91,2853.36,2855.34,16594,323
1760880225000,RB2501,4027.09,4046.12,4025.33,4045.49,15838,322
1760880225000,HC2501,2855.57,2867.15,2849.53,2855.87,17184,322
1760880230000,RB2501,4044.8,4047.69,4036.13,4040,16181,323
1760880230000,HC2501,2856.4,2863.67,2854.51,2861.82,15900,323
1760880235000,RB2501,4040.89,4042.12,4021.17,4038.07,15995,322
1760880235000,HC2501,2860.91,2864.94,2849.66,2851.84,16779,322
1760880240000,RB2501,4037.53,4048.45,4035.83,4044.81,16709,322
1760880240000,HC2501,2851.03,2853.92,2843.09,2844.77,16821,322
1760880245000,RB2501,4045.8,4054.43,4040.31,4040.88,16502,323
1760880245000,HC2501,2845.06,2845.19,2826.85,2829.78,16797,323
1760880250000,RB2501,4041.54,4044.43,4028.08,4033.55,16540,322
1760880250000,HC2501,2829.05,2829.58,2814.06,2816.53,16914,322
1760880255000,RB2501,4032.65,4034.62,4018.27,4024.47,17008,322
1760880255000,HC2501,2817.24,2817.24,2802.94,2809.57,16318,322
1760880260000,RB2501,4023.94,4027.59,4017.55,4023.31,16095,323
1760880260000,HC2501,2810.45,2810.45,2795.92,2801.97,16421,323
1760880265000,RB2501,4022.89,4042.59,4018.81,4040.71,16536,323
1760880265000,HC2501,2801.96,2831.61,2798.13,2829.33,15940,323
1760880270000,RB2501,4040,4042.1,4014.09,4018.76,16456,322
1760880270000,HC2501,2828.34,2830.9,2815.42,2826.68,16552,322
1760880275000,RB2501,4019.72,4035.22,4019.34,4028.33,16663,322
1760880275000,HC2501,2826.57,2850.41,2826.57,2839.59,16285,322
1760880280000,RB2501,4028.09,4028.37,4006.16,4015.95,15878,323
1760880280000,HC2501,2840.06,2867.73,2836.02,2867.73,17225,323
1760880285000,RB2501,4016.72,4028.8,4006.29,4027.69,16065,323
1760880285000,HC2501,2868.47,2889.74,2868.04,2886.69,16597,323
1760880290000,RB2501,4027.3,4048.13,4026.58,4048.13,16535,323
1760880290000,HC2501,2887.31,2891.46,2874.75,2877.3,16873,323
1760880295000,RB2501,4048.56,4049.57,4028.58,4028.58,16497,323
1760880295000,HC2501,2877.19,2877.92,2861.83,2865.87,16189,323
1760880300000,RB2501,4028.49,4047.05,4026.61,4043.93,16533,323
1760880300000,HC2501,2865.74,2871.38,2856.8,2870.44,16737,323
1760880305000,RB2501,4043.78,4044.43,4022.77,4025.24,16649,323
1760880305000,HC2501,2871.09,2878.56,2861.09,2863.65,16847,323
1760880310000,RB2501,4024.52,4028.29,4016.35,4020.91,16814,323
1760880310000,HC2501,2863.49,2870.18,2859.44,2867.99,16269,323
1760880315000,RB2501,4021.08,4023.78,4002.32,4010.66,15887,322
1760880315000,HC2501,2868.88,2870.21,2857.14,2861.87,16772,322
1760880320000,RB2501,4010.61,4011.05,3996.5,4002.33,16270,323
1760880320000,HC2501,2861.68,2865.83,2852.48,2864.88,16591,323
1760880325000,RB2501,4001.72,4002.64,3987.94,3995.31,16249,322
1760880325000,HC2501,2865.78,2865.83,2858.21,2865.83,16638,322
1760880330000,RB2501,3995.9,3996.64,3975.94,3983.97,16681,322
1760880330000,HC2501,2865.68,2879.79,2863.68,2872.22,16254,322
1760880335000,RB2501,3983.48,3985.76,3971.39,3980.31,16704,323
1760880335000,HC2501,2872.36,2873.39,2847.32,2852.99,16240,323
1760880340000,RB2501,3981.09,3993.21,3980.83,3992.94,16112,322
1760880340000,HC2501,2852.72,2860.68,2850.29,2859.9,16688,322
1760880345000,RB2501,3992.54,3994.85,3984.22,3990.32,16661,323
1760880345000,HC2501,2860.36,2862.84,2853.09,2858.49,16271,323
1760880350000,RB2501,3989.41,3996.9,3982.79,3985.11,16810,322
1760880350000,HC2501,2858.06,2858.06,2834.32,2836.06,16743,322
1760880355000,RB2501,3985.87,3990.92,3974.45,3985.31,16880,322
1760880355000,HC2501,2835.07,2839.92,2822.25,2822.6,16480,322
1760880360000,RB2501,3985.28,4002.65,3983.11,3997.91,16769,323
1760880360000,HC2501,2823.23,2828.54,2816.66,2827.3,17094,323
1760880365000,RB2501,3998.39,4002.5,3991.3,3991.74,16365,322
1760880365000,HC2501,2826.49,2829.17,2820.3,2820.49,16226,322
1760880370000,RB2501,3992.62,3995.87,3983.38,3993.37,16308,323
1760880370000,HC2501,2821.18,2824.17,2803.28,2812.22,16899,323
1760880375000,RB2501,3994.08,3995.89,3984.26,3985.46,16993,322
1760880375000,HC2501,2811.53,2814.09,2797.11,2810.9,15832,322
1760880380000,RB2501,3985.18,4000.16,3984.92,3997.9,16205,322
1760880380000,HC2501,2810.23,2813.65,2799.75,2809.29,16337,322
1760880385000,RB2501,3997.7,4003.17,3990.83,3996.11,16482,323
1760880385000,HC2501,2808.35,2812.94,2801.68,2810.52,17006,323
1760880390000,RB2501,3996.98,4007.82,3988.4,4001.45,16563,322
1760880390000,HC2501,2810.2,2825.4,2808.57,2819.94,16838,322
1760880395000,RB2501,4001.03,4009.85,3997.11,4004.13,16088,319
1760880395000,HC2501,2819.12,2831.2,2814.98,2825.53,16077,319
1760880400000,RB2501,4004.57,4011.4,4000.08,4005.04,16840,323
1760880400000,HC2501,2824.7,2828.52,2814.06,2816.96,16640,323
1760880405000,RB2501,4005.62,4010.06,3998.93,3999.87,16964,322
1760880405000,HC2501,2817.92,2827.26,2812.63,2823.76,15956,322
1760880410000,RB2501,3999.8,3999.8,3988.32,3989.17,17072,323
1760880410000,HC2501,2824.47,2828.81,2816.72,2817.6,16416,323
1760880415000,RB2501,3988.91,3992.4,3981.42,3985.2,16041,320
1760880415000,HC2501,2817.5,2830.86,2816.9,2821.13,16561,320
1760880420000,RB2501,3986.07,3989.84,3981.16,3982.99,16109,323
1760880420000,HC2501,2820.18,2826.73,2811.02,2816.38,16325,323
1760880425000,RB2501,3982.88,3991.46,3977.18,3979.88,15576,317
1760880425000,HC2501,2816.87,2816.87,2794.12,2797.03,16514,317
1760880430000,RB2501,3980.78,3996.42,3978.26,3996.42,16394,319
1760880430000,HC2501,2796.81,2805.2,2795.44,2800.64,16191,319
1760880435000,RB2501,3996.76,3998.64,3978.69,3987.05,16392,322
1760880435000,HC2501,2800.08,2820.29,2800.08,2817.51,15697,322
1760880440000,RB2501,3986.93,3991.27,3980.88,3983.36,16167,323
1760880440000,HC2501,2817.71,2823.11,2812.15,2815.45,16021,323
1760880445000,RB2501,3983.63,3984.97,3966.4,3966.59,17042,320
1760880445000,HC2501,2816.01,2824.66,2806.53,2822.16,16304,320
1760880450000,RB2501,3967.01,3970.94,3959.88,3960.28,15827,319
1760880450000,HC2501,2821.92,2825.73,2813.1,2813.75,16753,319
1760880455000,RB2501,3960.51,3978.47,3959.53,3978.36,16263,323
1760880455000,HC2501,2814.62,2815.4,2801.94,2808.47,16794,323
1760880460000,RB2501,3979.12,3990.62,3976.87,3980.81,16910,319
1760880460000,HC2501,2807.81,2826.19,2804.41,2825.41,15991,319
1760880465000,RB2501,3980.38,3986.57,3974.12,3984.11,16762,322
1760880465000,HC2501,2824.86,2849.24,2822.48,2848.75,16486,322
1760880470000,RB2501,3984.3,3995.38,3975.62,3992.39,16025,321
1760880470000,HC2501,2849.08,2859.43,2846.03,2858.05,17061,321
1760880475000,RB2501,3992.03,3995.89,3981.41,3995.53,16091,320
1760880475000,HC2501,2857.68,2861.86,2846.02,2850.12,15927,320
1760880480000,RB2501,3996.45,3999.02,3988.97,3994.87,16105,320
1760880480000,HC2501,2850.15,2862.85,2844.54,2861.37,16264,320
1760880485000,RB2501,3995.83,4006.72,3991.36,3994.15,16204,319
1760880485000,HC2501,2861.02,2868.5,2854.56,2864.59,16272,319
1760880490000,RB2501,3994.73,4011.53,3993.27,3999.59,15966,319
1760880490000,HC2501,2864.91,2867.45,2856.83,2859.05,15921,319
1760880495000,RB2501,3998.77,3999.17,3990.89,3997.07,16335,319
1760880495000,HC2501,2858.56,2864.35,2854.89,2857.96,16787,319
1760880500000,RB2501,3996.63,4000.19,3992.5,3997.81,15408,321
1760880500000,HC2501,2858,2858,2831.42,2833.44,16806,321
1760880505000,RB2501,3998.33,4003.73,3985.26,3992.23,16668,322
1760880505000,HC2501,2833.99,2835.28,2819.45,2823.38,16301,322
1760880510000,RB2501,3991.94,3993.7,3982.46,3987.99,16345,321
1760880510000,HC2501,2823.47,2834.84,2821.91,2833.31,17059,321
1760880515000,RB2501,3988.27,4000.08,3985.08,3994.47,16134,322
1760880515000,HC2501,2832.47,2846.86,2826.68,2838.66,17418,322
1760880520000,RB2501,3995.03,3998.84,3986.09,3989.07,17000,322
1760880520000,HC2501,2838.6,2848.26,2836.93,2846.83,16626,322
1760880525000,RB2501,3988.35,4000.93,3984.85,4000.23,15847,323
1760880525000,HC2501,2846.08,2847.47,2827.63,2830.55,16490,323
1760880530000,RB2501,3999.84,4003.62,3991.76,3995.4,15609,314
1760880530000,HC2501,2830.12,2830.12,2796.62,2797.66,16315,314
1760880535000,RB2501,3995.44,4020.44,3994.98,4014.24,16487,320
1760880535000,HC2501,2798.41,2804.76,2794.73,2801.71,16113,320
1760880540000,RB2501,4013.73,4028.39,4012.54,4028.39,16476,321
1760880540000,HC2501,2802.63,2807.66,2796.82,2807.44,16194,321
1760880545000,RB2501,4029.19,4031.56,4014.62,4019.18,17102,322
1760880545000,HC2501,2807.57,2815.73,2801.49,2814.75,16617,322
1760880550000,RB2501,4019.2,4024.62,4012.79,4018.71,16243,320
1760880550000,HC2501,2815.21,2826,2811.25,2826,16217,320
1760880555000,RB2501,4018.26,4025.57,4006.11,4014.88,16301,323
1760880555000,HC2501,2825.73,2827.07,2814.66,2815.18,16213,323
1760880560000,RB2501,4014.13,4026.94,4009.18,4009.53,16748,323
1760880560000,HC2501,2814.49,2818.51,2800.48,2802.46,16945,323
1760880565000,RB2501,4008.61,4012.87,4000.5,4002.38,16848,320
1760880565000,HC2501,2802.23,2806.03,2790.09,2795.38,16162,320
1760880570000,RB2501,4002.95,4004,3987.76,3991.65,16200,323
1760880570000,HC2501,2795.03,2807.01,2795.03,2805.93,16544,323
1760880575000,RB2501,3990.8,4002.81,3988.39,4000.33,15934,321
1760880575000,HC2501,2805.28,2810.6,2794.4,2800.22,16663,321
1760880580000,RB2501,3999.86,4008.9,3996.59,4003.77,15810,319
1760880580000,HC2501,2799.82,2806.86,2794.7,2804.05,16393,319
1760880585000,RB2501,4002.77,4015.2,4002.01,4012,16276,323
1760880585000,HC2501,2804.95,2807.78,2792.63,2794.3,16371,323
1760880590000,RB2501,4012.26,4026.6,4010.82,4021.66,17038,320
1760880590000,HC2501,2794.23,2800.77,2789.88,2795.04,16172,320
1760880595000,RB2501,4022.49,4031.96,4018.2,4025.89,15845,321
1760880595000,HC2501,2794.56,2797.83,2787.42,2792.44,16292,321
1760880600000,RB2501,4025.38,4028.75,4016.32,4027.74,17210,323
1760880600000,HC2501,2793,2795.7,2784.37,2792.86,16483,323
1760880605000,RB2501,4027.74,4044.52,4024.72,4043.58,17083,323
1760880605000,HC2501,2793.68,2794.84,2780.95,2785.71,16533,323
1760880610000,RB2501,4043.26,4054.91,4043.26,4053.36,17001,324
1760880610000,HC2501,2786.31,2788.34,2777.76,2786.99,16020,324
1760880615000,RB2501,4053.99,4071.43,4051.4,4066.47,16140,319
1760880615000,HC2501,2786.29,2789.42,2772.62,2780.83,16411,319
1760880620000,RB2501,4067.02,4080.52,4063.98,4068.88,16228,322
1760880620000,HC2501,2780.48,2782.97,2772.06,2782.43,15740,322
1760880625000,RB2501,4068.79,4074.98,4064.99,4065.25,16278,322
1760880625000,HC2501,2782.86,2792.48,2779.9,2791.37,16135,322
1760880630000,RB2501,4065.05,4068.01,4045.9,4046.64,16521,319
1760880630000,HC2501,2790.53,2808.77,2789.88,2805.24,15758,319
1760880635000,RB2501,4047.24,4054.07,4035.84,4039.44,15893,319
1760880635000,HC2501,2806.09,2809.12,2799.05,2803.51,16163,319
1760880640000,RB2501,4039.28,4041.82,4030.09,4031.07,16452,322
1760880640000,HC2501,2803.5,2817.8,2802.07,2810.86,16469,322
1760880645000,RB2501,4031.79,4036.94,4029.3,4035.38,16388,322
1760880645000,HC2501,2810.36,2818.45,2805.14,2818.45,16203,322
1760880650000,RB2501,4035.05,4046.57,4035.05,4042.08,16842,321
1760880650000,HC2501,2818.27,2819.97,2791.89,2795.78,16992,321
1760880655000,RB2501,4043.03,4051.92,4034.29,4048.67,17030,323
1760880655000,HC2501,2795.18,2799.23,2785.95,2786.87,16455,323
1760880660000,RB2501,4049.23,4053.66,4038.46,4052.9,16085,322
1760880660000,HC2501,2786.57,2791.27,2768.48,2771.2,16886,322
1760880665000,RB2501,4052.59,4058.72,4035.86,4037.53,16297,323
1760880665000,HC2501,2772.1,2782.58,2756.86,2757.02,16139,323
1760880670000,RB2501,4037.15,4042.38,4015.92,4018.27,16363,321
1760880670000,HC2501,2757.63,2759.77,2749.64,2758.42,16688,321
1760880675000,RB2501,4017.63,4029.42,4012.7,4028.61,16265,322
1760880675000,HC2501,2759.31,2781.69,2755.8,2781.1,16184,322
1760880680000,RB2501,4027.72,4060.56,4027.72,4050.34,16388,323
1760880680000,HC2501,2781.58,2789.03,2774.76,2774.77,16653,323
1760880685000,RB2501,4050.51,4055.15,4047.21,4053.16,16639,324
1760880685000,HC2501,2775.3,2778.45,2769.79,2777.21,16306,324
1760880690000,RB2501,4052.77,4067.13,4048.38,4057.08,16378,323
1760880690000,HC2501,2776.59,2783.48,2767.68,2779.46,16457,323
1760880695000,RB2501,4058.08,4061.19,4045.66,4047.85,15909,323
1760880695000,HC2501,2778.57,2787.31,2774.01,2786.21,16540,323
1760880700000,RB2501,4046.86,4062.36,4046.03,4060.12,15579,323
1760880700000,HC2501,2785.33,2797.27,2782.4,2784.84,17243,323
1760880705000,RB2501,4059.65,4061.49,4040.75,4045.48,16988,322
1760880705000,HC2501,2783.89,2792.21,2778.27,2781.27,16701,322
1760880710000,RB2501,4044.53,4053,4041.51,4043.18,16084,322
1760880710000,HC2501,2780.35,2780.86,2764.14,2769.29,16517,322
1760880715000,RB2501,4042.47,4052.56,4039.28,4040.19,15897,322
1760880715000,HC2501,2768.69,2772.76,2756.17,2759.33,16701,322
1760880720000,RB2501,4040.88,4055.18,4039.66,4054.12,17095,322
1760880720000,HC2501,2759.31,2762.22,2750.58,2757.61,15874,322
1760880725000,RB2501,4053.68,4056.18,4047.54,4052.04,16537,322
1760880725000,HC2501,2757.03,2759.86,2748.55,2753.54,16298,322
1760880730000,RB2501,4051.2,4057.41,4047.79,4050.72,16630,322
1760880730000,HC2501,2752.67,2762.84,2745.67,2762.84,16603,322
1760880735000,RB2501,4050.82,4054.47,4040.04,4042.38,16425,322
1760880735000,HC2501,2762.81,2764.08,2748.13,2752.17,15582,322
1760880740000,RB2501,4041.57,4052.06,4037.98,4044.72,16716,323
1760880740000,HC2501,2752.38,2757.34,2744.79,2757.04,16293,323
1760880745000,RB2501,4044.92,4046.11,4031.06,4031.06,15969,322
1760880745000,HC2501,2757.24,2761.14,2740.92,2741.69,16075,322
1760880750000,RB2501,4031.12,4044.01,4030.08,4037.63,16073,322
1760880750000,HC2501,2741.94,2752.65,2730.7,2742,16500,322
1760880755000,RB2501,4037.72,4043.74,4024.21,4026.16,16348,322
1760880755000,HC2501,2742.11,2747.41,2733.7,2746.55,16586,322
1760880760000,RB2501,4027.02,4044.41,4026.54,4040.94,16142,321
1760880760000,HC2501,2747.15,2750.21,2737.71,2743.29,16034,321
1760880765000,RB2501,4041.79,4043.8,4031.83,4039.76,17167,323
1760880765000,HC2501,2742.33,2743.96,2733.27,2733.27,16267,323
1760880770000,RB2501,4039.56,4043.51,4032.92,4033.78,16904,323
1760880770000,HC2501,2733.65,2742.83,2727.33,2736.27,16380,323
1760880775000,RB2501,4034.19,4043.17,4033.06,4034.95,16559,321
1760880775000,HC2501,2737.15,2742.11,2721.52,2729.03,15997,321
1760880780000,RB2501,4034.76,4051.05,4034.13,4048.25,17075,323
1760880780000,HC2501,2728.19,2736.59,2724.24,2725.06,16060,323
1760880785000,RB2501,4048.43,4056.15,4047.87,4052.06,17311,323
1760880785000,HC2501,2725.58,2730.18,2720.55,2721.2,16884,323
1760880790000,RB2501,4051.51,4064.75,4050.34,4064.75,16739,322
1760880790000,HC2501,2720.34,2721.34,2712.67,2714.87,16767,322
1760880795000,RB2501,4063.87,4067.77,4055.34,4057.25,16674,322
1760880795000,HC2501,2715.61,2723.68,2707.74,2719.36,16269,322
1760880800000,RB2501,4058.09,4070.01,4056.07,4058.17,16121,322
1760880800000,HC2501,2718.89,2718.95,2709.34,2709.46,16141,322
1760880805000,RB2501,4058.78,4066.85,4055.11,4065.83,16466,323
1760880805000,HC2501,2710.17,2720.53,2703.7,2703.91,16657,323
1760880810000,RB2501,4064.84,4073.52,4060.98,4072.09,16490,322
1760880810000,HC2501,2702.99,2709.85,2699.26,2708.6,16181,322
1760880815000,RB2501,4071.86,4075.1,4066.6,4074.52,16411,321
1760880815000,HC2501,2709.39,2723.2,2708.2,2710.86,16640,321
1760880820000,RB2501,4074.24,4079.87,4068.58,4079.34,16587,322
1760880820000,HC2501,2711.24,2712.41,2687.7,2689.54,16310,322
1760880825000,RB2501,4079.86,4086.69,4076.32,4084.23,16130,322
1760880825000,HC2501,2689.04,2706.96,2686.86,2705.81,16816,322
1760880830000,RB2501,4083.78,4096.85,4081.57,4092.79,16290,322
1760880830000,HC2501,2705.07,2707.87,2699.87,2701.69,16153,322
1760880835000,RB2501,4093.05,4095.87,4076.51,4078.19,16063,322
1760880835000,HC2501,2701.59,2719.09,2701.59,2717.87,16002,322
1760880840000,RB2501,4078.2,4091.02,4074.14,4084.99,16947,322
1760880840000,HC2501,2717.29,2724.21,2711.14,2715.12,16038,322
1760880845000,RB2501,4085,4092.51,4077.57,4089.74,16644,322
1760880845000,HC2501,2714.79,2717.83,2699.4,2706.56,16422,322
1760880850000,RB2501,4089.77,4093.27,4074.42,4078.17,16214,323
1760880850000,HC2501,2706.48,2712.42,2693.38,2697.57,16460,323
1760880855000,RB2501,4078.02,4079.24,4058.57,4064.12,16439,321
1760880855000,HC2501,2698.39,2703.63,2690.29,2693.31,16524,321
1760880860000,RB2501,4064.9,4066.56,4056.97,4063.27,16760,323
1760880860000,HC2501,2693.91,2712.12,2689.8,2710.56,16623,323
1760880865000,RB2501,4063.11,4064.35,4055.38,4059.64,16340,323
1760880865000,HC2501,2711.45,2715.41,2704.3,2714.53,16547,323
1760880870000,RB2501,4058.83,4061.48,4046.53,4046.53,16170,321
1760880870000,HC2501,2713.78,2714.41,2703.86,2711.35,16677,321
1760880875000,RB2501,4047.16,4062.92,4046.39,4059.89,16515,322
1760880875000,HC2501,2710.58,2712.53,2702.27,2704.05,16896,322
1760880880000,RB2501,4060.77,4069.15,4055.56,4067.39,16488,322
1760880880000,HC2501,2704.72,2704.72,2687.08,2690.69,16177,322
1760880885000,RB2501,4067.19,4072.95,4058.56,4070.07,16904,322
1760880885000,HC2501,2690.42,2698.9,2682.22,2684.8,16052,322
1760880890000,RB2501,4069.47,4077.97,4055.96,4056.96,16224,322
1760880890000,HC2501,2684.93,2699.33,2684.24,2697.28,15898,322
1760880895000,RB2501,4056.72,4069.09,4051.42,4068.33,16521,322
1760880895000,HC2501,2697.69,2698.16,2686.01,2692.44,16511,322
1760880900000,RB2501,4068.86,4071.96,4052.74,4062.27,16492,322
1760880900000,HC2501,2692.7,2696.03,2676.05,2683.59,16011,322
1760880905000,RB2501,4063.11,4065.54,4044.28,4046.65,15888,323
1760880905000,HC2501,2682.65,2687.35,2674.26,2679.01,16272,323
1760880910000,RB2501,4046.33,4056.39,4045.08,4049.71,16748,321
1760880910000,HC2501,2678.17,2678.17,2661.32,2665.31,15859,321
1760880915000,RB2501,4049.87,4056.41,4043.41,4047.36,16047,322
1760880915000,HC2501,2665.75,2673.45,2655.9,2657.79,16351,322
1760880920000,RB2501,4048.08,4058.39,4046.55,4058.39,16222,322
1760880920000,HC2501,2658.51,2675.05,2656.03,2664.77,16163,322
1760880925000,RB2501,4058.65,4060.84,4046.82,4046.82,16280,322
1760880925000,HC2501,2664.66,2671.92,2656.75,2666.09,16719,322
1760880930000,RB2501,4047.58,4055.45,4045.06,4052.02,16748,322
1760880930000,HC2501,2665.79,2675.97,2665.08,2672.53,16910,322
1760880935000,RB2501,4051.46,4059.24,4045.99,4053.97,16108,322
1760880935000,HC2501,2672.87,2689.48,2672.07,2684.03,16282,322
1760880940000,RB2501,4054.08,4065.45,4051.61,4065.4,16469,322
1760880940000,HC2501,2683.33,2690.45,2677.59,2683.85,16713,322
1760880945000,RB2501,4066.13,4079.12,4065.13,4074.03,15847,321
1760880945000,HC2501,2683.17,2686.71,2670.96,2677.74,16569,321
1760880950000,RB2501,4074.77,4077.23,4057.58,4061.44,16415,322
1760880950000,HC2501,2678.12,2682.22,2672.32,2676.95,16189,322
1760880955000,RB2501,4061.91,4062.97,4038.16,4040.09,15811,321
1760880955000,HC2501,2677.62,2684.83,2674.5,2681.31,15463,321
1760880960000,RB2501,4040.69,4053.07,4039.51,4048.06,16257,322
1760880960000,HC2501,2681.47,2681.74,2660.72,2666.1,16061,322
1760880965000,RB2501,4047.54,4048.93,4037.83,4041.92,16500,322
1760880965000,HC2501,2666.53,2672.47,2662.2,2671.76,16249,322
1760880970000,RB2501,4041.62,4062.94,4041.46,4062.08,16430,322
1760880970000,HC2501,2671.92,2686.68,2664.67,2683.89,16832,322
1760880975000,RB2501,4061.66,4070.32,4056.53,4066.38,16589,321
1760880975000,HC2501,2684.63,2693.05,2676.71,2686.18,15964,321
1760880980000,RB2501,4066.14,4069.76,4059.46,4062.86,16739,322
1760880980000,HC2501,2686.11,2710.22,2682.83,2700.83,16617,322
1760880985000,RB2501,4062.89,4063.96,4054.62,4059.12,16746,322
1760880985000,HC2501,2700.27,2715.34,2698.68,2709.72,15829,322
1760880990000,RB2501,4058.35,4061.49,4048.88,4049.67,16623,322
1760880990000,HC2501,2710.37,2726.65,2707.2,2719.56,17024,322
1760880995000,RB2501,4050.47,4061.04,4049.41,4055.15,16785,322
1760880995000,HC2501,2718.73,2723.98,2710.55,2723.66,15807,322
1760881000000,RB2501,4054.31,4057.05,4040.19,4040.19,16866,322
1760881000000,HC2501,2723.91,2729.82,2718.93,2728.14,16392,322
1760881005000,RB2501,4040.46,4046.39,4031.96,4043.11,16628,322
1760881005000,HC2501,2729.01,2730.77,2720.27,2728.86,16657,322
1760881010000,RB2501,4044.1,4051.35,4041.94,4050.86,16679,321
1760881010000,HC2501,2728.72,2730.74,2720.4,2724.02,15975,321
1760881015000,RB2501,4051.57,4054.81,4028.86,4030.05,16362,323
1760881015000,HC2501,2724.64,2728.15,2717.87,2720.11,16334,323
1760881020000,RB2501,4029.75,4038.61,4027.74,4033.36,16598,322
1760881020000,HC2501,2719.77,2726.74,2711.63,2720.04,16169,322
1760881025000,RB2501,4034.35,4040.31,4029.89,4029.89,15958,322
1760881025000,HC2501,2719.66,2722.11,2709.55,2710.33,16382,322
1760881030000,RB2501,4030.35,4034.87,4019.78,4019.78,16465,321
1760881030000,HC2501,2709.61,2709.61,2688.42,2692.2,16213,321
1760881035000,RB2501,4018.81,4018.81,4009.15,4011.49,16682,323
1760881035000,HC2501,2691.64,2711.79,2686.04,2710.22,15572,323
1760881040000,RB2501,4010.78,4023.27,4008.08,4019.25,15778,321
1760881040000,HC2501,2709.93,2711.36,2698.55,2707.15,16280,321
1760881045000,RB2501,4019.87,4035.72,4016.54,4035.72,16394,322
1760881045000,HC2501,2707.67,2717.68,2701.11,2716.02,16869,322
1760881050000,RB2501,4035.33,4044.96,4031.25,4044.5,16718,321
1760881050000,HC2501,2715.85,2719.31,2704.87,2708.55,15522,321
1760881055000,RB2501,4044.29,4053.4,4038.03,4050.38,16721,322
1760881055000,HC2501,2707.78,2714.39,2705.83,2714.39,16033,322
1760881060000,RB2501,4050.81,4053.82,4028.42,4029.9,16760,322
1760881060000,HC2501,2713.77,2716.62,2699.95,2705.4,17559,322
1760881065000,RB2501,4030.46,4031.97,4010.12,4014.66,15764,322
1760881065000,HC2501,2705.88,2714.37,2704.08,2708.93,16651,322
1760881070000,RB2501,4013.84,4024.61,4011.43,4023.62,16401,321
1760881070000,HC2501,2708,2715.45,2697.04,2715.45,15491,321
1760881075000,RB2501,4023.85,4038.6,4021.07,4038,16849,322
1760881075000,HC2501,2715.13,2717.44,2707.6,2713.04,17175,322
1760881080000,RB2501,4038.19,4051.82,4034.38,4051.11,16540,323
1760881080000,HC2501,2712.95,2717.39,2705.45,2708.69,16359,323
1760881085000,RB2501,4050.33,4055.75,4012.67,4013.53,16894,322
1760881085000,HC2501,2708.89,2717.96,2707.07,2707.46,16229,322
1760881090000,RB2501,4013.05,4015.51,3994.56,3996.63,16421,322
1760881090000,HC2501,2707.78,2724.21,2704.3,2714.28,16403,322
1760881095000,RB2501,3997.14,3997.71,3981,3989.59,16748,322
1760881095000,HC2501,2713.3,2714.61,2701.18,2705.77,16337,322
1760881100000,RB2501,3989.94,4002.96,3984.42,4000.62,16518,322
1760881100000,HC2501,2706.16,2706.16,2679.52,2681.2,16971,322
1760881105000,RB2501,4000.73,4006.64,3990.01,4001.07,16466,322
1760881105000,HC2501,2682.19,2690.55,2667.38,2688.44,16601,322
1760881110000,RB2501,4001.25,4023.39,3999.48,4019.43,15986,322
1760881110000,HC2501,2688.65,2689.6,2672.32,2681.89,17107,322
1760881115000,RB2501,4018.64,4019.21,4005.02,4007.5,16187,323
1760881115000,HC2501,2681.1,2692.66,2675.95,2691.52,16306,323
1760881120000,RB2501,4008.43,4028.28,4007.89,4025.3,16084,322
1760881120000,HC2501,2691.92,2693,2678.74,2682.64,17326,322
1760881125000,RB2501,4025.14,4025.66,4012.28,4013.56,16318,322
1760881125000,HC2501,2682.12,2685.66,2665.08,2666.19,16512,322
1760881130000,RB2501,4014.31,4017.45,3997.58,4006.13,16202,322
1760881130000,HC2501,2665.35,2665.35,2655.14,2660.23,16610,322
1760881135000,RB2501,4005.49,4020.26,4005.49,4015.49,16997,322
1760881135000,HC2501,2659.36,2675.32,2651.38,2671.6,16476,322
1760881140000,RB2501,4016.36,4021.57,4010.2,4016,16704,322
1760881140000,HC2501,2671.76,2676.82,2648.46,2651.67,16674,322
1760881145000,RB2501,4015.72,4026.86,4002.41,4025.49,16538,323
1760881145000,HC2501,2651.47,2654.46,2641.37,2649.27,16918,323
1760881150000,RB2501,4025.56,4031.19,4020.04,4026.29,17028,322
1760881150000,HC2501,2648.66,2651.61,2629.39,2631.5,16364,322
1760881155000,RB2501,4026.67,4028.68,4016.65,4027.73,16160,322
1760881155000,HC2501,2632.34,2632.7,2622.83,2624.45,16534,322
1760881160000,RB2501,4027.65,4044.04,4015.8,4042.08,16026,323
1760881160000,HC2501,2624.66,2635.24,2623.43,2630.55,16264,323
t_start_ms,i,o,h,l,c,v,n
1760883045000,RB2501,3000.87,3002.04,2990.95,2990.95,6458,126
1760883045000,HC2501,3000.57,3010.17,2999.19,3009.44,6815,126
1760883050000,RB2501,2990.56,3002.41,2990.25,2997.55,16302,324
1760883050000,HC2501,3010.07,3010.07,2994.99,2999.73,16398,324
1760883055000,RB2501,2997.07,3019.18,2996.12,3015.52,17024,324
1760883055000,HC2501,3000.35,3002.75,2989.71,2994.13,16020,324
1760883060000,RB2501,3016.37,3033.21,3016.37,3022.18,16243,325
1760883060000,HC2501,2993.26,3002.26,2990.45,2993.13,16493,325
1760883065000,RB2501,3021.24,3038.41,3021.24,3036.83,16693,324
1760883065000,HC2501,2993.15,3010.22,2991.59,3001.49,15855,324
1760883070000,RB2501,3036.38,3041.44,3026.6,3038.38,16544,324
1760883070000,HC2501,3001.04,3009.52,3000.34,3001.23,16390,324
1760883075000,RB2501,3039.28,3039.46,3017.39,3026.07,16491,324
1760883075000,HC2501,3002.15,3022.61,2999.08,3018.69,16966,324
1760883080000,RB2501,3026.56,3043.4,3025.84,3035.06,16503,324
1760883080000,HC2501,3019.53,3040.36,3019.06,3034.43,17033,324
1760883085000,RB2501,3035.87,3041.06,3026.09,3034.74,17085,324
1760883085000,HC2501,3033.75,3037.82,3020.29,3025.1,16306,324
1760883090000,RB2501,3035.48,3036.37,3023.6,3025.77,16467,324
1760883090000,HC2501,3024.44,3025.21,2992.29,2993.45,16388,324
1760883095000,RB2501,3026.63,3027.67,3015.68,3018.3,16041,324
1760883095000,HC2501,2993.2,2993.2,2981.67,2986.49,16992,324
1760883100000,RB2501,3017.78,3033.1,3017.59,3026.21,16341,324
1760883100000,HC2501,2986.7,2987.91,2967.34,2972.67,16705,324
1760883105000,RB2501,3026.92,3055.31,3025.45,3054.83,16840,324
1760883105000,HC2501,2971.93,2973.4,2966.25,2968.94,15937,324
1760883110000,RB2501,3054.76,3055.68,3043.01,3049.72,16798,324
1760883110000,HC2501,2969.85,2983.93,2969.85,2974.26,15981,324
1760883115000,RB2501,3050.3,3055.74,3032.77,3032.77,16155,325
1760883115000,HC2501,2974.51,2983.69,2966.91,2973.91,16444,325
1760883120000,RB2501,3033.27,3036.41,3022.01,3030.68,16378,324
1760883120000,HC2501,2974.91,2979.42,2971.3,2973.65,16631,324
1760883125000,RB2501,3030.6,3033.31,3019.03,3026.91,16661,325
1760883125000,HC2501,2973.06,2979.19,2956.51,2963.04,16747,325
1760883130000,RB2501,3027.15,3034.48,3022.44,3033.17,16882,324
1760883130000,HC2501,2963.36,2964.45,2946.12,2955.37,16880,324
1760883135000,RB2501,3034.07,3035.96,3020.68,3026.75,17025,325
1760883135000,HC2501,2955.01,2965.65,2950.48,2961.54,16684,325
1760883140000,RB2501,3027.57,3038.85,3023.22,3038.29,16482,324
1760883140000,HC2501,2961.96,2964.42,2950.44,2958.36,15558,324
1760883145000,RB2501,3038.11,3043.3,3027.64,3042.79,16907,323
1760883145000,HC2501,2958.36,2961.93,2942.78,2946.93,16343,323
1760883150000,RB2501,3043.76,3048.06,3034.23,3046.02,16424,325
1760883150000,HC2501,2946.89,2953.55,2936.03,2945.86,16571,325
1760883155000,RB2501,3045.18,3058.39,3045.18,3057.87,17070,325
1760883155000,HC2501,2946.76,2946.94,2928.1,2933.76,16521,325
1760883160000,RB2501,3058.28,3068.51,3058.28,3060.89,16979,323
1760883160000,HC2501,2934.44,2943.49,2931.27,2942.24,16761,323
1760883165000,RB2501,3061.18,3063.86,3051.38,3059.32,16649,324
1760883165000,HC2501,2943.04,2947.69,2927.81,2942.02,16519,324
1760883170000,RB2501,3059.66,3070.88,3052.38,3066.86,16827,324
1760883170000,HC2501,2942.2,2952.21,2938.33,2946.38,16534,324
1760883175000,RB2501,3066.36,3067.23,3055.68,3055.68,16100,324
1760883175000,HC2501,2946.56,2951.56,2938.59,2942.7,16544,324
1760883180000,RB2501,3056.17,3067.86,3055.65,3064.16,16845,324
1760883180000,HC2501,2942,2953.86,2937.5,2947.1,16743,324
1760883185000,RB2501,3064.88,3071.31,3061.12,3061.12,16513,324
1760883185000,HC2501,2946.24,2952.97,2936.89,2940.51,16675,324
1760883190000,RB2501,3061.24,3080.95,3060.27,3079.29,16783,325
1760883190000,HC2501,2940.47,2940.89,2932.39,2936.13,16390,325
1760883195000,RB2501,3079.43,3081.01,3065.23,3066.74,16317,323
1760883195000,HC2501,2935.45,2939.03,2925.36,2925.36,16635,323
1760883200000,RB2501,3066.24,3076.91,3060.03,3069.24,16102,323
1760883200000,HC2501,2925.37,2935.63,2923.92,2929.75,16586,323
1760883205000,RB2501,3069.63,3070.53,3057.95,3066.24,16408,324
1760883205000,HC2501,2930.26,2940.47,2925.6,2935.7,16356,324
1760883210000,RB2501,3066.19,3072.26,3047.28,3047.79,17599,324
1760883210000,HC2501,2936.38,2955.38,2935.45,2950.79,16528,324
1760883215000,RB2501,3047.41,3048.82,3036.59,3046.73,16593,324
1760883215000,HC2501,2951.43,2954.43,2941.54,2942.64,16449,324
1760883220000,RB2501,3047.59,3059.94,3047.42,3057.12,16568,324
1760883220000,HC2501,2942.01,2955.68,2939.32,2949.45,16414,324
1760883225000,RB2501,3057.71,3067.17,3057.47,3058.96,16549,324
1760883225000,HC2501,2949.84,2956.87,2940.48,2955.09,16541,324
1760883230000,RB2501,3059.12,3059.12,3037.04,3037.04,16659,324
1760883230000,HC2501,2954.51,2956.03,2939.97,2943.52,16100,324
1760883235000,RB2501,3037.15,3048.67,3036.9,3047.04,16969,325
1760883235000,HC2501,2943.1,2946.26,2932.28,2935.02,16078,325
1760883240000,RB2501,3047.15,3047.19,3035.11,3036.51,16573,324
1760883240000,HC2501,2934.91,2940.91,2926.47,2936.82,16839,324
1760883245000,RB2501,3037.3,3037.3,3028.28,3035.03,16430,323
1760883245000,HC2501,2936.01,2953.43,2930.84,2951.63,16202,323
1760883250000,RB2501,3034.99,3047.94,3034.14,3046.1,16693,324
1760883250000,HC2501,2952.36,2970.84,2950.31,2963.8,16064,324
1760883255000,RB2501,3046.31,3062.25,3036.69,3058.14,16304,324
1760883255000,HC2501,2963.36,2971.56,2948.95,2950.15,16401,324
1760883260000,RB2501,3058.54,3071.44,3058.24,3066.38,16040,324
1760883260000,HC2501,2949.24,2953.35,2942.76,2950.84,16900,324
1760883265000,RB2501,3065.53,3071.52,3059.76,3066.67,16434,325
1760883265000,HC2501,2951.05,2962.84,2947.75,2954.97,16405,325
1760883270000,RB2501,3067.37,3081.89,3062.27,3068.78,16979,323
1760883270000,HC2501,2954.97,2959.5,2943.74,2950.31,15920,323
1760883275000,RB2501,3069.42,3071,3057.94,3059.3,16034,324
1760883275000,HC2501,2951,2960.86,2932.92,2937.03,16689,324
1760883280000,RB2501,3060.26,3061.92,3051.95,3055.66,16905,324
1760883280000,HC2501,2936.08,2944.04,2933.61,2939.56,16582,324
1760883285000,RB2501,3055.42,3077.39,3054.59,3067.18,16432,324
1760883285000,HC2501,2939.35,2954.29,2936.7,2948.54,16717,324
1760883290000,RB2501,3066.86,3073.13,3050.83,3053.58,16824,323
1760883290000,HC2501,2948.96,2953.96,2943.55,2947.16,16731,323
1760883295000,RB2501,3053.75,3068.51,3052.02,3066.65,16667,325
1760883295000,HC2501,2947.72,2948.78,2927.17,2929.76,16743,325
1760883300000,RB2501,3066.26,3067.46,3055.33,3064.37,17052,324
1760883300000,HC2501,2929.77,2934,2921.82,2930.27,16340,324
1760883305000,RB2501,3064.79,3073.79,3059.69,3064.72,16942,323
1760883305000,HC2501,2930.57,2937.83,2920.46,2927.9,16677,323
1760883310000,RB2501,3064.86,3067.53,3056.77,3058.15,16708,324
1760883310000,HC2501,2927.4,2931.01,2915.69,2916.57,16579,324
1760883315000,RB2501,3057.99,3064.48,3050.52,3055.42,16420,324
1760883315000,HC2501,2917.4,2935.83,2916.66,2930.05,16403,324
1760883320000,RB2501,3054.66,3055.39,3028.4,3031.58,16646,324
1760883320000,HC2501,2929.31,2938.2,2923.48,2936.06,16428,324
1760883325000,RB2501,3032.02,3035.33,3020.22,3028.83,16903,324
1760883325000,HC2501,2935.12,2939.19,2919.22,2921.75,16472,324
1760883330000,RB2501,3029.64,3030.35,3023.24,3029.45,16197,324
1760883330000,HC2501,2921.84,2926.96,2916.97,2920.75,16715,324
1760883335000,RB2501,3029.35,3051.03,3028.34,3051.03,16579,323
1760883335000,HC2501,2920.42,2935.11,2918.14,2919.5,16707,323
1760883340000,RB2501,3050.1,3050.1,3035.39,3045.4,16304,324
1760883340000,HC2501,2920.49,2932.39,2917.93,2927.62,16212,324
1760883345000,RB2501,3044.57,3048.26,3036.57,3036.57,16674,323
1760883345000,HC2501,2927.15,2929.76,2913,2916.68,17108,323
1760883350000,RB2501,3035.8,3035.8,3006.19,3009.69,15931,324
1760883350000,HC2501,2917.44,2917.87,2910.68,2915.43,16319,324
1760883355000,RB2501,3009.06,3014.74,3001.17,3002.66,16692,324
1760883355000,HC2501,2915.75,2916.87,2910.04,2910.67,16512,324
1760883360000,RB2501,3002.17,3002.23,2985.61,2988.01,16203,324
1760883360000,HC2501,2909.85,2930.51,2908.62,2929.94,16161,324
1760883365000,RB2501,2988.02,2994.99,2980.89,2982.97,16549,324
1760883365000,HC2501,2929.12,2942.27,2929.12,2938.31,16624,324
1760883370000,RB2501,2982.71,3001.56,2981.69,2993.25,16569,324
1760883370000,HC2501,2939,2946.67,2938.64,2941.56,16989,324
1760883375000,RB2501,2992.36,2997.98,2983.37,2986.11,16791,324
1760883375000,HC2501,2941.63,2946.84,2938.16,2938.55,16417,324
1760883380000,RB2501,2986.94,2990.64,2974.54,2976.38,15894,325
1760883380000,HC2501,2938.58,2947.06,2932.63,2935.54,16631,325
1760883385000,RB2501,2975.4,2983.34,2965.04,2968.64,16820,323
1760883385000,HC2501,2935.17,2952.82,2931.22,2939.66,16120,323
1760883390000,RB2501,2967.99,2979.07,2962.26,2979.07,17275,325
1760883390000,HC2501,2939.71,2958.24,2939.71,2956.65,16049,325
1760883395000,RB2501,2979.87,2985.77,2976.24,2985.15,16527,324
1760883395000,HC2501,2956.8,2957.43,2946,2954.1,16822,324
1760883400000,RB2501,2984.48,2989.75,2973.96,2979.8,16739,324
1760883400000,HC2501,2954.66,2964.79,2950.15,2957.2,16940,324
1760883405000,RB2501,2980.27,2983.37,2957.94,2960.75,16729,323
1760883405000,HC2501,2957.42,2961.12,2950.6,2955.5,16730,323
1760883410000,RB2501,2960.64,2972.52,2958.51,2969.58,17243,324
1760883410000,HC2501,2955.46,2957.79,2946.6,2950.67,15907,324
1760883415000,RB2501,2970.3,2977.87,2964.99,2965.91,16268,325
1760883415000,HC2501,2950.24,2955.91,2931.26,2935.62,16953,325
1760883420000,RB2501,2966.21,2972.19,2955.67,2959.99,16617,323
1760883420000,HC2501,2934.82,2956.92,2934.82,2944.64,16361,323
1760883425000,RB2501,2960.01,2960.59,2941.67,2945.02,16269,323
1760883425000,HC2501,2944.4,2951.31,2941.24,2942.45,16049,323
1760883430000,RB2501,2944.99,2959.44,2939.09,2958.51,16659,324
1760883430000,HC2501,2942.75,2959.32,2937.56,2950.89,16754,324
1760883435000,RB2501,2957.71,2969.64,2957.11,2965.42,15879,324
1760883435000,HC2501,2950.88,2956.28,2939.56,2944.32,16509,324
1760883440000,RB2501,2965.58,2979.77,2965.58,2973.48,16631,324
1760883440000,HC2501,2943.71,2957.28,2938.47,2942.68,16366,324
1760883445000,RB2501,2973.09,2978.64,2970.44,2970.85,16676,323
1760883445000,HC2501,2943.57,2953.87,2943.05,2953.21,16505,323
1760883450000,RB2501,2970.06,2974.95,2962.75,2966.24,16497,324
1760883450000,HC2501,2952.93,2966.97,2950.78,2957.96,16960,324
1760883455000,RB2501,2966.28,2989.33,2964.79,2986.73,16035,324
1760883455000,HC2501,2958.13,2959.84,2939.99,2951.87,16512,324
1760883460000,RB2501,2986.04,3003.93,2984.54,3000.95,16266,324
1760883460000,HC2501,2952.61,2957.53,2943.58,2944.27,16278,324
1760883465000,RB2501,3000.05,3009.32,2992.15,3008.25,16322,323
1760883465000,HC2501,2944.37,2945.41,2932.46,2935.79,16407,323
1760883470000,RB2501,3009.04,3020.86,3006.01,3017.16,17080,324
1760883470000,HC2501,2935.05,2935.84,2912.77,2915.15,16472,324
1760883475000,RB2501,3016.37,3028.53,3013.08,3017.55,16070,324
1760883475000,HC2501,2915.06,2924.61,2911.36,2923.09,16967,324
1760883480000,RB2501,3017.12,3023.03,3006.75,3007.94,15963,324
1760883480000,HC2501,2923.13,2932.66,2920.93,2932.66,15869,324
1760883485000,RB2501,3007.39,3007.87,2992.71,2998.4,16389,324
1760883485000,HC2501,2932.02,2941.77,2923.67,2927.45,16730,324
1760883490000,RB2501,2997.47,3005.49,2992.34,2994.06,16485,324
1760883490000,HC2501,2926.58,2929.02,2917.41,2919.93,16422,324
1760883495000,RB2501,2993.97,2994.57,2982.96,2990.13,16168,324
1760883495000,HC2501,2920.38,2921.61,2912.96,2920.23,16582,324
1760883500000,RB2501,2989.4,2998.56,2986.56,2989.59,16151,323
1760883500000,HC2501,2920.47,2927.76,2916.33,2927.76,16489,323
1760883505000,RB2501,2989.24,3008.41,2988.87,2998.66,16273,324
1760883505000,HC2501,2928,2937.08,2924.9,2925.22,16530,324
1760883510000,RB2501,2998.53,3001.27,2983.25,2989.55,16619,324
1760883510000,HC2501,2925.79,2947.14,2925.79,2943.79,17259,324
1760883515000,RB2501,2988.71,2993.16,2979.53,2991.11,16724,325
1760883515000,HC2501,2943.46,2944.28,2927.1,2936.06,16988,325
1760883520000,RB2501,2991.2,2994.68,2978.23,2990.39,16413,325
1760883520000,HC2501,2936.26,2945.61,2934.51,2943.58,17208,325
1760883525000,RB2501,2989.67,3006.92,2989.67,3004.93,15922,326
1760883525000,HC2501,2942.73,2944.81,2933.4,2939.12,16204,326
1760883530000,RB2501,3003.98,3009.58,3000.93,3005.67,16172,325
1760883530000,HC2501,2939.83,2941.59,2921.94,2921.94,16167,325
1760883535000,RB2501,3004.79,3015.12,2998.68,3008.42,16924,324
1760883535000,HC2501,2921.12,2928.49,2913.52,2927.45,16226,324
1760883540000,RB2501,3007.54,3025.8,3006.62,3025.68,16382,325
1760883540000,HC2501,2927.48,2928.91,2912.78,2917.62,16181,325
1760883545000,RB2501,3025.43,3036.53,3022.58,3026.63,17112,325
1760883545000,HC2501,2917.21,2928.88,2916.4,2927.15,17102,325
1760883550000,RB2501,3026.21,3032.35,3007.31,3013.72,17291,324
1760883550000,HC2501,2927.6,2932.06,2910.86,2922.94,17441,324
1760883555000,RB2501,3013.81,3021.87,3013.71,3016.95,16792,325
1760883555000,HC2501,2922.5,2938.08,2919.8,2936.93,16162,325
1760883560000,RB2501,3016.98,3029.61,3009.06,3024.33,16942,324
1760883560000,HC2501,2937.45,2938.12,2921.76,2935.64,16084,324
1760883565000,RB2501,3023.84,3041.84,3022.1,3041.84,16466,324
1760883565000,HC2501,2936.16,2938.51,2922.68,2923.6,16667,324
1760883570000,RB2501,3042.21,3043.34,3022.06,3032.2,16618,325
1760883570000,HC2501,2924.14,2925.66,2915.87,2916.61,16527,325
1760883575000,RB2501,3032.25,3033.7,3022.1,3029.62,16385,325
1760883575000,HC2501,2917.36,2936.55,2916.15,2935.96,15533,325
1760883580000,RB2501,3029.73,3039.66,3027.81,3032.25,17005,325
1760883580000,HC2501,2935.5,2938.65,2927.79,2931.19,16680,325
1760883585000,RB2501,3032.05,3052.41,3031.51,3046.01,16475,325
1760883585000,HC2501,2930.26,2940.14,2921.78,2921.81,17394,325
1760883590000,RB2501,3045.54,3059.97,3045.2,3059.97,16133,324
1760883590000,HC2501,2921.55,2932.54,2919.54,2926.48,16786,324
1760883595000,RB2501,3059.32,3066.25,3058.27,3059.94,16426,326
1760883595000,HC2501,2927.24,2952.69,2925.85,2948.23,16772,326
1760883600000,RB2501,3059.39,3087.85,3058.31,3086.58,16315,324
1760883600000,HC2501,2948.73,2962.07,2945.67,2956.28,16882,324
t_start_ms,i,o,h,l,c,v,n
1760884800000,RB2501,2999.02,3011.1,2987.15,3005.36,14422,281
1760884800000,HC2501,2999.96,3008.81,2995.32,3008.81,14610,281
1760884805000,RB2501,3005.35,3008.3,2986.55,2987.03,17076,324
1760884805000,HC2501,3009.45,3029.56,3005.33,3027.25,17214,324
1760884810000,RB2501,2986.32,2997.22,2984.36,2989.61,17156,324
1760884810000,HC2501,3028.15,3037.76,3025.28,3036.06,15585,324
1760884815000,RB2501,2988.66,2991.74,2981.22,2989.39,16228,325
1760884815000,HC2501,3036.41,3047.7,3032.16,3047.7,16318,325
1760884820000,RB2501,2989.43,3018.23,2989.43,3016.79,16669,324
1760884820000,HC2501,3047.83,3059.57,3042.57,3059.43,17021,324
1760884825000,RB2501,3016.19,3016.49,2996.88,3009.14,16474,325
1760884825000,HC2501,3058.62,3061.42,3044.56,3049.53,16493,325
1760884830000,RB2501,3009.47,3009.89,2999.89,3005.1,16873,325
1760884830000,HC2501,3049.22,3059.94,3045.95,3056.17,15967,325
1760884835000,RB2501,3005.42,3023.31,3005.42,3020.51,16823,326
1760884835000,HC2501,3055.24,3066.85,3053.64,3054.35,16106,326
1760884840000,RB2501,3021.26,3027.26,3016.57,3018.24,16109,324
1760884840000,HC2501,3053.94,3055.62,3036.18,3040.17,17018,324
1760884845000,RB2501,3018.21,3028.21,3017.47,3024.43,15920,326
1760884845000,HC2501,3040.98,3051.26,3038.22,3050.2,16624,326
1760884850000,RB2501,3023.76,3043.51,3023.05,3043.05,16993,326
1760884850000,HC2501,3049.96,3060.19,3043.37,3058.87,16378,326
1760884855000,RB2501,3043.76,3044.38,3026.34,3032.46,16650,325
1760884855000,HC2501,3058.58,3071.34,3054.81,3064.2,16512,325
1760884860000,RB2501,3031.56,3039.17,3021.76,3023.36,16309,326
1760884860000,HC2501,3064.59,3068.22,3058.47,3062.08,16522,326
1760884865000,RB2501,3024.13,3045.39,3022.63,3045.39,16858,325
1760884865000,HC2501,3061.16,3076.54,3059.8,3068.76,17076,325
1760884870000,RB2501,3045.96,3060.83,3038.87,3049.46,16601,326
1760884870000,HC2501,3069.36,3070.2,3052.34,3057.5,17192,326
1760884875000,RB2501,3048.69,3052.1,3039.07,3048.24,16511,325
1760884875000,HC2501,3056.5,3059.29,3044.44,3053.15,16257,325
1760884880000,RB2501,3048.63,3054.6,3035.76,3037.68,16351,326
1760884880000,HC2501,3052.88,3071.64,3051.22,3071.28,17117,326
1760884885000,RB2501,3037.5,3040.26,3012.69,3016.6,16801,325
1760884885000,HC2501,3070.7,3080.19,3064.97,3070.13,16866,325
1760884890000,RB2501,3015.66,3019.9,3004.84,3011.9,17018,325
1760884890000,HC2501,3069.92,3070.51,3059.65,3066.28,16406,325
1760884895000,RB2501,3012.36,3029.4,3010.65,3028.58,16642,325
1760884895000,HC2501,3065.72,3068.24,3055.09,3064.82,16747,325
1760884900000,RB2501,3028.51,3034.17,3023.43,3032.22,16780,325
1760884900000,HC2501,3064.6,3077.96,3057.16,3077.62,16675,325
1760884905000,RB2501,3031.42,3046.1,3028.9,3039.14,16816,325
1760884905000,HC2501,3076.93,3083.58,3074.02,3077.32,17312,325
1760884910000,RB2501,3038.47,3042.55,3025.45,3040.12,16702,325
1760884910000,HC2501,3076.9,3083.11,3070.94,3076.39,16437,325
1760884915000,RB2501,3039.26,3053.84,3033.3,3052.97,16407,325
1760884915000,HC2501,3075.87,3085.98,3074.34,3077.59,16840,325
1760884920000,RB2501,3052.95,3053.5,3041.98,3048.99,16077,324
1760884920000,HC2501,3077.57,3082.88,3073.1,3077.78,16753,324
1760884925000,RB2501,3049.47,3063.81,3046.11,3057.48,16179,325
1760884925000,HC2501,3077.44,3079.96,3066.02,3076.47,16214,325
1760884930000,RB2501,3057.32,3060.88,3045.83,3058.11,16757,323
1760884930000,HC2501,3075.86,3076.82,3055.23,3065.32,16490,323
1760884935000,RB2501,3058.11,3063.22,3054.2,3055.75,16715,324
1760884935000,HC2501,3065.47,3072.25,3058.48,3059.89,16840,324
1760884940000,RB2501,3054.98,3065.18,3051.02,3063.14,16210,323
1760884940000,HC2501,3059.61,3067.54,3056.06,3064.61,16111,323
1760884945000,RB2501,3063.83,3072.52,3053.78,3054.55,15999,324
1760884945000,HC2501,3063.92,3077.78,3061.57,3070.44,16711,324
1760884950000,RB2501,3055.18,3062,3049.01,3054.05,15638,324
1760884950000,HC2501,3070.11,3087.47,3067.97,3086.55,17004,324
1760884955000,RB2501,3053.6,3062.79,3049.03,3060.05,16705,324
1760884955000,HC2501,3086.14,3095.62,3083.89,3095.62,16872,324
1760884960000,RB2501,3060.69,3060.99,3044.36,3052.56,15618,324
1760884960000,HC2501,3095.24,3099.94,3093.12,3096.29,16640,324
1760884965000,RB2501,3052.9,3055.74,3043.29,3054.17,15989,324
1760884965000,HC2501,3095.32,3107.27,3094.76,3104.24,16520,324
1760884970000,RB2501,3053.96,3067.8,3051.11,3067.11,16723,325
1760884970000,HC2501,3104.6,3117.33,3104.11,3107.01,16771,325
1760884975000,RB2501,3067.28,3072.15,3060.95,3071.57,16374,323
1760884975000,HC2501,3107.6,3115,3100.8,3101.94,16464,323
1760884980000,RB2501,3070.62,3079.42,3064.26,3073.77,16408,324
1760884980000,HC2501,3102.88,3120.65,3099.72,3119.53,16805,324
1760884985000,RB2501,3072.87,3092.08,3072.26,3090.93,16858,324
1760884985000,HC2501,3118.64,3122.29,3110.68,3120.68,16497,324
1760884990000,RB2501,3090.56,3090.56,3064.12,3067.83,16656,324
1760884990000,HC2501,3120.87,3122.75,3105.75,3107.29,16305,324
1760884995000,RB2501,3068.75,3073.84,3060.14,3067.5,16623,325
1760884995000,HC2501,3106.92,3114.25,3100.47,3110.47,16288,325
1760885000000,RB2501,3066.56,3068.32,3044.19,3044.19,16971,324
1760885000000,HC2501,3110.09,3113.44,3103.25,3113.29,16410,324
1760885005000,RB2501,3044.15,3048.58,3034.69,3042.52,17215,324
1760885005000,HC2501,3112.53,3122.65,3112.04,3122.65,15911,324
1760885010000,RB2501,3042.91,3057.15,3039,3053.56,16540,323
1760885010000,HC2501,3123.17,3131.12,3115,3117.07,16334,323
1760885015000,RB2501,3052.82,3074.34,3050.71,3073.41,16863,323
1760885015000,HC2501,3116.26,3132.96,3114.32,3132.96,16345,323
1760885020000,RB2501,3074.15,3074.15,3063.44,3070.87,17024,325
1760885020000,HC2501,3133.61,3138.19,3125.45,3130.92,16231,325
1760885025000,RB2501,3070.37,3071.77,3056.86,3066.94,16146,324
1760885025000,HC2501,3131.71,3144.63,3129.15,3130.73,16273,324
1760885030000,RB2501,3067.8,3076.96,3066.47,3070.21,16614,324
1760885030000,HC2501,3130.85,3137.08,3124.63,3130.66,16298,324
1760885035000,RB2501,3071.09,3072.24,3060.11,3061.01,16890,324
1760885035000,HC2501,3130.47,3151.38,3129.44,3150.34,16468,324
1760885040000,RB2501,3060.56,3062.83,3048.92,3056.22,16432,324
1760885040000,HC2501,3150.59,3154.35,3139.84,3139.84,15850,324
1760885045000,RB2501,3056.67,3056.67,3032.82,3032.82,16306,324
1760885045000,HC2501,3139.35,3165.1,3137.97,3157.96,16550,324
1760885050000,RB2501,3032.71,3054.43,3029.4,3051.34,16423,325
1760885050000,HC2501,3157.78,3160.13,3136.97,3137.11,17001,325
1760885055000,RB2501,3050.59,3059.61,3047.66,3059.61,16933,323
1760885055000,HC2501,3137.49,3140.18,3129.41,3130.53,16720,323
1760885060000,RB2501,3059.55,3068.77,3054.83,3061.41,16747,324
1760885060000,HC2501,3130.83,3131.38,3120.95,3127.48,16690,324
1760885065000,RB2501,3062.4,3063.57,3035.32,3036.24,16057,322
1760885065000,HC2501,3126.59,3147.11,3126.13,3145.97,16473,322
1760885070000,RB2501,3035.86,3053.15,3033.94,3049.95,16221,323
1760885070000,HC2501,3146.42,3146.65,3128.54,3134.17,17278,323
1760885075000,RB2501,3049.97,3050.64,3027.54,3031.47,16973,323
1760885075000,HC2501,3133.49,3150.25,3132.3,3147.96,16535,323
1760885080000,RB2501,3031.58,3032.26,3019.25,3024.55,16168,323
1760885080000,HC2501,3148.32,3149.02,3135.93,3138.49,17076,323
1760885085000,RB2501,3023.74,3025.32,3009.23,3018.03,16613,325
1760885085000,HC2501,3138.67,3146.06,3135.91,3146,16705,325
1760885090000,RB2501,3017.45,3043.27,3017.31,3042.6,17013,325
1760885090000,HC2501,3146.35,3164.18,3139.48,3157.51,16165,325
1760885095000,RB2501,3042.21,3042.21,3021.93,3022.82,17100,324
1760885095000,HC2501,3158.08,3163.68,3153.05,3154.36,16971,324
1760885100000,RB2501,3023.45,3031.87,3016.25,3025.82,16299,324
1760885100000,HC2501,3153.67,3170.55,3150.7,3163.57,16642,324
1760885105000,RB2501,3026.54,3033,3021.26,3029.29,16486,325
1760885105000,HC2501,3164.31,3180.85,3157.56,3176.46,16237,325
1760885110000,RB2501,3029.57,3040.85,3029.57,3035.97,16991,324
1760885110000,HC2501,3176.87,3183.76,3174.4,3182.79,16537,324
1760885115000,RB2501,3035.18,3035.18,3027.43,3030.55,16138,324
1760885115000,HC2501,3183.69,3183.69,3160.37,3166.78,16649,324
1760885120000,RB2501,3031.4,3040.59,3027.12,3033.86,16277,324
1760885120000,HC2501,3167.76,3185.5,3166.72,3184.15,16767,324
1760885125000,RB2501,3033.49,3034.34,3014.97,3016.78,16566,324
1760885125000,HC2501,3184.98,3192.4,3174.72,3180.24,16745,324
1760885130000,RB2501,3016.6,3030.52,3013.17,3024.08,16724,324
1760885130000,HC2501,3179.48,3189.9,3163.74,3164.32,16797,324
1760885135000,RB2501,3024.75,3026.18,3018.1,3021.45,16903,324
1760885135000,HC2501,3164.36,3183.2,3160.95,3182.23,17407,324
1760885140000,RB2501,3020.76,3026.9,3010.01,3020.32,16877,324
1760885140000,HC2501,3183.15,3192.05,3177.06,3190.33,16479,324
1760885145000,RB2501,3021.09,3036.36,3018.82,3030.99,16437,324
1760885145000,HC2501,3189.52,3195.09,3181.37,3186.5,16550,324
1760885150000,RB2501,3030.22,3032.29,3023.53,3026.65,16663,325
1760885150000,HC2501,3186.67,3195.27,3177.57,3194.88,16206,325
1760885155000,RB2501,3025.75,3032.54,3018.76,3020.95,16391,326
1760885155000,HC2501,3194.71,3202.97,3184.47,3188.38,16648,326
t_start_ms,i,o,h,l,c,v,n
1760885295000,RB2501,3000.4,3000.4,2988.42,2992.09,6380,132
1760885295000,HC2501,2999.36,3003.63,2994.31,2995,6807,132
1760885300000,RB2501,2992.65,2992.87,2982.46,2991.86,16637,327
1760885300000,HC2501,2995.52,3012.69,2993.2,3005.13,16787,327
1760885305000,RB2501,2991.57,3007.61,2991.14,3003.36,16217,326
1760885305000,HC2501,3005.96,3010.64,3003.03,3008.07,17149,326
1760885310000,RB2501,3003.21,3017.71,3001.85,3011.1,16673,326
1760885310000,HC2501,3007.27,3007.27,2994.09,3003,16049,326
1760885315000,RB2501,3010.93,3012.21,3004.54,3011.14,16424,327
1760885315000,HC2501,3003.79,3009.9,2995.13,2995.13,16041,327
1760885320000,RB2501,3011.1,3019.34,3008.67,3014.05,16315,326
1760885320000,HC2501,2995.85,2996.96,2982.01,2988.49,16455,326
1760885325000,RB2501,3015.01,3015.42,3003.53,3013.86,16381,327
1760885325000,HC2501,2988.92,2997.56,2981.92,2989.83,17197,327
1760885330000,RB2501,3014.59,3028.86,3012.64,3020.35,15858,326
1760885330000,HC2501,2990.62,2995.74,2984.27,2993.21,16422,326
1760885335000,RB2501,3021.21,3025.98,3011.87,3015.12,16478,326
1760885335000,HC2501,2993.95,2995.75,2987.14,2991.84,16609,326
1760885340000,RB2501,3015.53,3017.48,3001.1,3005.16,15897,326
1760885340000,HC2501,2992.61,3003.19,2991.35,2994.61,16614,326
1760885345000,RB2501,3005.53,3018.93,3003.59,3018.93,15688,326
1760885345000,HC2501,2993.66,3002.5,2983.76,2991.99,16504,326
1760885350000,RB2501,3018.87,3019.49,3000.15,3010.81,16425,324
1760885350000,HC2501,2991.27,3010.48,2990.72,3006.82,16621,324
1760885355000,RB2501,3010.12,3022.65,3009.02,3013.26,16282,325
1760885355000,HC2501,3006.24,3007.47,2978.77,2978.77,16890,325
1760885360000,RB2501,3013.61,3014.69,3006.28,3008.19,17617,325
1760885360000,HC2501,2978.52,2990.28,2970.44,2990.03,16618,325
1760885365000,RB2501,3008.3,3020.58,3007.48,3020.48,16865,325
1760885365000,HC2501,2989.59,3001.41,2989.59,2997.17,16159,325
1760885370000,RB2501,3020.7,3027.91,3017.61,3019.17,17325,325
1760885370000,HC2501,2997.65,3004.15,2995.03,2998.33,16027,325
1760885375000,RB2501,3019.96,3021.12,3001.09,3017.41,16166,325
1760885375000,HC2501,2998.86,3000.95,2989.84,2998.64,16035,325
1760885380000,RB2501,3017.82,3037.02,3017.4,3022.48,15941,324
1760885380000,HC2501,2999.43,3004.25,2993.34,2998.59,16437,324
1760885385000,RB2501,3022.39,3024.02,3011.06,3012.04,16864,324
1760885385000,HC2501,2998.51,3002.12,2989.08,2996.18,15958,324
1760885390000,RB2501,3011.49,3016.95,2993.52,2994.66,17431,325
1760885390000,HC2501,2996.65,3003.98,2992.94,3000.81,16850,325
1760885395000,RB2501,2994.8,2996.79,2984.14,2988.58,16060,324
1760885395000,HC2501,3001.15,3001.96,2986.62,2994.33,16473,324
1760885400000,RB2501,2989.14,2994.64,2980.79,2987.88,16301,325
1760885400000,HC2501,2993.45,2994.04,2976.68,2982.48,16763,325
1760885405000,RB2501,2987.36,2992.63,2978.2,2979.22,16196,325
1760885405000,HC2501,2982.34,2982.4,2965.5,2976.12,17106,325
1760885410000,RB2501,2978.94,2992.84,2978.94,2982.1,16609,325
1760885410000,HC2501,2975.88,2990.44,2975.67,2988.08,16739,325
1760885415000,RB2501,2981.44,2990.61,2973.85,2980.4,16656,325
1760885415000,HC2501,2987.4,2994.21,2982.03,2988.44,16461,325
1760885420000,RB2501,2980.06,2980.75,2969.71,2980.75,16807,324
1760885420000,HC2501,2989.08,2991.2,2970.59,2973.08,15945,324
1760885425000,RB2501,2981.65,2989.75,2977.33,2979.31,16602,325
1760885425000,HC2501,2974.05,2981.07,2971.99,2977.74,15997,325
1760885430000,RB2501,2979.78,2983.3,2964.81,2970.84,16880,325
1760885430000,HC2501,2978.25,2986.89,2965.42,2965.42,16820,325
1760885435000,RB2501,2971.49,2986.3,2969.86,2985.57,16870,324
1760885435000,HC2501,2964.67,2979.25,2959.33,2972.65,16008,324
1760885440000,RB2501,2985.93,2987.06,2975.17,2976.99,16738,326
1760885440000,HC2501,2973.59,2979.73,2960.31,2960.93,16859,326
1760885445000,RB2501,2976.92,2990.94,2972.64,2989.1,16579,325
1760885445000,HC2501,2961.78,2975.77,2958.86,2968.1,17268,325
1760885450000,RB2501,2988.37,2993.04,2982.32,2983.97,16755,324
1760885450000,HC2501,2967.37,2967.7,2944.12,2950.67,16714,324
1760885455000,RB2501,2984.35,2988.52,2970.81,2971.43,16532,324
1760885455000,HC2501,2949.93,2971.97,2949.62,2970.06,16712,324
1760885460000,RB2501,2970.49,2979.17,2968.56,2970.32,15617,324
1760885460000,HC2501,2970.02,2970.59,2953.54,2963.85,16492,324
1760885465000,RB2501,2971.28,2979.78,2965.99,2971.98,17334,324
1760885465000,HC2501,2963.96,2965.75,2954.91,2961.03,16625,324
1760885470000,RB2501,2972.33,2975.86,2962.23,2974.58,16483,324
1760885470000,HC2501,2961.96,2971.38,2957.57,2965.77,16298,324
1760885475000,RB2501,2974.55,2989.54,2973.64,2987.36,17158,325
1760885475000,HC2501,2965.91,2971.33,2957.04,2960.45,16388,325
1760885480000,RB2501,2988.15,2994.09,2980.64,2981.45,17033,324
1760885480000,HC2501,2961.12,2976.67,2961.12,2967.3,15847,324
1760885485000,RB2501,2981.03,2981.65,2957.84,2968.89,16230,325
1760885485000,HC2501,2967.48,2970.43,2958.93,2961.4,16656,325
1760885490000,RB2501,2969.6,2985.13,2968.49,2974.28,15992,326
1760885490000,HC2501,2960.59,2965.23,2957.07,2959.35,16822,326
1760885495000,RB2501,2974.71,2979.62,2947.86,2949.32,16818,324
1760885495000,HC2501,2959.32,2959.32,2944.46,2957.79,16160,324
1760885500000,RB2501,2948.72,2950.85,2936.8,2936.8,16813,325
1760885500000,HC2501,2958.73,2982.36,2955.07,2976.91,16713,325
1760885505000,RB2501,2936.21,2937.03,2920.02,2923.47,17172,325
1760885505000,HC2501,2976.78,2983.99,2972.21,2974.42,16627,325
1760885510000,RB2501,2923.73,2931.83,2919.1,2928.22,16536,324
1760885510000,HC2501,2975.14,2980.46,2963.29,2965.74,16333,324
1760885515000,RB2501,2928.6,2932.82,2921.3,2929.04,16993,326
1760885515000,HC2501,2966.43,2967.35,2948.43,2954.84,16878,326
1760885520000,RB2501,2929.59,2930.06,2916.37,2920.54,16076,325
1760885520000,HC2501,2955.58,2963.89,2953.48,2956.7,16410,325
1760885525000,RB2501,2921.23,2933.52,2920.38,2931.8,16960,325
1760885525000,HC2501,2955.82,2968.69,2955.64,2965.41,16574,325
1760885530000,RB2501,2932.23,2940.4,2927.31,2930.92,16530,326
1760885530000,HC2501,2964.58,2966.48,2947.66,2949.83,16622,326
1760885535000,RB2501,2931.65,2937.84,2924.1,2931.88,16249,322
1760885535000,HC2501,2949.88,2968.86,2947.93,2968.82,15579,322
1760885540000,RB2501,2931.05,2941.8,2927.5,2941.8,16317,323
1760885540000,HC2501,2969.65,2978.68,2960.87,2978.07,16302,323
1760885545000,RB2501,2941.87,2949,2937.19,2944.89,16508,324
1760885545000,HC2501,2978.66,2985.33,2969.3,2973.69,16827,324
1760885550000,RB2501,2945.15,2948.87,2924.93,2928.78,16871,323
1760885550000,HC2501,2973.6,2979.31,2948.75,2949.49,16371,323
1760885555000,RB2501,2928.74,2943.09,2927.04,2934.72,16509,323
1760885555000,HC2501,2950.16,2958.88,2944.49,2949.59,15853,323
1760885560000,RB2501,2935.01,2937.93,2908.67,2909.64,16254,323
1760885560000,HC2501,2949.3,2962.78,2946.53,2960.1,16702,323
1760885565000,RB2501,2909.55,2909.55,2892.07,2897.94,16692,323
1760885565000,HC2501,2959.6,2965.1,2944.92,2946.45,16320,323
1760885570000,RB2501,2897.82,2910.48,2891.29,2908.53,16334,323
1760885570000,HC2501,2946.34,2948.12,2921.65,2928.98,16572,323
1760885575000,RB2501,2908.36,2910.5,2878.95,2881.33,16715,323
1760885575000,HC2501,2928.69,2932.57,2921.08,2926.38,16701,323
1760885580000,RB2501,2880.69,2884.2,2860.26,2861.67,16797,323
1760885580000,HC2501,2926.98,2931.49,2922.65,2922.89,16247,323
1760885585000,RB2501,2862.18,2865.51,2851.58,2860.97,16184,323
1760885585000,HC2501,2922.6,2929.72,2915.99,2923.97,16890,323
1760885590000,RB2501,2861.82,2866.48,2844.52,2844.81,17006,324
1760885590000,HC2501,2923.89,2935.24,2920.78,2922.2,16749,324
1760885595000,RB2501,2844.88,2853.25,2839.57,2851,16054,323
1760885595000,HC2501,2923.02,2923.48,2913.82,2918.48,17120,323
1760885600000,RB2501,2851.12,2852.87,2829.75,2831.57,16609,324
1760885600000,HC2501,2918.05,2922.97,2904.35,2918.02,16148,324
1760885605000,RB2501,2830.68,2837.68,2824.54,2837.04,16784,323
1760885605000,HC2501,2917.86,2945.02,2916.87,2944.38,16437,323
1760885610000,RB2501,2836.87,2848.46,2834.87,2842.47,16662,322
1760885610000,HC2501,2944.34,2956.47,2938.37,2943.76,16516,322
1760885615000,RB2501,2842.48,2852.81,2841.41,2846.72,16759,322
1760885615000,HC2501,2943.12,2947.51,2934.45,2935.73,16605,322
1760885620000,RB2501,2847.01,2849.35,283